solid auto-kdk-case
facet normal 0 -1 0
outer loop
vertex -16.5 -46.98472595214844 -3.450000047683716
vertex -15.92597484588623 -46.98472595214844 -3.564180612564087
vertex 61 -46.98472595214844 -3.700000047683716
endloop
endfacet
facet normal 0 0 1
outer loop
vertex 59.845298767089844 42.860572814941406 7.199999809265137
vertex 48.78682327270508 34.20767593383789 7.199999809265137
vertex 48.871009826660156 34.18511962890625 7.199999809265137
endloop
endfacet
facet normal 0 0 1
outer loop
vertex 59.845298767089844 42.860572814941406 7.199999809265137
vertex 48.70000076293945 34.215274810791016 7.199999809265137
vertex 48.78682327270508 34.20767593383789 7.199999809265137
endloop
endfacet
facet normal 0 0 1
outer loop
vertex 48.871009826660156 34.18511962890625 7.199999809265137
vertex 48.95000076293945 34.148284912109375 7.199999809265137
vertex 59.845298767089844 42.860572814941406 7.199999809265137
endloop
endfacet
facet normal 0 0 1
outer loop
vertex 49.021392822265625 34.098297119140625 7.199999809265137
vertex 49.08302307128906 34.03666687011719 7.199999809265137
vertex 59.845298767089844 42.860572814941406 7.199999809265137
endloop
endfacet
facet normal 0 0 -1
outer loop
vertex -30 -45.83002471923828 -5.699999809265137
vertex -58.5 -44.48472595214844 -5.699999809265137
vertex -30 -44.48472595214844 -5.699999809265137
endloop
endfacet
facet normal 0 0 1
outer loop
vertex 48.95000076293945 34.148284912109375 7.199999809265137
vertex 49.021392822265625 34.098297119140625 7.199999809265137
vertex 59.845298767089844 42.860572814941406 7.199999809265137
endloop
endfacet
facet normal 0 0 1
outer loop
vertex 49.16984558105469 33.88628387451172 7.199999809265137
vertex 59.845298767089844 42.860572814941406 7.199999809265137
vertex 49.13301086425781 33.965274810791016 7.199999809265137
endloop
endfacet
facet normal 0 0 1
outer loop
vertex 49.16984558105469 33.88628387451172 7.199999809265137
vertex 49.192405700683594 33.80209732055664 7.199999809265137
vertex 59.845298767089844 42.860572814941406 7.199999809265137
endloop
endfacet
facet normal 0 0 1
outer loop
vertex 49.192405700683594 33.80209732055664 7.199999809265137
vertex 49.20000076293945 33.715274810791016 7.199999809265137
vertex 59.845298767089844 42.860572814941406 7.199999809265137
endloop
endfacet
facet normal 0 0 1
outer loop
vertex 49.20000076293945 33.715274810791016 7.199999809265137
vertex 49.20000076293945 -31.68472671508789 7.199999809265137
vertex 59.845298767089844 42.860572814941406 7.199999809265137
endloop
endfacet
facet normal -1 0 0
outer loop
vertex 48.70000076293945 33.715274810791016 2.200000047683716
vertex 48.70000076293945 -31.68472671508789 2.200000047683716
vertex 48.70000076293945 33.715274810791016 6.199999809265137
endloop
endfacet
facet normal 1 0 0
outer loop
vertex 61 -46.98472595214844 5.199999809265137
vertex 61 44.01527404785156 -3.700000047683716
vertex 61 44.01527404785156 5.199999809265137
endloop
endfacet
facet normal 0 -1 0
outer loop
vertex -61 -46.98472595214844 -3.700000047683716
vertex -29.277292251586914 -46.98472595214844 -3.700000047683716
vertex -61 -46.98472595214844 5.199999809265137
endloop
endfacet
facet normal 0 0 1
outer loop
vertex 59.845298767089844 42.860572814941406 7.199999809265137
vertex -59.845298767089844 42.860572814941406 7.199999809265137
vertex 48.70000076293945 34.215274810791016 7.199999809265137
endloop
endfacet
facet normal 0 -1 0
outer loop
vertex -48.70000076293945 33.715274810791016 6.199999809265137
vertex 48.70000076293945 33.715274810791016 2.200000047683716
vertex 48.70000076293945 33.715274810791016 6.199999809265137
endloop
endfacet
facet normal 0 0 -1
outer loop
vertex 59.845298767089844 -45.83002471923828 -5.699999809265137
vertex 58.5 41.51527404785156 -5.699999809265137
vertex 59.845298767089844 42.860572814941406 -5.699999809265137
endloop
endfacet
facet normal 0 1 0
outer loop
vertex 61 44.01527404785156 -3.700000047683716
vertex -61 44.01527404785156 -3.700000047683716
vertex 61 44.01527404785156 5.199999809265137
endloop
endfacet
facet normal 0 0 -1
outer loop
vertex -58.5 41.51527404785156 -5.699999809265137
vertex 59.845298767089844 42.860572814941406 -5.699999809265137
vertex 58.5 41.51527404785156 -5.699999809265137
endloop
endfacet
facet normal 0 0 1
outer loop
vertex 49.20000076293945 -31.68472671508789 7.199999809265137
vertex 59.845298767089844 -45.83002471923828 7.199999809265137
vertex 59.845298767089844 42.860572814941406 7.199999809265137
endloop
endfacet
facet normal -1 0 0
outer loop
vertex 48.70000076293945 -31.68472671508789 6.199999809265137
vertex 48.70000076293945 33.715274810791016 6.199999809265137
vertex 48.70000076293945 -31.68472671508789 2.200000047683716
endloop
endfacet
facet normal 0 -1 0
outer loop
vertex -61 -46.98472595214844 5.199999809265137
vertex -29.277292251586914 -46.98472595214844 -3.700000047683716
vertex -29.074024200439453 -46.98472595214844 -3.564180612564087
endloop
endfacet
facet normal 0 -1 0
outer loop
vertex -61 -46.98472595214844 5.199999809265137
vertex -29.074024200439453 -46.98472595214844 -3.564180612564087
vertex -28.5 -46.98472595214844 -3.450000047683716
endloop
endfacet
facet normal 0 -1 0
outer loop
vertex -61 -46.98472595214844 5.199999809265137
vertex -28.5 -46.98472595214844 -3.450000047683716
vertex -16.5 -46.98472595214844 -3.450000047683716
endloop
endfacet
facet normal 0 0 1
outer loop
vertex 49.192405700683594 -31.77155113220215 7.199999809265137
vertex 59.845298767089844 -45.83002471923828 7.199999809265137
vertex 49.20000076293945 -31.68472671508789 7.199999809265137
endloop
endfacet
facet normal 0 0 1
outer loop
vertex 49.16984558105469 -31.855737686157227 7.199999809265137
vertex 59.845298767089844 -45.83002471923828 7.199999809265137
vertex 49.192405700683594 -31.77155113220215 7.199999809265137
endloop
endfacet
facet normal 0 0 1
outer loop
vertex 49.13301086425781 -31.93472671508789 7.199999809265137
vertex 59.845298767089844 -45.83002471923828 7.199999809265137
vertex 49.16984558105469 -31.855737686157227 7.199999809265137
endloop
endfacet
facet normal 0 0 1
outer loop
vertex 49.08302307128906 -32.00611877441406 7.199999809265137
vertex 59.845298767089844 -45.83002471923828 7.199999809265137
vertex 49.13301086425781 -31.93472671508789 7.199999809265137
endloop
endfacet
facet normal 0 0 1
outer loop
vertex 49.021392822265625 -32.0677490234375 7.199999809265137
vertex 59.845298767089844 -45.83002471923828 7.199999809265137
vertex 49.08302307128906 -32.00611877441406 7.199999809265137
endloop
endfacet
facet normal 0 0 1
outer loop
vertex 48.95000076293945 -32.117740631103516 7.199999809265137
vertex 59.845298767089844 -45.83002471923828 7.199999809265137
vertex 49.021392822265625 -32.0677490234375 7.199999809265137
endloop
endfacet
facet normal 0 0 1
outer loop
vertex 48.871009826660156 -32.154571533203125 7.199999809265137
vertex 59.845298767089844 -45.83002471923828 7.199999809265137
vertex 48.95000076293945 -32.117740631103516 7.199999809265137
endloop
endfacet
facet normal 0 0 1
outer loop
vertex 48.78682327270508 -32.17713165283203 7.199999809265137
vertex 59.845298767089844 -45.83002471923828 7.199999809265137
vertex 48.871009826660156 -32.154571533203125 7.199999809265137
endloop
endfacet
facet normal 0 0 1
outer loop
vertex 48.70000076293945 -32.18472671508789 7.199999809265137
vertex 59.845298767089844 -45.83002471923828 7.199999809265137
vertex 48.78682327270508 -32.17713165283203 7.199999809265137
endloop
endfacet
facet normal 0 0 1
outer loop
vertex 48.70000076293945 -32.18472671508789 7.199999809265137
vertex -59.845298767089844 -45.83002471923828 7.199999809265137
vertex 59.845298767089844 -45.83002471923828 7.199999809265137
endloop
endfacet
facet normal 0 0 1
outer loop
vertex 48.70000076293945 -32.18472671508789 7.199999809265137
vertex -14.353682518005371 -37.24913787841797 7.199999809265137
vertex -14.212987899780273 -37.29181671142578 7.199999809265137
endloop
endfacet
facet normal 0 0 1
outer loop
vertex -14.5 -37.23472595214844 7.199999809265137
vertex -14.353682518005371 -37.24913787841797 7.199999809265137
vertex 48.70000076293945 -32.18472671508789 7.199999809265137
endloop
endfacet
facet normal 0 0 1
outer loop
vertex -13.969670295715332 -37.45439529418945 7.199999809265137
vertex -13.876398086547852 -37.568050384521484 7.199999809265137
vertex 48.70000076293945 -32.18472671508789 7.199999809265137
endloop
endfacet
facet normal 0 0 1
outer loop
vertex -13.807090759277344 -37.697715759277344 7.199999809265137
vertex -13.764410972595215 -37.838409423828125 7.199999809265137
vertex 48.70000076293945 -32.18472671508789 7.199999809265137
endloop
endfacet
facet normal 0 0 1
outer loop
vertex -13.876398086547852 -37.568050384521484 7.199999809265137
vertex -13.807090759277344 -37.697715759277344 7.199999809265137
vertex 48.70000076293945 -32.18472671508789 7.199999809265137
endloop
endfacet
facet normal 0 0 1
outer loop
vertex -14.212987899780273 -37.29181671142578 7.199999809265137
vertex -14.083322525024414 -37.36112594604492 7.199999809265137
vertex 48.70000076293945 -32.18472671508789 7.199999809265137
endloop
endfacet
facet normal 0 0 1
outer loop
vertex -14.083322525024414 -37.36112594604492 7.199999809265137
vertex -13.969670295715332 -37.45439529418945 7.199999809265137
vertex 48.70000076293945 -32.18472671508789 7.199999809265137
endloop
endfacet
facet normal 0 0 1
outer loop
vertex -13.764410972595215 -37.838409423828125 7.199999809265137
vertex -13.75 -37.98472595214844 7.199999809265137
vertex 48.70000076293945 -32.18472671508789 7.199999809265137
endloop
endfacet
facet normal 0 0 1
outer loop
vertex -13.75 -37.98472595214844 7.199999809265137
vertex -13.764410972595215 -38.131046295166016 7.199999809265137
vertex 48.70000076293945 -32.18472671508789 7.199999809265137
endloop
endfacet
facet normal 0 0 1
outer loop
vertex -13.764410972595215 -38.131046295166016 7.199999809265137
vertex -13.807090759277344 -38.2717399597168 7.199999809265137
vertex 48.70000076293945 -32.18472671508789 7.199999809265137
endloop
endfacet
facet normal 0 0 1
outer loop
vertex -13.807090759277344 -38.2717399597168 7.199999809265137
vertex -13.876398086547852 -38.401405334472656 7.199999809265137
vertex 48.70000076293945 -32.18472671508789 7.199999809265137
endloop
endfacet
facet normal 0 0 1
outer loop
vertex -13.876398086547852 -38.401405334472656 7.199999809265137
vertex -13.969670295715332 -38.51505661010742 7.199999809265137
vertex 48.70000076293945 -32.18472671508789 7.199999809265137
endloop
endfacet
facet normal 0 0 1
outer loop
vertex -13.969670295715332 -38.51505661010742 7.199999809265137
vertex -14.083322525024414 -38.60832977294922 7.199999809265137
vertex 48.70000076293945 -32.18472671508789 7.199999809265137
endloop
endfacet
facet normal 0 0 1
outer loop
vertex -14.083322525024414 -38.60832977294922 7.199999809265137
vertex -14.212987899780273 -38.677635192871094 7.199999809265137
vertex 48.70000076293945 -32.18472671508789 7.199999809265137
endloop
endfacet
facet normal 0 0 1
outer loop
vertex -14.212987899780273 -38.677635192871094 7.199999809265137
vertex -14.353682518005371 -38.720314025878906 7.199999809265137
vertex 48.70000076293945 -32.18472671508789 7.199999809265137
endloop
endfacet
facet normal 0 1 0
outer loop
vertex 48.70000076293945 -31.68472671508789 2.200000047683716
vertex -48.70000076293945 -31.68472671508789 2.200000047683716
vertex 48.70000076293945 -31.68472671508789 6.199999809265137
endloop
endfacet
facet normal 0 -1 0
outer loop
vertex 61 -46.98472595214844 -3.700000047683716
vertex 61 -46.98472595214844 5.199999809265137
vertex -61 -46.98472595214844 5.199999809265137
endloop
endfacet
facet normal 1 0 0
outer loop
vertex 61 -46.98472595214844 -3.700000047683716
vertex 61 44.01527404785156 -3.700000047683716
vertex 61 -46.98472595214844 5.199999809265137
endloop
endfacet
facet normal 0 0 -1
outer loop
vertex 59.845298767089844 -45.83002471923828 -5.699999809265137
vertex 58.5 -44.48472595214844 -5.699999809265137
vertex 58.5 41.51527404785156 -5.699999809265137
endloop
endfacet
facet normal 0 0 -1
outer loop
vertex 59.845298767089844 -45.83002471923828 -5.699999809265137
vertex -15 -44.48472595214844 -5.699999809265137
vertex 58.5 -44.48472595214844 -5.699999809265137
endloop
endfacet
facet normal 0 -1 0
outer loop
vertex -15.92597484588623 -46.98472595214844 -3.564180612564087
vertex -15.72270679473877 -46.98472595214844 -3.700000047683716
vertex 61 -46.98472595214844 -3.700000047683716
endloop
endfacet
facet normal 0 0 -1
outer loop
vertex -58.5 -44.48472595214844 -5.699999809265137
vertex -59.845298767089844 -45.83002471923828 -5.699999809265137
vertex -59.845298767089844 42.860572814941406 -5.699999809265137
endloop
endfacet
facet normal 0 0 -1
outer loop
vertex -15 -45.83002471923828 -5.699999809265137
vertex -15 -44.48472595214844 -5.699999809265137
vertex 59.845298767089844 -45.83002471923828 -5.699999809265137
endloop
endfacet
facet normal 0 0 1
outer loop
vertex -59.845298767089844 42.860572814941406 7.199999809265137
vertex -48.70000076293945 34.215274810791016 7.199999809265137
vertex 48.70000076293945 34.215274810791016 7.199999809265137
endloop
endfacet
facet normal 0 -1 0
outer loop
vertex -48.70000076293945 33.715274810791016 6.199999809265137
vertex -48.70000076293945 33.715274810791016 2.200000047683716
vertex 48.70000076293945 33.715274810791016 2.200000047683716
endloop
endfacet
facet normal 0 1 0
outer loop
vertex -61 44.01527404785156 5.199999809265137
vertex 61 44.01527404785156 5.199999809265137
vertex -61 44.01527404785156 -3.700000047683716
endloop
endfacet
facet normal 0 0 1
outer loop
vertex -59.845298767089844 42.860572814941406 7.199999809265137
vertex -48.78682327270508 34.20767593383789 7.199999809265137
vertex -48.70000076293945 34.215274810791016 7.199999809265137
endloop
endfacet
facet normal 0 0 1
outer loop
vertex -59.845298767089844 42.860572814941406 7.199999809265137
vertex -48.871009826660156 34.18511962890625 7.199999809265137
vertex -48.78682327270508 34.20767593383789 7.199999809265137
endloop
endfacet
facet normal 0 0 1
outer loop
vertex -59.845298767089844 42.860572814941406 7.199999809265137
vertex -48.95000076293945 34.148284912109375 7.199999809265137
vertex -48.871009826660156 34.18511962890625 7.199999809265137
endloop
endfacet
facet normal 0 0 1
outer loop
vertex -59.845298767089844 42.860572814941406 7.199999809265137
vertex -49.021392822265625 34.098297119140625 7.199999809265137
vertex -48.95000076293945 34.148284912109375 7.199999809265137
endloop
endfacet
facet normal 0 0 1
outer loop
vertex -59.845298767089844 42.860572814941406 7.199999809265137
vertex -49.08302307128906 34.03666687011719 7.199999809265137
vertex -49.021392822265625 34.098297119140625 7.199999809265137
endloop
endfacet
facet normal 0 0 1
outer loop
vertex -59.845298767089844 42.860572814941406 7.199999809265137
vertex -49.13301086425781 33.965274810791016 7.199999809265137
vertex -49.08302307128906 34.03666687011719 7.199999809265137
endloop
endfacet
facet normal 0 0 1
outer loop
vertex -59.845298767089844 42.860572814941406 7.199999809265137
vertex -49.16984558105469 33.88628387451172 7.199999809265137
vertex -49.13301086425781 33.965274810791016 7.199999809265137
endloop
endfacet
facet normal 0 0 1
outer loop
vertex -59.845298767089844 42.860572814941406 7.199999809265137
vertex -49.192405700683594 33.80209732055664 7.199999809265137
vertex -49.16984558105469 33.88628387451172 7.199999809265137
endloop
endfacet
facet normal 0 0 1
outer loop
vertex -59.845298767089844 42.860572814941406 7.199999809265137
vertex -49.20000076293945 33.715274810791016 7.199999809265137
vertex -49.192405700683594 33.80209732055664 7.199999809265137
endloop
endfacet
facet normal 0 0 1
outer loop
vertex -59.845298767089844 42.860572814941406 7.199999809265137
vertex -59.845298767089844 -45.83002471923828 7.199999809265137
vertex -49.20000076293945 33.715274810791016 7.199999809265137
endloop
endfacet
facet normal 1 0 0
outer loop
vertex -48.70000076293945 -31.68472671508789 6.199999809265137
vertex -48.70000076293945 33.715274810791016 2.200000047683716
vertex -48.70000076293945 33.715274810791016 6.199999809265137
endloop
endfacet
facet normal 0 0 -1
outer loop
vertex -58.5 41.51527404785156 -5.699999809265137
vertex -59.845298767089844 42.860572814941406 -5.699999809265137
vertex 59.845298767089844 42.860572814941406 -5.699999809265137
endloop
endfacet
facet normal 0 0 -1
outer loop
vertex -59.845298767089844 -45.83002471923828 -5.699999809265137
vertex -58.5 -44.48472595214844 -5.699999809265137
vertex -30 -45.83002471923828 -5.699999809265137
endloop
endfacet
facet normal 0 0 1
outer loop
vertex 59.845298767089844 42.860572814941406 7.199999809265137
vertex 49.08302307128906 34.03666687011719 7.199999809265137
vertex 49.13301086425781 33.965274810791016 7.199999809265137
endloop
endfacet
facet normal -1 0 0
outer loop
vertex -61 44.01527404785156 -3.700000047683716
vertex -61 -46.98472595214844 -3.700000047683716
vertex -61 44.01527404785156 5.199999809265137
endloop
endfacet
facet normal 0 0 -1
outer loop
vertex -58.5 -44.48472595214844 -5.699999809265137
vertex -59.845298767089844 42.860572814941406 -5.699999809265137
vertex -58.5 41.51527404785156 -5.699999809265137
endloop
endfacet
facet normal 0 0 1
outer loop
vertex -48.70000076293945 -32.18472671508789 7.199999809265137
vertex -14.5 -37.23472595214844 7.199999809265137
vertex 48.70000076293945 -32.18472671508789 7.199999809265137
endloop
endfacet
facet normal 0 0 1
outer loop
vertex -14.353682518005371 -38.720314025878906 7.199999809265137
vertex -59.845298767089844 -45.83002471923828 7.199999809265137
vertex 48.70000076293945 -32.18472671508789 7.199999809265137
endloop
endfacet
facet normal 0 0 1
outer loop
vertex -48.70000076293945 -32.18472671508789 7.199999809265137
vertex -14.646317481994629 -37.24913787841797 7.199999809265137
vertex -14.5 -37.23472595214844 7.199999809265137
endloop
endfacet
facet normal 0 0 1
outer loop
vertex -48.70000076293945 -32.18472671508789 7.199999809265137
vertex -14.787012100219727 -37.29181671142578 7.199999809265137
vertex -14.646317481994629 -37.24913787841797 7.199999809265137
endloop
endfacet
facet normal 0 1 0
outer loop
vertex -48.70000076293945 -31.68472671508789 6.199999809265137
vertex 48.70000076293945 -31.68472671508789 6.199999809265137
vertex -48.70000076293945 -31.68472671508789 2.200000047683716
endloop
endfacet
facet normal 0 0 1
outer loop
vertex -48.70000076293945 -32.18472671508789 7.199999809265137
vertex -14.916677474975586 -37.36112594604492 7.199999809265137
vertex -14.787012100219727 -37.29181671142578 7.199999809265137
endloop
endfacet
facet normal 0 0 1
outer loop
vertex -48.70000076293945 -32.18472671508789 7.199999809265137
vertex -15.030329704284668 -37.45439529418945 7.199999809265137
vertex -14.916677474975586 -37.36112594604492 7.199999809265137
endloop
endfacet
facet normal 0 0 1
outer loop
vertex -48.70000076293945 -32.18472671508789 7.199999809265137
vertex -15.123601913452148 -37.568050384521484 7.199999809265137
vertex -15.030329704284668 -37.45439529418945 7.199999809265137
endloop
endfacet
facet normal 0 0 1
outer loop
vertex -48.70000076293945 -32.18472671508789 7.199999809265137
vertex -15.192909240722656 -37.697715759277344 7.199999809265137
vertex -15.123601913452148 -37.568050384521484 7.199999809265137
endloop
endfacet
facet normal 0 0 1
outer loop
vertex -48.70000076293945 -32.18472671508789 7.199999809265137
vertex -15.235589027404785 -37.838409423828125 7.199999809265137
vertex -15.192909240722656 -37.697715759277344 7.199999809265137
endloop
endfacet
facet normal 0 0 1
outer loop
vertex -48.70000076293945 -32.18472671508789 7.199999809265137
vertex -15.25 -37.98472595214844 7.199999809265137
vertex -15.235589027404785 -37.838409423828125 7.199999809265137
endloop
endfacet
facet normal 0 0 1
outer loop
vertex -48.70000076293945 -32.18472671508789 7.199999809265137
vertex -15.235589027404785 -38.131046295166016 7.199999809265137
vertex -15.25 -37.98472595214844 7.199999809265137
endloop
endfacet
facet normal 0 0 1
outer loop
vertex -48.70000076293945 -32.18472671508789 7.199999809265137
vertex -15.192909240722656 -38.2717399597168 7.199999809265137
vertex -15.235589027404785 -38.131046295166016 7.199999809265137
endloop
endfacet
facet normal 0 0 1
outer loop
vertex -15.123601913452148 -38.401405334472656 7.199999809265137
vertex -59.845298767089844 -45.83002471923828 7.199999809265137
vertex -15.030329704284668 -38.51505661010742 7.199999809265137
endloop
endfacet
facet normal 0 0 1
outer loop
vertex -14.5 -38.73472595214844 7.199999809265137
vertex -59.845298767089844 -45.83002471923828 7.199999809265137
vertex -14.353682518005371 -38.720314025878906 7.199999809265137
endloop
endfacet
facet normal 0 0 1
outer loop
vertex -14.646317481994629 -38.720314025878906 7.199999809265137
vertex -59.845298767089844 -45.83002471923828 7.199999809265137
vertex -14.5 -38.73472595214844 7.199999809265137
endloop
endfacet
facet normal 0 0 1
outer loop
vertex -14.787012100219727 -38.677635192871094 7.199999809265137
vertex -59.845298767089844 -45.83002471923828 7.199999809265137
vertex -14.646317481994629 -38.720314025878906 7.199999809265137
endloop
endfacet
facet normal 0 0 1
outer loop
vertex -14.916677474975586 -38.60832977294922 7.199999809265137
vertex -59.845298767089844 -45.83002471923828 7.199999809265137
vertex -14.787012100219727 -38.677635192871094 7.199999809265137
endloop
endfacet
facet normal 0 0 1
outer loop
vertex -59.845298767089844 -45.83002471923828 7.199999809265137
vertex -14.916677474975586 -38.60832977294922 7.199999809265137
vertex -15.030329704284668 -38.51505661010742 7.199999809265137
endloop
endfacet
facet normal 0 0 1
outer loop
vertex -15.192909240722656 -38.2717399597168 7.199999809265137
vertex -59.845298767089844 -45.83002471923828 7.199999809265137
vertex -15.123601913452148 -38.401405334472656 7.199999809265137
endloop
endfacet
facet normal 0 0 1
outer loop
vertex -59.845298767089844 -45.83002471923828 7.199999809265137
vertex -49.20000076293945 -31.68472671508789 7.199999809265137
vertex -49.20000076293945 33.715274810791016 7.199999809265137
endloop
endfacet
facet normal 1 0 0
outer loop
vertex -48.70000076293945 -31.68472671508789 6.199999809265137
vertex -48.70000076293945 -31.68472671508789 2.200000047683716
vertex -48.70000076293945 33.715274810791016 2.200000047683716
endloop
endfacet
facet normal -1 0 0
outer loop
vertex -61 -46.98472595214844 -3.700000047683716
vertex -61 -46.98472595214844 5.199999809265137
vertex -61 44.01527404785156 5.199999809265137
endloop
endfacet
facet normal 0 0 1
outer loop
vertex -48.70000076293945 -32.18472671508789 7.199999809265137
vertex -59.845298767089844 -45.83002471923828 7.199999809265137
vertex -15.192909240722656 -38.2717399597168 7.199999809265137
endloop
endfacet
facet normal 0 0 1
outer loop
vertex -49.08302307128906 -32.00611877441406 7.199999809265137
vertex -59.845298767089844 -45.83002471923828 7.199999809265137
vertex -49.021392822265625 -32.0677490234375 7.199999809265137
endloop
endfacet
facet normal 0 0 1
outer loop
vertex -59.845298767089844 -45.83002471923828 7.199999809265137
vertex -48.95000076293945 -32.117740631103516 7.199999809265137
vertex -49.021392822265625 -32.0677490234375 7.199999809265137
endloop
endfacet
facet normal 0 0 1
outer loop
vertex -59.845298767089844 -45.83002471923828 7.199999809265137
vertex -49.192405700683594 -31.77155113220215 7.199999809265137
vertex -49.20000076293945 -31.68472671508789 7.199999809265137
endloop
endfacet
facet normal 0 0 1
outer loop
vertex -59.845298767089844 -45.83002471923828 7.199999809265137
vertex -49.16984558105469 -31.855737686157227 7.199999809265137
vertex -49.192405700683594 -31.77155113220215 7.199999809265137
endloop
endfacet
facet normal 0 0 1
outer loop
vertex -59.845298767089844 -45.83002471923828 7.199999809265137
vertex -49.13301086425781 -31.93472671508789 7.199999809265137
vertex -49.16984558105469 -31.855737686157227 7.199999809265137
endloop
endfacet
facet normal 0 0 1
outer loop
vertex -59.845298767089844 -45.83002471923828 7.199999809265137
vertex -49.08302307128906 -32.00611877441406 7.199999809265137
vertex -49.13301086425781 -31.93472671508789 7.199999809265137
endloop
endfacet
facet normal 0 0 1
outer loop
vertex -48.871009826660156 -32.154571533203125 7.199999809265137
vertex -59.845298767089844 -45.83002471923828 7.199999809265137
vertex -48.78682327270508 -32.17713165283203 7.199999809265137
endloop
endfacet
facet normal 0 0 1
outer loop
vertex -59.845298767089844 -45.83002471923828 7.199999809265137
vertex -48.70000076293945 -32.18472671508789 7.199999809265137
vertex -48.78682327270508 -32.17713165283203 7.199999809265137
endloop
endfacet
facet normal 0 0 1
outer loop
vertex -59.845298767089844 -45.83002471923828 7.199999809265137
vertex -48.871009826660156 -32.154571533203125 7.199999809265137
vertex -48.95000076293945 -32.117740631103516 7.199999809265137
endloop
endfacet
facet normal 0 -1 0
outer loop
vertex -61 -46.98472595214844 5.199999809265137
vertex -16.5 -46.98472595214844 -3.450000047683716
vertex 61 -46.98472595214844 -3.700000047683716
endloop
endfacet
facet normal -1 0 0
outer loop
vertex -0.949999988079071 16.06527328491211 0
vertex -0.949999988079071 12.515273094177246 0
vertex -0.949999988079071 12.515273094177246 1.7000000476837158
endloop
endfacet
facet normal 0 0 -1
outer loop
vertex 0.949999988079071 -15.93472671508789 0
vertex 0.949999988079071 -14.034727096557617 0
vertex 15.050000190734863 -14.034727096557617 0
endloop
endfacet
facet normal 0 0 1
outer loop
vertex -32.150001525878906 1.1652733087539673 2.200000047683716
vertex -47.849998474121094 0.8652732968330383 2.200000047683716
vertex -32.150001525878906 0.8652732968330383 2.200000047683716
endloop
endfacet
facet normal 0 0 1
outer loop
vertex -31.850000381469727 0.8652732968330383 2.200000047683716
vertex -31.850000381469727 1.1652733087539673 2.200000047683716
vertex -32.150001525878906 0.8652732968330383 2.200000047683716
endloop
endfacet
facet normal 0 0 -1
outer loop
vertex -0.949999988079071 16.06527328491211 0
vertex -15.050000190734863 16.06527328491211 0
vertex -0.949999988079071 17.965272903442383 0
endloop
endfacet
facet normal -1 0 0
outer loop
vertex -32.95000076293945 -26.484725952148438 0
vertex -32.95000076293945 -30.034727096557617 0
vertex -32.95000076293945 -30.034727096557617 2.200000047683716
endloop
endfacet
facet normal 0 0 1
outer loop
vertex 48.70000076293945 33.715274810791016 2.200000047683716
vertex 47.849998474121094 32.865272521972656 2.200000047683716
vertex 47.849998474121094 17.165273666381836 2.200000047683716
endloop
endfacet
facet normal -1 0 0
outer loop
vertex 47.04999923706055 28.515274047851562 1.7000000476837158
vertex 47.04999923706055 21.515274047851562 1.7000000476837158
vertex 47.04999923706055 32.06527328491211 2.200000047683716
endloop
endfacet
facet normal -1 0 0
outer loop
vertex 47.04999923706055 32.06527328491211 2.200000047683716
vertex 47.04999923706055 32.06527328491211 0
vertex 47.04999923706055 28.515274047851562 1.7000000476837158
endloop
endfacet
facet normal 0 0 1
outer loop
vertex -48.70000076293945 33.715274810791016 2.200000047683716
vertex -32.150001525878906 32.865272521972656 2.200000047683716
vertex -31.850000381469727 32.865272521972656 2.200000047683716
endloop
endfacet
facet normal 0 0 1
outer loop
vertex -48.70000076293945 33.715274810791016 2.200000047683716
vertex -47.849998474121094 32.865272521972656 2.200000047683716
vertex -32.150001525878906 32.865272521972656 2.200000047683716
endloop
endfacet
facet normal -1 0 0
outer loop
vertex 47.04999923706055 21.515274047851562 1.7000000476837158
vertex 47.04999923706055 17.965272903442383 2.200000047683716
vertex 47.04999923706055 32.06527328491211 2.200000047683716
endloop
endfacet
facet normal 0 0 1
outer loop
vertex -31.850000381469727 0.8652732968330383 2.200000047683716
vertex -16.149999618530273 1.1652733087539673 2.200000047683716
vertex -31.850000381469727 1.1652733087539673 2.200000047683716
endloop
endfacet
facet normal 0 0 1
outer loop
vertex 48.70000076293945 33.715274810791016 2.200000047683716
vertex 32.150001525878906 32.865272521972656 2.200000047683716
vertex 47.849998474121094 32.865272521972656 2.200000047683716
endloop
endfacet
facet normal 0 0 1
outer loop
vertex 48.70000076293945 33.715274810791016 2.200000047683716
vertex 31.850000381469727 32.865272521972656 2.200000047683716
vertex 32.150001525878906 32.865272521972656 2.200000047683716
endloop
endfacet
facet normal 0 0 1
outer loop
vertex 48.70000076293945 33.715274810791016 2.200000047683716
vertex 16.149999618530273 32.865272521972656 2.200000047683716
vertex 31.850000381469727 32.865272521972656 2.200000047683716
endloop
endfacet
facet normal 0 -1 0
outer loop
vertex 32.95000076293945 32.06527328491211 2.200000047683716
vertex 47.04999923706055 32.06527328491211 0
vertex 47.04999923706055 32.06527328491211 2.200000047683716
endloop
endfacet
facet normal 0 0 1
outer loop
vertex 31.850000381469727 32.865272521972656 2.200000047683716
vertex 32.150001525878906 17.165273666381836 2.200000047683716
vertex 32.150001525878906 32.865272521972656 2.200000047683716
endloop
endfacet
facet normal -1 0 0
outer loop
vertex 31.049999237060547 28.515274047851562 1.7000000476837158
vertex 31.049999237060547 21.515274047851562 1.7000000476837158
vertex 31.049999237060547 32.06527328491211 2.200000047683716
endloop
endfacet
facet normal -1 0 0
outer loop
vertex 31.049999237060547 32.06527328491211 2.200000047683716
vertex 31.049999237060547 32.06527328491211 0
vertex 31.049999237060547 28.515274047851562 1.7000000476837158
endloop
endfacet
facet normal 1 0 0
outer loop
vertex 32.95000076293945 32.06527328491211 2.200000047683716
vertex 32.95000076293945 28.515274047851562 1.7000000476837158
vertex 32.95000076293945 28.515274047851562 0
endloop
endfacet
facet normal 0 -1 0
outer loop
vertex -31.049999237060547 0.06527330726385117 2.200000047683716
vertex -16.950000762939453 0.06527330726385117 0
vertex -16.950000762939453 0.06527330726385117 2.200000047683716
endloop
endfacet
facet normal -1 0 0
outer loop
vertex -16.950000762939453 0.06527330726385117 0
vertex -16.950000762939453 -3.484726667404175 1.7000000476837158
vertex -16.950000762939453 0.06527330726385117 2.200000047683716
endloop
endfacet
facet normal 1 0 0
outer loop
vertex 32.95000076293945 28.515274047851562 1.7000000476837158
vertex 32.95000076293945 32.06527328491211 2.200000047683716
vertex 32.95000076293945 17.965272903442383 2.200000047683716
endloop
endfacet
facet normal 0 0 1
outer loop
vertex -16.149999618530273 1.1652733087539673 2.200000047683716
vertex -31.850000381469727 0.8652732968330383 2.200000047683716
vertex -16.149999618530273 0.8652732968330383 2.200000047683716
endloop
endfacet
facet normal -1 0 0
outer loop
vertex 31.049999237060547 21.515274047851562 1.7000000476837158
vertex 31.049999237060547 17.965272903442383 2.200000047683716
vertex 31.049999237060547 32.06527328491211 2.200000047683716
endloop
endfacet
facet normal 0 0 1
outer loop
vertex 32.150001525878906 17.165273666381836 2.200000047683716
vertex 31.850000381469727 32.865272521972656 2.200000047683716
vertex 31.850000381469727 17.165273666381836 2.200000047683716
endloop
endfacet
facet normal 1 0 0
outer loop
vertex -31.049999237060547 -30.034727096557617 0
vertex -31.049999237060547 -26.484725952148438 0
vertex -31.049999237060547 -26.484725952148438 1.7000000476837158
endloop
endfacet
facet normal 0 0 -1
outer loop
vertex -32.41574478149414 -27.232519149780273 0
vertex -32.45000076293945 -27.404726028442383 0
vertex -32.95000076293945 -26.484725952148438 0
endloop
endfacet
facet normal 0 0 -1
outer loop
vertex -32.95000076293945 -26.484725952148438 0
vertex -32.27060317993164 -26.484725952148438 0
vertex -32.41574478149414 -27.232519149780273 0
endloop
endfacet
facet normal 0 0 -1
outer loop
vertex -32.318199157714844 -27.086528778076172 0
vertex -32.41574478149414 -27.232519149780273 0
vertex -32.17220687866211 -26.550472259521484 0
endloop
endfacet
facet normal 0 0 -1
outer loop
vertex -32.318199157714844 -27.086528778076172 0
vertex -32.17220687866211 -26.550472259521484 0
vertex -32.17220687866211 -26.988981246948242 0
endloop
endfacet
facet normal 0 0 -1
outer loop
vertex -32.17220687866211 -26.550472259521484 0
vertex -32.41574478149414 -27.232519149780273 0
vertex -32.27060317993164 -26.484725952148438 0
endloop
endfacet
facet normal 0 0 -1
outer loop
vertex -32.17220687866211 -26.988981246948242 0
vertex -32 -26.584726333618164 0
vertex -32 -26.954727172851562 0
endloop
endfacet
facet normal 0 0 -1
outer loop
vertex -32 -26.954727172851562 0
vertex -32 -26.584726333618164 0
vertex -31.82779312133789 -26.988981246948242 0
endloop
endfacet
facet normal 0 0 -1
outer loop
vertex -32 -26.584726333618164 0
vertex -32.17220687866211 -26.988981246948242 0
vertex -32.17220687866211 -26.550472259521484 0
endloop
endfacet
facet normal 0 0 -1
outer loop
vertex -31.68180274963379 -27.086528778076172 0
vertex -31.82779312133789 -26.988981246948242 0
vertex -31.72939682006836 -26.484725952148438 0
endloop
endfacet
facet normal 0 0 -1
outer loop
vertex -31.72939682006836 -26.484725952148438 0
vertex -31.82779312133789 -26.988981246948242 0
vertex -32 -26.584726333618164 0
endloop
endfacet
facet normal 0 0 -1
outer loop
vertex -31.68180274963379 -27.086528778076172 0
vertex -31.72939682006836 -26.484725952148438 0
vertex -31.049999237060547 -26.484725952148438 0
endloop
endfacet
facet normal 0 0 -1
outer loop
vertex -31.049999237060547 -26.484725952148438 0
vertex -31.549999237060547 -27.404726028442383 0
vertex -31.584253311157227 -27.232519149780273 0
endloop
endfacet
facet normal 0 0 -1
outer loop
vertex -31.049999237060547 -26.484725952148438 0
vertex -31.584253311157227 -27.232519149780273 0
vertex -31.68180274963379 -27.086528778076172 0
endloop
endfacet
facet normal 0 0 -1
outer loop
vertex -32.25 -25.770959854125977 0
vertex -32.25 -25.228492736816406 0
vertex -32 -25.68472671508789 0
endloop
endfacet
facet normal 0 0 -1
outer loop
vertex -32 -25.68472671508789 0
vertex -32.25 -25.228492736816406 0
vertex -32.17220687866211 -25.280471801757812 0
endloop
endfacet
facet normal 0 0 -1
outer loop
vertex -32 -25.68472671508789 0
vertex -32.17220687866211 -25.280471801757812 0
vertex -32 -25.314725875854492 0
endloop
endfacet
facet normal 0 0 -1
outer loop
vertex -32 -25.68472671508789 0
vertex -32 -25.314725875854492 0
vertex -31.75 -25.770959854125977 0
endloop
endfacet
facet normal 0 0 -1
outer loop
vertex -32 -25.314725875854492 0
vertex -31.75 -25.228492736816406 0
vertex -31.75 -25.770959854125977 0
endloop
endfacet
facet normal 0 0 -1
outer loop
vertex -32.25 -24.500959396362305 0
vertex -32.25 -23.958492279052734 0
vertex -32.17220687866211 -24.4489803314209 0
endloop
endfacet
facet normal 0 0 -1
outer loop
vertex -32.17220687866211 -24.4489803314209 0
vertex -32.17220687866211 -24.010473251342773 0
vertex -32 -24.41472625732422 0
endloop
endfacet
facet normal 0 0 -1
outer loop
vertex -32 -24.41472625732422 0
vertex -32 -24.044727325439453 0
vertex -31.75 -24.500959396362305 0
endloop
endfacet
facet normal 0 0 1
outer loop
vertex -15.850000381469727 0.8652732968330383 2.200000047683716
vertex -15.850000381469727 1.1652733087539673 2.200000047683716
vertex -16.149999618530273 0.8652732968330383 2.200000047683716
endloop
endfacet
facet normal 1 0 0
outer loop
vertex 32.95000076293945 21.515274047851562 1.7000000476837158
vertex 32.95000076293945 28.515274047851562 1.7000000476837158
vertex 32.95000076293945 17.965272903442383 2.200000047683716
endloop
endfacet
facet normal 0 0 1
outer loop
vertex -16.149999618530273 0.8652732968330383 2.200000047683716
vertex -15.850000381469727 1.1652733087539673 2.200000047683716
vertex -16.149999618530273 1.1652733087539673 2.200000047683716
endloop
endfacet
facet normal -1 0 0
outer loop
vertex -16.950000762939453 5.515273094177246 1.7000000476837158
vertex -16.950000762939453 5.515273094177246 0
vertex -16.950000762939453 1.9652732610702515 2.200000047683716
endloop
endfacet
facet normal 0 0 1
outer loop
vertex -32.150001525878906 32.865272521972656 2.200000047683716
vertex -31.850000381469727 17.165273666381836 2.200000047683716
vertex -31.850000381469727 32.865272521972656 2.200000047683716
endloop
endfacet
facet normal -1 0 0
outer loop
vertex 47.04999923706055 21.515274047851562 0
vertex 47.04999923706055 17.965272903442383 2.200000047683716
vertex 47.04999923706055 21.515274047851562 1.7000000476837158
endloop
endfacet
facet normal -1 0 0
outer loop
vertex -32.95000076293945 28.515274047851562 1.7000000476837158
vertex -32.95000076293945 21.515274047851562 1.7000000476837158
vertex -32.95000076293945 32.06527328491211 2.200000047683716
endloop
endfacet
facet normal -1 0 0
outer loop
vertex 47.04999923706055 16.06527328491211 2.200000047683716
vertex 47.04999923706055 12.515273094177246 1.7000000476837158
vertex 47.04999923706055 5.515273094177246 1.7000000476837158
endloop
endfacet
facet normal -1 0 0
outer loop
vertex -32.95000076293945 32.06527328491211 2.200000047683716
vertex -32.95000076293945 32.06527328491211 0
vertex -32.95000076293945 28.515274047851562 1.7000000476837158
endloop
endfacet
facet normal -1 0 0
outer loop
vertex 47.04999923706055 16.06527328491211 2.200000047683716
vertex 47.04999923706055 16.06527328491211 0
vertex 47.04999923706055 12.515273094177246 1.7000000476837158
endloop
endfacet
facet normal 1 0 0
outer loop
vertex -31.049999237060547 32.06527328491211 2.200000047683716
vertex -31.049999237060547 28.515274047851562 1.7000000476837158
vertex -31.049999237060547 28.515274047851562 0
endloop
endfacet
facet normal 0 -1 0
outer loop
vertex -47.04999923706055 32.06527328491211 2.200000047683716
vertex -32.95000076293945 32.06527328491211 0
vertex -32.95000076293945 32.06527328491211 2.200000047683716
endloop
endfacet
facet normal 1 0 0
outer loop
vertex -31.049999237060547 28.515274047851562 1.7000000476837158
vertex -31.049999237060547 32.06527328491211 2.200000047683716
vertex -31.049999237060547 17.965272903442383 2.200000047683716
endloop
endfacet
facet normal -1 0 0
outer loop
vertex 47.04999923706055 5.515273094177246 1.7000000476837158
vertex 47.04999923706055 1.9652732610702515 2.200000047683716
vertex 47.04999923706055 16.06527328491211 2.200000047683716
endloop
endfacet
facet normal 0 0 -1
outer loop
vertex -31.584253311157227 -27.576934814453125 0
vertex -31.549999237060547 -27.404726028442383 0
vertex -31.049999237060547 -30.034727096557617 0
endloop
endfacet
facet normal 0 0 1
outer loop
vertex 48.70000076293945 -31.68472671508789 2.200000047683716
vertex 48.70000076293945 33.715274810791016 2.200000047683716
vertex 47.849998474121094 17.165273666381836 2.200000047683716
endloop
endfacet
facet normal 0 0 1
outer loop
vertex -31.850000381469727 17.165273666381836 2.200000047683716
vertex -32.150001525878906 32.865272521972656 2.200000047683716
vertex -32.150001525878906 17.165273666381836 2.200000047683716
endloop
endfacet
facet normal 0 0 -1
outer loop
vertex -47.75 -19.484725952148438 0
vertex -48.70000076293945 -31.68472671508789 0
vertex -47.75 -10.484726905822754 0
endloop
endfacet
facet normal -1 0 0
outer loop
vertex -32.95000076293945 21.515274047851562 1.7000000476837158
vertex -32.95000076293945 17.965272903442383 2.200000047683716
vertex -32.95000076293945 32.06527328491211 2.200000047683716
endloop
endfacet
facet normal 0 0 -1
outer loop
vertex -47.04999923706055 -19.484725952148438 0
vertex -47.75 -19.484725952148438 0
vertex -47.04999923706055 -15.93472671508789 0
endloop
endfacet
facet normal 0 0 -1
outer loop
vertex -47.04999923706055 -15.93472671508789 0
vertex -47.75 -19.484725952148438 0
vertex -47.04999923706055 -14.034727096557617 0
endloop
endfacet
facet normal 1 0 0
outer loop
vertex -47.04999923706055 -19.484725952148438 0
vertex -47.04999923706055 -15.93472671508789 0
vertex -47.04999923706055 -15.93472671508789 2.200000047683716
endloop
endfacet
facet normal 0 0 -1
outer loop
vertex -47.75 -10.484726905822754 0
vertex -48.70000076293945 -31.68472671508789 0
vertex -47.75 -3.484726667404175 0
endloop
endfacet
facet normal 0 0 -1
outer loop
vertex -47.04999923706055 -14.034727096557617 0
vertex -47.75 -19.484725952148438 0
vertex -47.04999923706055 -10.484726905822754 0
endloop
endfacet
facet normal 0 0 -1
outer loop
vertex -47.75 -19.484725952148438 0
vertex -47.75 -10.484726905822754 0
vertex -47.04999923706055 -10.484726905822754 0
endloop
endfacet
facet normal 1 0 0
outer loop
vertex -47.04999923706055 -14.034727096557617 0
vertex -47.04999923706055 -10.484726905822754 0
vertex -47.04999923706055 -10.484726905822754 1.7000000476837158
endloop
endfacet
facet normal 0 0 -1
outer loop
vertex -47.75 -3.484726667404175 0
vertex -48.70000076293945 -31.68472671508789 0
vertex -47.75 5.515273094177246 0
endloop
endfacet
facet normal 0 0 -1
outer loop
vertex -47.75 5.515273094177246 0
vertex -48.70000076293945 -31.68472671508789 0
vertex -47.75 12.515273094177246 0
endloop
endfacet
facet normal 1 0 0
outer loop
vertex -31.049999237060547 21.515274047851562 1.7000000476837158
vertex -31.049999237060547 28.515274047851562 1.7000000476837158
vertex -31.049999237060547 17.965272903442383 2.200000047683716
endloop
endfacet
facet normal 0 0 -1
outer loop
vertex -47.75 -3.484726667404175 0
vertex -47.04999923706055 0.06527330726385117 0
vertex -47.04999923706055 -3.484726667404175 0
endloop
endfacet
facet normal 0 -1 0
outer loop
vertex -47.04999923706055 -15.93472671508789 2.200000047683716
vertex -47.04999923706055 -15.93472671508789 0
vertex -32.95000076293945 -15.93472671508789 0
endloop
endfacet
facet normal 0 0 -1
outer loop
vertex -47.04999923706055 -15.93472671508789 0
vertex -47.04999923706055 -14.034727096557617 0
vertex -32.95000076293945 -14.034727096557617 0
endloop
endfacet
facet normal 0 0 -1
outer loop
vertex -32.17220687866211 -24.010473251342773 0
vertex -32.17220687866211 -24.4489803314209 0
vertex -32.25 -23.958492279052734 0
endloop
endfacet
facet normal 0 0 -1
outer loop
vertex -32.17220687866211 -24.010473251342773 0
vertex -32 -24.044727325439453 0
vertex -32 -24.41472625732422 0
endloop
endfacet
facet normal 0 0 -1
outer loop
vertex -32 -24.044727325439453 0
vertex -31.75 -23.958492279052734 0
vertex -31.75 -24.500959396362305 0
endloop
endfacet
facet normal 0 0 -1
outer loop
vertex -32.25 -23.230960845947266 0
vertex -32.25 -22.688493728637695 0
vertex -32.17220687866211 -23.17898178100586 0
endloop
endfacet
facet normal 0 0 -1
outer loop
vertex -32.17220687866211 -23.17898178100586 0
vertex -32.25 -22.688493728637695 0
vertex -32.17220687866211 -22.7404727935791 0
endloop
endfacet
facet normal 0 0 -1
outer loop
vertex -32.17220687866211 -23.17898178100586 0
vertex -32 -22.77472686767578 0
vertex -32 -23.144725799560547 0
endloop
endfacet
facet normal 0 0 -1
outer loop
vertex -32 -23.144725799560547 0
vertex -32 -22.77472686767578 0
vertex -31.82779312133789 -23.17898178100586 0
endloop
endfacet
facet normal 0 0 -1
outer loop
vertex -32 -22.77472686767578 0
vertex -32.17220687866211 -23.17898178100586 0
vertex -32.17220687866211 -22.7404727935791 0
endloop
endfacet
facet normal 0 0 -1
outer loop
vertex -31.82779312133789 -23.17898178100586 0
vertex -32 -22.77472686767578 0
vertex -31.75 -23.230960845947266 0
endloop
endfacet
facet normal 0 0 -1
outer loop
vertex -32 -22.77472686767578 0
vertex -31.75 -22.688493728637695 0
vertex -31.75 -23.230960845947266 0
endloop
endfacet
facet normal -1 0 0
outer loop
vertex 47.04999923706055 5.515273094177246 1.7000000476837158
vertex 47.04999923706055 5.515273094177246 0
vertex 47.04999923706055 1.9652732610702515 2.200000047683716
endloop
endfacet
facet normal 0 0 1
outer loop
vertex -15.850000381469727 1.1652733087539673 2.200000047683716
vertex -16.149999618530273 16.865272521972656 2.200000047683716
vertex -16.149999618530273 1.1652733087539673 2.200000047683716
endloop
endfacet
facet normal -1 0 0
outer loop
vertex -16.950000762939453 5.515273094177246 1.7000000476837158
vertex -16.950000762939453 1.9652732610702515 2.200000047683716
vertex -16.950000762939453 16.06527328491211 2.200000047683716
endloop
endfacet
facet normal 0 0 1
outer loop
vertex 48.70000076293945 -31.68472671508789 2.200000047683716
vertex 47.849998474121094 17.165273666381836 2.200000047683716
vertex 47.849998474121094 16.865272521972656 2.200000047683716
endloop
endfacet
facet normal -1 0 0
outer loop
vertex 47.04999923706055 0.06527330726385117 0
vertex 47.04999923706055 -3.484726667404175 1.7000000476837158
vertex 47.04999923706055 0.06527330726385117 2.200000047683716
endloop
endfacet
facet normal 0 1 0
outer loop
vertex -16.950000762939453 17.965272903442383 2.200000047683716
vertex -31.049999237060547 17.965272903442383 0
vertex -31.049999237060547 17.965272903442383 2.200000047683716
endloop
endfacet
facet normal 0 0 1
outer loop
vertex 47.849998474121094 17.165273666381836 2.200000047683716
vertex 32.150001525878906 16.865272521972656 2.200000047683716
vertex 47.849998474121094 16.865272521972656 2.200000047683716
endloop
endfacet
facet normal 0 -1 0
outer loop
vertex 32.95000076293945 16.06527328491211 2.200000047683716
vertex 47.04999923706055 16.06527328491211 0
vertex 47.04999923706055 16.06527328491211 2.200000047683716
endloop
endfacet
facet normal 0 0 1
outer loop
vertex 32.150001525878906 16.865272521972656 2.200000047683716
vertex 47.849998474121094 17.165273666381836 2.200000047683716
vertex 32.150001525878906 17.165273666381836 2.200000047683716
endloop
endfacet
facet normal 0 0 1
outer loop
vertex 31.850000381469727 16.865272521972656 2.200000047683716
vertex 32.150001525878906 17.165273666381836 2.200000047683716
vertex 31.850000381469727 17.165273666381836 2.200000047683716
endloop
endfacet
facet normal 0 0 1
outer loop
vertex 32.150001525878906 16.865272521972656 2.200000047683716
vertex 32.150001525878906 17.165273666381836 2.200000047683716
vertex 31.850000381469727 16.865272521972656 2.200000047683716
endloop
endfacet
facet normal 0 1 0
outer loop
vertex 47.04999923706055 17.965272903442383 2.200000047683716
vertex 32.95000076293945 17.965272903442383 0
vertex 32.95000076293945 17.965272903442383 2.200000047683716
endloop
endfacet
facet normal 0 0 -1
outer loop
vertex -32.17220687866211 -21.908981323242188 0
vertex -32.25 -21.960960388183594 0
vertex -32.25 -19.484725952148438 0
endloop
endfacet
facet normal 0 0 -1
outer loop
vertex -32 -21.874727249145508 0
vertex -32.17220687866211 -21.908981323242188 0
vertex -32.25 -19.484725952148438 0
endloop
endfacet
facet normal 0 0 -1
outer loop
vertex -31.82779312133789 -21.908981323242188 0
vertex -32 -21.874727249145508 0
vertex -31.75 -19.484725952148438 0
endloop
endfacet
facet normal 0 0 -1
outer loop
vertex -31.75 -21.960960388183594 0
vertex -31.82779312133789 -21.908981323242188 0
vertex -31.75 -19.484725952148438 0
endloop
endfacet
facet normal 0 0 -1
outer loop
vertex -31.75 -19.484725952148438 0
vertex -32 -21.874727249145508 0
vertex -32.25 -19.484725952148438 0
endloop
endfacet
facet normal 0 0 1
outer loop
vertex -48.70000076293945 33.715274810791016 2.200000047683716
vertex -47.849998474121094 17.165273666381836 2.200000047683716
vertex -47.849998474121094 32.865272521972656 2.200000047683716
endloop
endfacet
facet normal 1 0 0
outer loop
vertex -47.04999923706055 32.06527328491211 2.200000047683716
vertex -47.04999923706055 28.515274047851562 1.7000000476837158
vertex -47.04999923706055 28.515274047851562 0
endloop
endfacet
facet normal 1 0 0
outer loop
vertex -47.04999923706055 28.515274047851562 1.7000000476837158
vertex -47.04999923706055 32.06527328491211 2.200000047683716
vertex -47.04999923706055 17.965272903442383 2.200000047683716
endloop
endfacet
facet normal 0 0 -1
outer loop
vertex -32.95000076293945 -15.93472671508789 0
vertex -47.04999923706055 -15.93472671508789 0
vertex -32.95000076293945 -14.034727096557617 0
endloop
endfacet
facet normal 0 1 0
outer loop
vertex -32.95000076293945 -14.034727096557617 0
vertex -47.04999923706055 -14.034727096557617 0
vertex -32.95000076293945 -14.034727096557617 2.200000047683716
endloop
endfacet
facet normal 0 0 -1
outer loop
vertex -32.25 -19.484725952148438 0
vertex -32.95000076293945 -19.484725952148438 0
vertex -32.95000076293945 -15.93472671508789 0
endloop
endfacet
facet normal 0 0 -1
outer loop
vertex -31.75 -19.484725952148438 0
vertex -32.25 -19.484725952148438 0
vertex -32.95000076293945 -15.93472671508789 0
endloop
endfacet
facet normal 0 0 -1
outer loop
vertex -31.049999237060547 -19.484725952148438 0
vertex -31.75 -19.484725952148438 0
vertex -31.049999237060547 -15.93472671508789 0
endloop
endfacet
facet normal 0 0 -1
outer loop
vertex -31.049999237060547 -15.93472671508789 0
vertex -31.75 -19.484725952148438 0
vertex -32.95000076293945 -15.93472671508789 0
endloop
endfacet
facet normal -1 0 0
outer loop
vertex -32.95000076293945 -15.93472671508789 0
vertex -32.95000076293945 -19.484725952148438 0
vertex -32.95000076293945 -19.484725952148438 1.7000000476837158
endloop
endfacet
facet normal 1 0 0
outer loop
vertex -31.049999237060547 -19.484725952148438 0
vertex -31.049999237060547 -15.93472671508789 0
vertex -31.049999237060547 -15.93472671508789 2.200000047683716
endloop
endfacet
facet normal 0 0 -1
outer loop
vertex -31.049999237060547 -15.93472671508789 0
vertex -32.95000076293945 -15.93472671508789 0
vertex -31.049999237060547 -14.034727096557617 0
endloop
endfacet
facet normal 0 0 -1
outer loop
vertex -31.049999237060547 -14.034727096557617 0
vertex -32.95000076293945 -15.93472671508789 0
vertex -32.95000076293945 -14.034727096557617 0
endloop
endfacet
facet normal 0 0 -1
outer loop
vertex -32.95000076293945 -14.034727096557617 0
vertex -32.95000076293945 -10.484726905822754 0
vertex -32.25 -10.484726905822754 0
endloop
endfacet
facet normal 0 0 -1
outer loop
vertex -31.049999237060547 -14.034727096557617 0
vertex -32.95000076293945 -14.034727096557617 0
vertex -32.25 -10.484726905822754 0
endloop
endfacet
facet normal 0 0 -1
outer loop
vertex -31.049999237060547 -14.034727096557617 0
vertex -32.25 -10.484726905822754 0
vertex -31.75 -10.484726905822754 0
endloop
endfacet
facet normal 0 0 -1
outer loop
vertex -31.049999237060547 -14.034727096557617 0
vertex -31.75 -10.484726905822754 0
vertex -31.049999237060547 -10.484726905822754 0
endloop
endfacet
facet normal -1 0 0
outer loop
vertex -32.95000076293945 -10.484726905822754 0
vertex -32.95000076293945 -14.034727096557617 0
vertex -32.95000076293945 -14.034727096557617 2.200000047683716
endloop
endfacet
facet normal 1 0 0
outer loop
vertex -31.049999237060547 -14.034727096557617 0
vertex -31.049999237060547 -10.484726905822754 0
vertex -31.049999237060547 -10.484726905822754 1.7000000476837158
endloop
endfacet
facet normal 0 0 1
outer loop
vertex -48.70000076293945 33.715274810791016 2.200000047683716
vertex -47.849998474121094 16.865272521972656 2.200000047683716
vertex -47.849998474121094 17.165273666381836 2.200000047683716
endloop
endfacet
facet normal 0 0 -1
outer loop
vertex -31.75 -10.484726905822754 0
vertex -32.25 -10.484726905822754 0
vertex -32.25 -3.484726667404175 0
endloop
endfacet
facet normal 1 0 0
outer loop
vertex -47.04999923706055 21.515274047851562 1.7000000476837158
vertex -47.04999923706055 28.515274047851562 1.7000000476837158
vertex -47.04999923706055 17.965272903442383 2.200000047683716
endloop
endfacet
facet normal 0 0 -1
outer loop
vertex -31.75 -10.484726905822754 0
vertex -32.25 -3.484726667404175 0
vertex -31.75 -3.484726667404175 0
endloop
endfacet
facet normal 0 0 1
outer loop
vertex -31.850000381469727 16.865272521972656 2.200000047683716
vertex -16.149999618530273 17.165273666381836 2.200000047683716
vertex -31.850000381469727 17.165273666381836 2.200000047683716
endloop
endfacet
facet normal 0 0 -1
outer loop
vertex -32.95000076293945 -3.484726667404175 0
vertex -32.95000076293945 0.06527330726385117 0
vertex -32.25 -3.484726667404175 0
endloop
endfacet
facet normal 0 0 -1
outer loop
vertex -31.75 -3.484726667404175 0
vertex -32.25 -3.484726667404175 0
vertex -32.95000076293945 0.06527330726385117 0
endloop
endfacet
facet normal 0 0 -1
outer loop
vertex -31.75 -3.484726667404175 0
vertex -31.049999237060547 0.06527330726385117 0
vertex -31.049999237060547 -3.484726667404175 0
endloop
endfacet
facet normal -1 0 0
outer loop
vertex -32.95000076293945 0.06527330726385117 0
vertex -32.95000076293945 -3.484726667404175 0
vertex -32.95000076293945 -3.484726667404175 1.7000000476837158
endloop
endfacet
facet normal -1 0 0
outer loop
vertex -16.950000762939453 16.06527328491211 0
vertex -16.950000762939453 12.515273094177246 1.7000000476837158
vertex -16.950000762939453 16.06527328491211 2.200000047683716
endloop
endfacet
facet normal 1 0 0
outer loop
vertex 32.95000076293945 17.965272903442383 0
vertex 32.95000076293945 21.515274047851562 1.7000000476837158
vertex 32.95000076293945 17.965272903442383 2.200000047683716
endloop
endfacet
facet normal -1 0 0
outer loop
vertex 31.049999237060547 21.515274047851562 0
vertex 31.049999237060547 17.965272903442383 2.200000047683716
vertex 31.049999237060547 21.515274047851562 1.7000000476837158
endloop
endfacet
facet normal 1 0 0
outer loop
vertex 32.95000076293945 16.06527328491211 2.200000047683716
vertex 32.95000076293945 1.9652732610702515 2.200000047683716
vertex 32.95000076293945 12.515273094177246 1.7000000476837158
endloop
endfacet
facet normal 0 0 1
outer loop
vertex 31.850000381469727 16.865272521972656 2.200000047683716
vertex 32.150001525878906 1.1652733087539673 2.200000047683716
vertex 32.150001525878906 16.865272521972656 2.200000047683716
endloop
endfacet
facet normal -1 0 0
outer loop
vertex -16.950000762939453 16.06527328491211 2.200000047683716
vertex -16.950000762939453 12.515273094177246 1.7000000476837158
vertex -16.950000762939453 5.515273094177246 1.7000000476837158
endloop
endfacet
facet normal -1 0 0
outer loop
vertex 31.049999237060547 16.06527328491211 2.200000047683716
vertex 31.049999237060547 12.515273094177246 1.7000000476837158
vertex 31.049999237060547 5.515273094177246 1.7000000476837158
endloop
endfacet
facet normal 1 0 0
outer loop
vertex 32.95000076293945 12.515273094177246 1.7000000476837158
vertex 32.95000076293945 12.515273094177246 0
vertex 32.95000076293945 16.06527328491211 2.200000047683716
endloop
endfacet
facet normal -1 0 0
outer loop
vertex 31.049999237060547 16.06527328491211 2.200000047683716
vertex 31.049999237060547 16.06527328491211 0
vertex 31.049999237060547 12.515273094177246 1.7000000476837158
endloop
endfacet
facet normal 0 0 1
outer loop
vertex -16.149999618530273 16.865272521972656 2.200000047683716
vertex -15.850000381469727 1.1652733087539673 2.200000047683716
vertex -15.850000381469727 16.865272521972656 2.200000047683716
endloop
endfacet
facet normal 0 -1 0
outer loop
vertex -31.049999237060547 16.06527328491211 2.200000047683716
vertex -16.950000762939453 16.06527328491211 0
vertex -16.950000762939453 16.06527328491211 2.200000047683716
endloop
endfacet
facet normal -1 0 0
outer loop
vertex -16.950000762939453 21.515274047851562 0
vertex -16.950000762939453 17.965272903442383 2.200000047683716
vertex -16.950000762939453 21.515274047851562 1.7000000476837158
endloop
endfacet
facet normal 0 0 1
outer loop
vertex 47.849998474121094 1.1652733087539673 2.200000047683716
vertex 32.150001525878906 0.8652732968330383 2.200000047683716
vertex 47.849998474121094 0.8652732968330383 2.200000047683716
endloop
endfacet
facet normal 0 -1 0
outer loop
vertex 32.95000076293945 0.06527330726385117 2.200000047683716
vertex 47.04999923706055 0.06527330726385117 0
vertex 47.04999923706055 0.06527330726385117 2.200000047683716
endloop
endfacet
facet normal -1 0 0
outer loop
vertex 31.049999237060547 5.515273094177246 1.7000000476837158
vertex 31.049999237060547 1.9652732610702515 2.200000047683716
vertex 31.049999237060547 16.06527328491211 2.200000047683716
endloop
endfacet
facet normal 0 0 1
outer loop
vertex -16.149999618530273 17.165273666381836 2.200000047683716
vertex -31.850000381469727 16.865272521972656 2.200000047683716
vertex -16.149999618530273 16.865272521972656 2.200000047683716
endloop
endfacet
facet normal 0 0 1
outer loop
vertex 32.150001525878906 1.1652733087539673 2.200000047683716
vertex 31.850000381469727 16.865272521972656 2.200000047683716
vertex 31.850000381469727 1.1652733087539673 2.200000047683716
endloop
endfacet
facet normal 1 0 0
outer loop
vertex 32.95000076293945 5.515273094177246 1.7000000476837158
vertex 32.95000076293945 12.515273094177246 1.7000000476837158
vertex 32.95000076293945 1.9652732610702515 2.200000047683716
endloop
endfacet
facet normal -1 0 0
outer loop
vertex 31.049999237060547 5.515273094177246 1.7000000476837158
vertex 31.049999237060547 5.515273094177246 0
vertex 31.049999237060547 1.9652732610702515 2.200000047683716
endloop
endfacet
facet normal 0 0 1
outer loop
vertex -15.850000381469727 16.865272521972656 2.200000047683716
vertex -15.850000381469727 17.165273666381836 2.200000047683716
vertex -16.149999618530273 16.865272521972656 2.200000047683716
endloop
endfacet
facet normal 0 0 1
outer loop
vertex -16.149999618530273 16.865272521972656 2.200000047683716
vertex -15.850000381469727 17.165273666381836 2.200000047683716
vertex -16.149999618530273 17.165273666381836 2.200000047683716
endloop
endfacet
facet normal 0 0 1
outer loop
vertex 32.150001525878906 0.8652732968330383 2.200000047683716
vertex 47.849998474121094 1.1652733087539673 2.200000047683716
vertex 32.150001525878906 1.1652733087539673 2.200000047683716
endloop
endfacet
facet normal 0 0 1
outer loop
vertex 31.850000381469727 0.8652732968330383 2.200000047683716
vertex 32.150001525878906 1.1652733087539673 2.200000047683716
vertex 31.850000381469727 1.1652733087539673 2.200000047683716
endloop
endfacet
facet normal 0 0 1
outer loop
vertex 32.150001525878906 0.8652732968330383 2.200000047683716
vertex 32.150001525878906 1.1652733087539673 2.200000047683716
vertex 31.850000381469727 0.8652732968330383 2.200000047683716
endloop
endfacet
facet normal 0 1 0
outer loop
vertex 47.04999923706055 1.9652732610702515 2.200000047683716
vertex 32.95000076293945 1.9652732610702515 0
vertex 32.95000076293945 1.9652732610702515 2.200000047683716
endloop
endfacet
facet normal 1 0 0
outer loop
vertex 32.95000076293945 1.9652732610702515 0
vertex 32.95000076293945 5.515273094177246 1.7000000476837158
vertex 32.95000076293945 1.9652732610702515 2.200000047683716
endloop
endfacet
facet normal -1 0 0
outer loop
vertex 31.049999237060547 0.06527330726385117 0
vertex 31.049999237060547 -3.484726667404175 1.7000000476837158
vertex 31.049999237060547 0.06527330726385117 2.200000047683716
endloop
endfacet
facet normal 0 0 1
outer loop
vertex 48.70000076293945 33.715274810791016 2.200000047683716
vertex 15.850000381469727 32.865272521972656 2.200000047683716
vertex 16.149999618530273 32.865272521972656 2.200000047683716
endloop
endfacet
facet normal 0 0 1
outer loop
vertex 15.850000381469727 32.865272521972656 2.200000047683716
vertex 48.70000076293945 33.715274810791016 2.200000047683716
vertex 0.15000000596046448 32.865272521972656 2.200000047683716
endloop
endfacet
facet normal 0 -1 0
outer loop
vertex 16.950000762939453 32.06527328491211 2.200000047683716
vertex 31.049999237060547 32.06527328491211 0
vertex 31.049999237060547 32.06527328491211 2.200000047683716
endloop
endfacet
facet normal 0 0 1
outer loop
vertex 15.850000381469727 32.865272521972656 2.200000047683716
vertex 16.149999618530273 17.165273666381836 2.200000047683716
vertex 16.149999618530273 32.865272521972656 2.200000047683716
endloop
endfacet
facet normal 1 0 0
outer loop
vertex 16.950000762939453 32.06527328491211 2.200000047683716
vertex 16.950000762939453 28.515274047851562 1.7000000476837158
vertex 16.950000762939453 28.515274047851562 0
endloop
endfacet
facet normal 1 0 0
outer loop
vertex -15.050000190734863 1.9652732610702515 0
vertex -15.050000190734863 5.515273094177246 1.7000000476837158
vertex -15.050000190734863 1.9652732610702515 2.200000047683716
endloop
endfacet
facet normal 0 1 0
outer loop
vertex -0.949999988079071 1.9652732610702515 2.200000047683716
vertex -15.050000190734863 1.9652732610702515 0
vertex -15.050000190734863 1.9652732610702515 2.200000047683716
endloop
endfacet
facet normal 1 0 0
outer loop
vertex 16.950000762939453 28.515274047851562 1.7000000476837158
vertex 16.950000762939453 32.06527328491211 2.200000047683716
vertex 16.950000762939453 17.965272903442383 2.200000047683716
endloop
endfacet
facet normal 0 0 1
outer loop
vertex -15.850000381469727 0.8652732968330383 2.200000047683716
vertex -0.15000000596046448 1.1652733087539673 2.200000047683716
vertex -15.850000381469727 1.1652733087539673 2.200000047683716
endloop
endfacet
facet normal 0 0 1
outer loop
vertex 16.149999618530273 17.165273666381836 2.200000047683716
vertex 15.850000381469727 32.865272521972656 2.200000047683716
vertex 15.850000381469727 17.165273666381836 2.200000047683716
endloop
endfacet
facet normal 0 0 -1
outer loop
vertex -31.82779312133789 -31.63047218322754 0
vertex -16.17249870300293 -31.63047218322754 0
vertex -32 -31.66472625732422 0
endloop
endfacet
facet normal 0 0 -1
outer loop
vertex -31.82779312133789 -31.63047218322754 0
vertex -31.68180274963379 -31.53292465209961 0
vertex -16.318490982055664 -31.53292465209961 0
endloop
endfacet
facet normal 0 0 -1
outer loop
vertex -31.68180274963379 -31.53292465209961 0
vertex -31.584253311157227 -31.386934280395508 0
vertex -16.416038513183594 -31.386934280395508 0
endloop
endfacet
facet normal 0 0 -1
outer loop
vertex -31.584253311157227 -31.386934280395508 0
vertex -31.549999237060547 -31.2147274017334 0
vertex -16.450292587280273 -31.2147274017334 0
endloop
endfacet
facet normal 0 0 -1
outer loop
vertex -31.549999237060547 -31.2147274017334 0
vertex -31.584253311157227 -31.042518615722656 0
vertex -16.416038513183594 -31.042518615722656 0
endloop
endfacet
facet normal 0 0 -1
outer loop
vertex -31.584253311157227 -31.042518615722656 0
vertex -31.68180274963379 -30.896528244018555 0
vertex -16.318490982055664 -30.896528244018555 0
endloop
endfacet
facet normal 0 0 -1
outer loop
vertex -16.318490982055664 -30.896528244018555 0
vertex -31.68180274963379 -30.896528244018555 0
vertex -31.82779312133789 -30.360471725463867 0
endloop
endfacet
facet normal 0 0 -1
outer loop
vertex -16.318490982055664 -30.896528244018555 0
vertex -31.82779312133789 -30.360471725463867 0
vertex -31.68180274963379 -30.262924194335938 0
endloop
endfacet
facet normal 0 0 -1
outer loop
vertex -31.68180274963379 -30.262924194335938 0
vertex -31.584253311157227 -30.116933822631836 0
vertex -16.00029182434082 -30.394725799560547 0
endloop
endfacet
facet normal 0 0 -1
outer loop
vertex -16.00029182434082 -30.394725799560547 0
vertex -31.584253311157227 -30.116933822631836 0
vertex -31.049999237060547 -30.034727096557617 0
endloop
endfacet
facet normal 0 0 1
outer loop
vertex -32.150001525878906 16.865272521972656 2.200000047683716
vertex -31.850000381469727 17.165273666381836 2.200000047683716
vertex -32.150001525878906 17.165273666381836 2.200000047683716
endloop
endfacet
facet normal 0 0 1
outer loop
vertex -31.850000381469727 16.865272521972656 2.200000047683716
vertex -31.850000381469727 17.165273666381836 2.200000047683716
vertex -32.150001525878906 16.865272521972656 2.200000047683716
endloop
endfacet
facet normal 1 0 0
outer loop
vertex 16.950000762939453 21.515274047851562 1.7000000476837158
vertex 16.950000762939453 28.515274047851562 1.7000000476837158
vertex 16.950000762939453 17.965272903442383 2.200000047683716
endloop
endfacet
facet normal 0 0 1
outer loop
vertex -32.150001525878906 17.165273666381836 2.200000047683716
vertex -47.849998474121094 16.865272521972656 2.200000047683716
vertex -32.150001525878906 16.865272521972656 2.200000047683716
endloop
endfacet
facet normal 1 0 0
outer loop
vertex -31.049999237060547 17.965272903442383 0
vertex -31.049999237060547 21.515274047851562 1.7000000476837158
vertex -31.049999237060547 17.965272903442383 2.200000047683716
endloop
endfacet
facet normal 0 0 1
outer loop
vertex 0.15000000596046448 32.865272521972656 2.200000047683716
vertex 48.70000076293945 33.715274810791016 2.200000047683716
vertex -48.70000076293945 33.715274810791016 2.200000047683716
endloop
endfacet
facet normal 0 0 -1
outer loop
vertex -16.318490982055664 -31.53292465209961 0
vertex -31.68180274963379 -31.53292465209961 0
vertex -16.416038513183594 -31.386934280395508 0
endloop
endfacet
facet normal 0 0 -1
outer loop
vertex -16.17249870300293 -31.63047218322754 0
vertex -16.00029182434082 -31.66472625732422 0
vertex -32 -31.66472625732422 0
endloop
endfacet
facet normal 0 0 -1
outer loop
vertex -16.17249870300293 -31.63047218322754 0
vertex -31.82779312133789 -31.63047218322754 0
vertex -16.318490982055664 -31.53292465209961 0
endloop
endfacet
facet normal 0 0 -1
outer loop
vertex -16.416038513183594 -31.386934280395508 0
vertex -31.584253311157227 -31.386934280395508 0
vertex -16.450292587280273 -31.2147274017334 0
endloop
endfacet
facet normal 0 0 -1
outer loop
vertex -16.450292587280273 -31.2147274017334 0
vertex -31.549999237060547 -31.2147274017334 0
vertex -16.416038513183594 -31.042518615722656 0
endloop
endfacet
facet normal 0 0 -1
outer loop
vertex -16.416038513183594 -31.042518615722656 0
vertex -31.584253311157227 -31.042518615722656 0
vertex -16.318490982055664 -30.896528244018555 0
endloop
endfacet
facet normal 0 0 -1
outer loop
vertex -31.049999237060547 -30.034727096557617 0
vertex -16.950000762939453 -30.034727096557617 0
vertex -16.416038513183594 -30.116933822631836 0
endloop
endfacet
facet normal 0 0 -1
outer loop
vertex -16.318490982055664 -30.896528244018555 0
vertex -31.68180274963379 -30.262924194335938 0
vertex -16.00029182434082 -30.394725799560547 0
endloop
endfacet
facet normal 0 0 -1
outer loop
vertex -16.416038513183594 -30.116933822631836 0
vertex -16.318490982055664 -30.262924194335938 0
vertex -31.049999237060547 -30.034727096557617 0
endloop
endfacet
facet normal 0 0 -1
outer loop
vertex -16.318490982055664 -30.262924194335938 0
vertex -16.17249870300293 -30.360471725463867 0
vertex -31.049999237060547 -30.034727096557617 0
endloop
endfacet
facet normal 0 0 -1
outer loop
vertex -16.00029182434082 -30.394725799560547 0
vertex -31.049999237060547 -30.034727096557617 0
vertex -16.17249870300293 -30.360471725463867 0
endloop
endfacet
facet normal 0 1 0
outer loop
vertex -16.950000762939453 -30.034727096557617 0
vertex -31.049999237060547 -30.034727096557617 0
vertex -16.950000762939453 -30.034727096557617 2.200000047683716
endloop
endfacet
facet normal -1 0 0
outer loop
vertex 15.050000190734863 32.06527328491211 2.200000047683716
vertex 15.050000190734863 28.515274047851562 1.7000000476837158
vertex 15.050000190734863 21.515274047851562 1.7000000476837158
endloop
endfacet
facet normal -1 0 0
outer loop
vertex 15.050000190734863 32.06527328491211 2.200000047683716
vertex 15.050000190734863 32.06527328491211 0
vertex 15.050000190734863 28.515274047851562 1.7000000476837158
endloop
endfacet
facet normal 0 0 -1
outer loop
vertex -16.416038513183594 -30.116933822631836 0
vertex -16.950000762939453 -30.034727096557617 0
vertex -16.450292587280273 -29.944726943969727 0
endloop
endfacet
facet normal 0 0 -1
outer loop
vertex -16.318490982055664 -30.896528244018555 0
vertex -16.00029182434082 -30.394725799560547 0
vertex -16.17249870300293 -30.798980712890625 0
endloop
endfacet
facet normal 0 0 -1
outer loop
vertex -16.17249870300293 -30.798980712890625 0
vertex -16.00029182434082 -30.394725799560547 0
vertex -16.00029182434082 -30.764726638793945 0
endloop
endfacet
facet normal 0 0 -1
outer loop
vertex -16.00029182434082 -30.764726638793945 0
vertex -16.00029182434082 -30.394725799560547 0
vertex -15.828083992004395 -30.798980712890625 0
endloop
endfacet
facet normal 0 0 -1
outer loop
vertex -15.828083992004395 -30.798980712890625 0
vertex -16.00029182434082 -30.394725799560547 0
vertex -15.828083992004395 -30.360471725463867 0
endloop
endfacet
facet normal 0 0 -1
outer loop
vertex -15.584546089172363 -30.116933822631836 0
vertex -15.550292015075684 -29.944726943969727 0
vertex -15.050000190734863 -30.034727096557617 0
endloop
endfacet
facet normal 0 -1 0
outer loop
vertex 0.949999988079071 32.06527328491211 2.200000047683716
vertex 15.050000190734863 32.06527328491211 0
vertex 15.050000190734863 32.06527328491211 2.200000047683716
endloop
endfacet
facet normal -1 0 0
outer loop
vertex 15.050000190734863 21.515274047851562 1.7000000476837158
vertex 15.050000190734863 17.965272903442383 2.200000047683716
vertex 15.050000190734863 32.06527328491211 2.200000047683716
endloop
endfacet
facet normal 0 0 1
outer loop
vertex -0.15000000596046448 32.865272521972656 2.200000047683716
vertex 0.15000000596046448 17.165273666381836 2.200000047683716
vertex 0.15000000596046448 32.865272521972656 2.200000047683716
endloop
endfacet
facet normal 1 0 0
outer loop
vertex 0.949999988079071 32.06527328491211 2.200000047683716
vertex 0.949999988079071 28.515274047851562 1.7000000476837158
vertex 0.949999988079071 28.515274047851562 0
endloop
endfacet
facet normal -1 0 0
outer loop
vertex -32.95000076293945 21.515274047851562 0
vertex -32.95000076293945 17.965272903442383 2.200000047683716
vertex -32.95000076293945 21.515274047851562 1.7000000476837158
endloop
endfacet
facet normal 1 0 0
outer loop
vertex 0.949999988079071 28.515274047851562 1.7000000476837158
vertex 0.949999988079071 32.06527328491211 2.200000047683716
vertex 0.949999988079071 17.965272903442383 2.200000047683716
endloop
endfacet
facet normal 0 -1 0
outer loop
vertex -47.04999923706055 16.06527328491211 2.200000047683716
vertex -32.95000076293945 16.06527328491211 0
vertex -32.95000076293945 16.06527328491211 2.200000047683716
endloop
endfacet
facet normal 1 0 0
outer loop
vertex 0.949999988079071 21.515274047851562 1.7000000476837158
vertex 0.949999988079071 28.515274047851562 1.7000000476837158
vertex 0.949999988079071 17.965272903442383 2.200000047683716
endloop
endfacet
facet normal 0 0 1
outer loop
vertex -32.150001525878906 16.865272521972656 2.200000047683716
vertex -31.850000381469727 1.1652733087539673 2.200000047683716
vertex -31.850000381469727 16.865272521972656 2.200000047683716
endloop
endfacet
facet normal 1 0 0
outer loop
vertex -31.049999237060547 12.515273094177246 1.7000000476837158
vertex -31.049999237060547 16.06527328491211 2.200000047683716
vertex -31.049999237060547 1.9652732610702515 2.200000047683716
endloop
endfacet
facet normal 0 0 1
outer loop
vertex 31.850000381469727 17.165273666381836 2.200000047683716
vertex 16.149999618530273 16.865272521972656 2.200000047683716
vertex 31.850000381469727 16.865272521972656 2.200000047683716
endloop
endfacet
facet normal 0 -1 0
outer loop
vertex 16.950000762939453 16.06527328491211 2.200000047683716
vertex 31.049999237060547 16.06527328491211 0
vertex 31.049999237060547 16.06527328491211 2.200000047683716
endloop
endfacet
facet normal 0 0 1
outer loop
vertex 16.149999618530273 16.865272521972656 2.200000047683716
vertex 31.850000381469727 17.165273666381836 2.200000047683716
vertex 16.149999618530273 17.165273666381836 2.200000047683716
endloop
endfacet
facet normal 0 0 1
outer loop
vertex 15.850000381469727 16.865272521972656 2.200000047683716
vertex 16.149999618530273 17.165273666381836 2.200000047683716
vertex 15.850000381469727 17.165273666381836 2.200000047683716
endloop
endfacet
facet normal 0 0 1
outer loop
vertex 16.149999618530273 16.865272521972656 2.200000047683716
vertex 16.149999618530273 17.165273666381836 2.200000047683716
vertex 15.850000381469727 16.865272521972656 2.200000047683716
endloop
endfacet
facet normal 0 1 0
outer loop
vertex 31.049999237060547 17.965272903442383 2.200000047683716
vertex 16.950000762939453 17.965272903442383 0
vertex 16.950000762939453 17.965272903442383 2.200000047683716
endloop
endfacet
facet normal 1 0 0
outer loop
vertex 16.950000762939453 17.965272903442383 0
vertex 16.950000762939453 21.515274047851562 1.7000000476837158
vertex 16.950000762939453 17.965272903442383 2.200000047683716
endloop
endfacet
facet normal 0 0 1
outer loop
vertex 15.850000381469727 16.865272521972656 2.200000047683716
vertex 16.149999618530273 1.1652733087539673 2.200000047683716
vertex 16.149999618530273 16.865272521972656 2.200000047683716
endloop
endfacet
facet normal 1 0 0
outer loop
vertex 16.950000762939453 12.515273094177246 1.7000000476837158
vertex 16.950000762939453 16.06527328491211 2.200000047683716
vertex 16.950000762939453 1.9652732610702515 2.200000047683716
endloop
endfacet
facet normal -1 0 0
outer loop
vertex -32.95000076293945 16.06527328491211 2.200000047683716
vertex -32.95000076293945 12.515273094177246 1.7000000476837158
vertex -32.95000076293945 5.515273094177246 1.7000000476837158
endloop
endfacet
facet normal 1 0 0
outer loop
vertex 16.950000762939453 12.515273094177246 1.7000000476837158
vertex 16.950000762939453 12.515273094177246 0
vertex 16.950000762939453 16.06527328491211 2.200000047683716
endloop
endfacet
facet normal 1 0 0
outer loop
vertex -31.049999237060547 12.515273094177246 1.7000000476837158
vertex -31.049999237060547 12.515273094177246 0
vertex -31.049999237060547 16.06527328491211 2.200000047683716
endloop
endfacet
facet normal -1 0 0
outer loop
vertex -32.95000076293945 16.06527328491211 0
vertex -32.95000076293945 12.515273094177246 1.7000000476837158
vertex -32.95000076293945 16.06527328491211 2.200000047683716
endloop
endfacet
facet normal 0 0 -1
outer loop
vertex -16.450292587280273 -29.944726943969727 0
vertex -16.950000762939453 -30.034727096557617 0
vertex -16.416038513183594 -29.772520065307617 0
endloop
endfacet
facet normal 0 0 -1
outer loop
vertex -16.416038513183594 -29.772520065307617 0
vertex -16.950000762939453 -30.034727096557617 0
vertex -16.416038513183594 -28.846933364868164 0
endloop
endfacet
facet normal 0 0 -1
outer loop
vertex -16.416038513183594 -29.772520065307617 0
vertex -16.318490982055664 -28.9929256439209 0
vertex -16.318490982055664 -29.626527786254883 0
endloop
endfacet
facet normal 0 0 -1
outer loop
vertex -16.318490982055664 -29.626527786254883 0
vertex -16.318490982055664 -28.9929256439209 0
vertex -16.17249870300293 -29.528980255126953 0
endloop
endfacet
facet normal 0 0 -1
outer loop
vertex -16.416038513183594 -28.846933364868164 0
vertex -16.950000762939453 -30.034727096557617 0
vertex -16.450292587280273 -28.674726486206055 0
endloop
endfacet
facet normal 0 0 -1
outer loop
vertex -16.318490982055664 -28.9929256439209 0
vertex -16.416038513183594 -29.772520065307617 0
vertex -16.416038513183594 -28.846933364868164 0
endloop
endfacet
facet normal 0 0 -1
outer loop
vertex -16.17249870300293 -29.528980255126953 0
vertex -16.318490982055664 -28.9929256439209 0
vertex -16.17249870300293 -29.090473175048828 0
endloop
endfacet
facet normal 0 0 -1
outer loop
vertex -16.450292587280273 -28.674726486206055 0
vertex -16.950000762939453 -30.034727096557617 0
vertex -16.416038513183594 -27.576934814453125 0
endloop
endfacet
facet normal 0 0 -1
outer loop
vertex -16.17249870300293 -29.528980255126953 0
vertex -16.17249870300293 -29.090473175048828 0
vertex -16.00029182434082 -29.494726181030273 0
endloop
endfacet
facet normal 0 0 -1
outer loop
vertex -16.00029182434082 -29.494726181030273 0
vertex -16.17249870300293 -29.090473175048828 0
vertex -16.00029182434082 -29.124727249145508 0
endloop
endfacet
facet normal 0 0 -1
outer loop
vertex -15.828083992004395 -29.528980255126953 0
vertex -15.828083992004395 -29.090473175048828 0
vertex -15.682093620300293 -29.626527786254883 0
endloop
endfacet
facet normal 0 0 -1
outer loop
vertex -16.00029182434082 -29.494726181030273 0
vertex -16.00029182434082 -29.124727249145508 0
vertex -15.828083992004395 -29.528980255126953 0
endloop
endfacet
facet normal 0 0 -1
outer loop
vertex -15.828083992004395 -29.090473175048828 0
vertex -15.828083992004395 -29.528980255126953 0
vertex -16.00029182434082 -29.124727249145508 0
endloop
endfacet
facet normal 0 0 -1
outer loop
vertex -15.682093620300293 -29.626527786254883 0
vertex -15.828083992004395 -29.090473175048828 0
vertex -15.682093620300293 -28.9929256439209 0
endloop
endfacet
facet normal 0 0 -1
outer loop
vertex -15.050000190734863 -30.034727096557617 0
vertex -15.550292015075684 -29.944726943969727 0
vertex -15.584546089172363 -29.772520065307617 0
endloop
endfacet
facet normal 0 0 -1
outer loop
vertex -15.050000190734863 -30.034727096557617 0
vertex -15.584546089172363 -29.772520065307617 0
vertex -15.682093620300293 -28.9929256439209 0
endloop
endfacet
facet normal 0 0 -1
outer loop
vertex -15.682093620300293 -28.9929256439209 0
vertex -15.584546089172363 -29.772520065307617 0
vertex -15.682093620300293 -29.626527786254883 0
endloop
endfacet
facet normal 0 0 -1
outer loop
vertex -15.050000190734863 -30.034727096557617 0
vertex -15.682093620300293 -28.9929256439209 0
vertex -15.584546089172363 -28.846933364868164 0
endloop
endfacet
facet normal 0 0 -1
outer loop
vertex -15.050000190734863 -30.034727096557617 0
vertex -15.584546089172363 -28.846933364868164 0
vertex -15.550292015075684 -28.674726486206055 0
endloop
endfacet
facet normal 0 0 -1
outer loop
vertex -15.050000190734863 -30.034727096557617 0
vertex -15.550292015075684 -28.674726486206055 0
vertex -15.584546089172363 -28.502519607543945 0
endloop
endfacet
facet normal 0 0 -1
outer loop
vertex -15.050000190734863 -30.034727096557617 0
vertex -15.584546089172363 -28.502519607543945 0
vertex -15.682093620300293 -27.722925186157227 0
endloop
endfacet
facet normal 0 0 -1
outer loop
vertex -16.416038513183594 -27.576934814453125 0
vertex -16.950000762939453 -30.034727096557617 0
vertex -16.950000762939453 -26.484725952148438 0
endloop
endfacet
facet normal 0 0 -1
outer loop
vertex -16.450292587280273 -28.674726486206055 0
vertex -16.416038513183594 -27.576934814453125 0
vertex -16.416038513183594 -28.502519607543945 0
endloop
endfacet
facet normal 0 0 -1
outer loop
vertex -16.416038513183594 -28.502519607543945 0
vertex -16.416038513183594 -27.576934814453125 0
vertex -16.318490982055664 -28.356529235839844 0
endloop
endfacet
facet normal 0 0 -1
outer loop
vertex -16.318490982055664 -28.356529235839844 0
vertex -16.318490982055664 -27.722925186157227 0
vertex -16.17249870300293 -28.258981704711914 0
endloop
endfacet
facet normal 0 0 -1
outer loop
vertex -16.318490982055664 -27.722925186157227 0
vertex -16.318490982055664 -28.356529235839844 0
vertex -16.416038513183594 -27.576934814453125 0
endloop
endfacet
facet normal 0 0 -1
outer loop
vertex -16.17249870300293 -28.258981704711914 0
vertex -16.318490982055664 -27.722925186157227 0
vertex -16.17249870300293 -27.820472717285156 0
endloop
endfacet
facet normal 0 0 -1
outer loop
vertex -16.416038513183594 -27.576934814453125 0
vertex -16.950000762939453 -26.484725952148438 0
vertex -16.450292587280273 -27.404726028442383 0
endloop
endfacet
facet normal 0 0 -1
outer loop
vertex -15.828083992004395 -28.258981704711914 0
vertex -15.828083992004395 -27.820472717285156 0
vertex -15.682093620300293 -28.356529235839844 0
endloop
endfacet
facet normal 0 0 -1
outer loop
vertex -16.17249870300293 -28.258981704711914 0
vertex -16.17249870300293 -27.820472717285156 0
vertex -16.00029182434082 -28.224727630615234 0
endloop
endfacet
facet normal 0 0 -1
outer loop
vertex -16.00029182434082 -28.224727630615234 0
vertex -16.17249870300293 -27.820472717285156 0
vertex -16.00029182434082 -27.854726791381836 0
endloop
endfacet
facet normal 0 0 -1
outer loop
vertex -16.00029182434082 -28.224727630615234 0
vertex -16.00029182434082 -27.854726791381836 0
vertex -15.828083992004395 -28.258981704711914 0
endloop
endfacet
facet normal 0 0 -1
outer loop
vertex -15.828083992004395 -27.820472717285156 0
vertex -15.828083992004395 -28.258981704711914 0
vertex -16.00029182434082 -27.854726791381836 0
endloop
endfacet
facet normal 0 0 -1
outer loop
vertex -15.682093620300293 -28.356529235839844 0
vertex -15.828083992004395 -27.820472717285156 0
vertex -15.682093620300293 -27.722925186157227 0
endloop
endfacet
facet normal 0 0 -1
outer loop
vertex -15.682093620300293 -27.722925186157227 0
vertex -15.584546089172363 -28.502519607543945 0
vertex -15.682093620300293 -28.356529235839844 0
endloop
endfacet
facet normal 0 0 -1
outer loop
vertex -15.050000190734863 -30.034727096557617 0
vertex -15.682093620300293 -27.722925186157227 0
vertex -15.584546089172363 -27.576934814453125 0
endloop
endfacet
facet normal 0 0 -1
outer loop
vertex -15.050000190734863 -30.034727096557617 0
vertex -15.584546089172363 -27.576934814453125 0
vertex -15.550292015075684 -27.404726028442383 0
endloop
endfacet
facet normal 0 0 1
outer loop
vertex 31.850000381469727 1.1652733087539673 2.200000047683716
vertex 16.149999618530273 0.8652732968330383 2.200000047683716
vertex 31.850000381469727 0.8652732968330383 2.200000047683716
endloop
endfacet
facet normal 0 -1 0
outer loop
vertex 16.950000762939453 0.06527330726385117 2.200000047683716
vertex 31.049999237060547 0.06527330726385117 0
vertex 31.049999237060547 0.06527330726385117 2.200000047683716
endloop
endfacet
facet normal 0 0 1
outer loop
vertex -47.849998474121094 16.865272521972656 2.200000047683716
vertex -32.150001525878906 17.165273666381836 2.200000047683716
vertex -47.849998474121094 17.165273666381836 2.200000047683716
endloop
endfacet
facet normal 0 0 1
outer loop
vertex 16.149999618530273 1.1652733087539673 2.200000047683716
vertex 15.850000381469727 16.865272521972656 2.200000047683716
vertex 15.850000381469727 1.1652733087539673 2.200000047683716
endloop
endfacet
facet normal -1 0 0
outer loop
vertex -16.950000762939453 -26.484725952148438 0
vertex -16.950000762939453 -30.034727096557617 0
vertex -16.950000762939453 -30.034727096557617 2.200000047683716
endloop
endfacet
facet normal 1 0 0
outer loop
vertex 16.950000762939453 5.515273094177246 1.7000000476837158
vertex 16.950000762939453 12.515273094177246 1.7000000476837158
vertex 16.950000762939453 1.9652732610702515 2.200000047683716
endloop
endfacet
facet normal 0 1 0
outer loop
vertex -32.95000076293945 17.965272903442383 2.200000047683716
vertex -47.04999923706055 17.965272903442383 0
vertex -47.04999923706055 17.965272903442383 2.200000047683716
endloop
endfacet
facet normal 1 0 0
outer loop
vertex -15.050000190734863 5.515273094177246 1.7000000476837158
vertex -15.050000190734863 12.515273094177246 1.7000000476837158
vertex -15.050000190734863 1.9652732610702515 2.200000047683716
endloop
endfacet
facet normal 0 0 1
outer loop
vertex 16.149999618530273 0.8652732968330383 2.200000047683716
vertex 31.850000381469727 1.1652733087539673 2.200000047683716
vertex 16.149999618530273 1.1652733087539673 2.200000047683716
endloop
endfacet
facet normal 0 0 1
outer loop
vertex 15.850000381469727 0.8652732968330383 2.200000047683716
vertex 16.149999618530273 1.1652733087539673 2.200000047683716
vertex 15.850000381469727 1.1652733087539673 2.200000047683716
endloop
endfacet
facet normal 0 0 1
outer loop
vertex 16.149999618530273 0.8652732968330383 2.200000047683716
vertex 16.149999618530273 1.1652733087539673 2.200000047683716
vertex 15.850000381469727 0.8652732968330383 2.200000047683716
endloop
endfacet
facet normal 0 1 0
outer loop
vertex 31.049999237060547 1.9652732610702515 2.200000047683716
vertex 16.950000762939453 1.9652732610702515 0
vertex 16.950000762939453 1.9652732610702515 2.200000047683716
endloop
endfacet
facet normal 1 0 0
outer loop
vertex 16.950000762939453 1.9652732610702515 0
vertex 16.950000762939453 5.515273094177246 1.7000000476837158
vertex 16.950000762939453 1.9652732610702515 2.200000047683716
endloop
endfacet
facet normal 0 0 1
outer loop
vertex 15.850000381469727 17.165273666381836 2.200000047683716
vertex 0.15000000596046448 16.865272521972656 2.200000047683716
vertex 15.850000381469727 16.865272521972656 2.200000047683716
endloop
endfacet
facet normal -1 0 0
outer loop
vertex 15.050000190734863 21.515274047851562 0
vertex 15.050000190734863 17.965272903442383 2.200000047683716
vertex 15.050000190734863 21.515274047851562 1.7000000476837158
endloop
endfacet
facet normal 0 -1 0
outer loop
vertex 0.949999988079071 16.06527328491211 2.200000047683716
vertex 15.050000190734863 16.06527328491211 0
vertex 15.050000190734863 16.06527328491211 2.200000047683716
endloop
endfacet
facet normal -1 0 0
outer loop
vertex 15.050000190734863 16.06527328491211 2.200000047683716
vertex 15.050000190734863 12.515273094177246 1.7000000476837158
vertex 15.050000190734863 5.515273094177246 1.7000000476837158
endloop
endfacet
facet normal -1 0 0
outer loop
vertex 15.050000190734863 16.06527328491211 0
vertex 15.050000190734863 12.515273094177246 1.7000000476837158
vertex 15.050000190734863 16.06527328491211 2.200000047683716
endloop
endfacet
facet normal 0 0 1
outer loop
vertex 0.15000000596046448 16.865272521972656 2.200000047683716
vertex 15.850000381469727 17.165273666381836 2.200000047683716
vertex 0.15000000596046448 17.165273666381836 2.200000047683716
endloop
endfacet
facet normal 0 0 1
outer loop
vertex 0.15000000596046448 16.865272521972656 2.200000047683716
vertex 0.15000000596046448 17.165273666381836 2.200000047683716
vertex -0.15000000596046448 16.865272521972656 2.200000047683716
endloop
endfacet
facet normal 0 1 0
outer loop
vertex 15.050000190734863 17.965272903442383 2.200000047683716
vertex 0.949999988079071 17.965272903442383 0
vertex 0.949999988079071 17.965272903442383 2.200000047683716
endloop
endfacet
facet normal 1 0 0
outer loop
vertex 0.949999988079071 17.965272903442383 0
vertex 0.949999988079071 21.515274047851562 1.7000000476837158
vertex 0.949999988079071 17.965272903442383 2.200000047683716
endloop
endfacet
facet normal 0 0 1
outer loop
vertex -0.15000000596046448 16.865272521972656 2.200000047683716
vertex 0.15000000596046448 1.1652733087539673 2.200000047683716
vertex 0.15000000596046448 16.865272521972656 2.200000047683716
endloop
endfacet
facet normal 1 0 0
outer loop
vertex 0.949999988079071 12.515273094177246 1.7000000476837158
vertex 0.949999988079071 16.06527328491211 2.200000047683716
vertex 0.949999988079071 1.9652732610702515 2.200000047683716
endloop
endfacet
facet normal 0 0 -1
outer loop
vertex -16.416038513183594 -27.232519149780273 0
vertex -16.450292587280273 -27.404726028442383 0
vertex -16.950000762939453 -26.484725952148438 0
endloop
endfacet
facet normal 0 0 -1
outer loop
vertex -16.950000762939453 -26.484725952148438 0
vertex -16.27089500427246 -26.484725952148438 0
vertex -16.416038513183594 -27.232519149780273 0
endloop
endfacet
facet normal 0 0 -1
outer loop
vertex -16.318490982055664 -27.086528778076172 0
vertex -16.416038513183594 -27.232519149780273 0
vertex -16.17249870300293 -26.550472259521484 0
endloop
endfacet
facet normal 0 0 -1
outer loop
vertex -16.318490982055664 -27.086528778076172 0
vertex -16.17249870300293 -26.550472259521484 0
vertex -16.17249870300293 -26.988981246948242 0
endloop
endfacet
facet normal 0 0 -1
outer loop
vertex -16.17249870300293 -26.550472259521484 0
vertex -16.416038513183594 -27.232519149780273 0
vertex -16.27089500427246 -26.484725952148438 0
endloop
endfacet
facet normal 0 0 -1
outer loop
vertex -16.17249870300293 -26.988981246948242 0
vertex -16.00029182434082 -26.584726333618164 0
vertex -16.00029182434082 -26.954727172851562 0
endloop
endfacet
facet normal 0 0 -1
outer loop
vertex -16.00029182434082 -26.954727172851562 0
vertex -16.00029182434082 -26.584726333618164 0
vertex -15.828083992004395 -26.988981246948242 0
endloop
endfacet
facet normal 0 0 -1
outer loop
vertex -15.682093620300293 -27.086528778076172 0
vertex -15.828083992004395 -26.988981246948242 0
vertex -15.72968864440918 -26.484725952148438 0
endloop
endfacet
facet normal 0 0 -1
outer loop
vertex -16.00029182434082 -26.584726333618164 0
vertex -16.17249870300293 -26.988981246948242 0
vertex -16.17249870300293 -26.550472259521484 0
endloop
endfacet
facet normal 0 0 -1
outer loop
vertex -15.72968864440918 -26.484725952148438 0
vertex -15.828083992004395 -26.988981246948242 0
vertex -16.00029182434082 -26.584726333618164 0
endloop
endfacet
facet normal 0 0 -1
outer loop
vertex -15.584546089172363 -27.232519149780273 0
vertex -15.050000190734863 -26.484725952148438 0
vertex -15.550292015075684 -27.404726028442383 0
endloop
endfacet
facet normal 0 0 -1
outer loop
vertex -15.584546089172363 -27.232519149780273 0
vertex -15.682093620300293 -27.086528778076172 0
vertex -15.050000190734863 -26.484725952148438 0
endloop
endfacet
facet normal 0 0 -1
outer loop
vertex -15.050000190734863 -26.484725952148438 0
vertex -15.682093620300293 -27.086528778076172 0
vertex -15.72968864440918 -26.484725952148438 0
endloop
endfacet
facet normal 0 0 -1
outer loop
vertex -16.25 -25.77076530456543 0
vertex -16.25 -25.228689193725586 0
vertex -16.17249870300293 -25.71898078918457 0
endloop
endfacet
facet normal 0 0 -1
outer loop
vertex -16.25 -24.500764846801758 0
vertex -16.25 -23.958688735961914 0
vertex -16.17249870300293 -24.4489803314209 0
endloop
endfacet
facet normal 0 0 -1
outer loop
vertex -16.17249870300293 -25.71898078918457 0
vertex -16.25 -25.228689193725586 0
vertex -16.00029182434082 -25.68472671508789 0
endloop
endfacet
facet normal 0 0 -1
outer loop
vertex -16.00029182434082 -25.68472671508789 0
vertex -16.25 -25.228689193725586 0
vertex -16.00029182434082 -25.314725875854492 0
endloop
endfacet
facet normal 0 0 -1
outer loop
vertex -16.00029182434082 -25.68472671508789 0
vertex -16.00029182434082 -25.314725875854492 0
vertex -15.75 -25.771154403686523 0
endloop
endfacet
facet normal 0 0 -1
outer loop
vertex -15.75 -25.771154403686523 0
vertex -16.00029182434082 -25.314725875854492 0
vertex -15.75 -25.22829818725586 0
endloop
endfacet
facet normal 0 0 -1
outer loop
vertex -16.17249870300293 -24.4489803314209 0
vertex -16.25 -23.958688735961914 0
vertex -16.00029182434082 -24.41472625732422 0
endloop
endfacet
facet normal 0 0 -1
outer loop
vertex -16.00029182434082 -24.41472625732422 0
vertex -16.00029182434082 -24.044727325439453 0
vertex -15.75 -24.501155853271484 0
endloop
endfacet
facet normal 0 -1 0
outer loop
vertex -15.050000190734863 0.06527330726385117 2.200000047683716
vertex -0.949999988079071 0.06527330726385117 0
vertex -0.949999988079071 0.06527330726385117 2.200000047683716
endloop
endfacet
facet normal 1 0 0
outer loop
vertex 0.949999988079071 12.515273094177246 1.7000000476837158
vertex 0.949999988079071 12.515273094177246 0
vertex 0.949999988079071 16.06527328491211 2.200000047683716
endloop
endfacet
facet normal -1 0 0
outer loop
vertex -0.949999988079071 0.06527330726385117 0
vertex -0.949999988079071 -3.484726667404175 1.7000000476837158
vertex -0.949999988079071 0.06527330726385117 2.200000047683716
endloop
endfacet
facet normal -1 0 0
outer loop
vertex 15.050000190734863 5.515273094177246 1.7000000476837158
vertex 15.050000190734863 1.9652732610702515 2.200000047683716
vertex 15.050000190734863 16.06527328491211 2.200000047683716
endloop
endfacet
facet normal -1 0 0
outer loop
vertex 15.050000190734863 5.515273094177246 0
vertex 15.050000190734863 1.9652732610702515 2.200000047683716
vertex 15.050000190734863 5.515273094177246 1.7000000476837158
endloop
endfacet
facet normal 0 0 1
outer loop
vertex 15.850000381469727 1.1652733087539673 2.200000047683716
vertex 0.15000000596046448 0.8652732968330383 2.200000047683716
vertex 15.850000381469727 0.8652732968330383 2.200000047683716
endloop
endfacet
facet normal -1 0 0
outer loop
vertex 15.050000190734863 0.06527330726385117 0
vertex 15.050000190734863 -3.484726667404175 1.7000000476837158
vertex 15.050000190734863 0.06527330726385117 2.200000047683716
endloop
endfacet
facet normal 0 -1 0
outer loop
vertex 0.949999988079071 0.06527330726385117 2.200000047683716
vertex 15.050000190734863 0.06527330726385117 0
vertex 15.050000190734863 0.06527330726385117 2.200000047683716
endloop
endfacet
facet normal 0 0 1
outer loop
vertex -0.15000000596046448 1.1652733087539673 2.200000047683716
vertex -15.850000381469727 0.8652732968330383 2.200000047683716
vertex -0.15000000596046448 0.8652732968330383 2.200000047683716
endloop
endfacet
facet normal 0 0 1
outer loop
vertex -0.15000000596046448 0.8652732968330383 2.200000047683716
vertex 0.15000000596046448 1.1652733087539673 2.200000047683716
vertex -0.15000000596046448 1.1652733087539673 2.200000047683716
endloop
endfacet
facet normal -1 0 0
outer loop
vertex -0.949999988079071 5.515273094177246 1.7000000476837158
vertex -0.949999988079071 5.515273094177246 0
vertex -0.949999988079071 1.9652732610702515 2.200000047683716
endloop
endfacet
facet normal 1 0 0
outer loop
vertex 0.949999988079071 5.515273094177246 1.7000000476837158
vertex 0.949999988079071 12.515273094177246 1.7000000476837158
vertex 0.949999988079071 1.9652732610702515 2.200000047683716
endloop
endfacet
facet normal 0 0 1
outer loop
vertex 0.15000000596046448 1.1652733087539673 2.200000047683716
vertex -0.15000000596046448 16.865272521972656 2.200000047683716
vertex -0.15000000596046448 1.1652733087539673 2.200000047683716
endloop
endfacet
facet normal 0 0 -1
outer loop
vertex -31.68180274963379 -27.722925186157227 0
vertex -31.584253311157227 -27.576934814453125 0
vertex -31.049999237060547 -30.034727096557617 0
endloop
endfacet
facet normal 0 0 1
outer loop
vertex 0.15000000596046448 0.8652732968330383 2.200000047683716
vertex 15.850000381469727 1.1652733087539673 2.200000047683716
vertex 0.15000000596046448 1.1652733087539673 2.200000047683716
endloop
endfacet
facet normal 0 0 1
outer loop
vertex 0.15000000596046448 0.8652732968330383 2.200000047683716
vertex 0.15000000596046448 1.1652733087539673 2.200000047683716
vertex -0.15000000596046448 0.8652732968330383 2.200000047683716
endloop
endfacet
facet normal 0 0 -1
outer loop
vertex -15.050000190734863 -30.034727096557617 0
vertex -15.550292015075684 -27.404726028442383 0
vertex -15.050000190734863 -26.484725952148438 0
endloop
endfacet
facet normal 1 0 0
outer loop
vertex -15.050000190734863 -30.034727096557617 0
vertex -15.050000190734863 -26.484725952148438 0
vertex -15.050000190734863 -26.484725952148438 1.7000000476837158
endloop
endfacet
facet normal 0 1 0
outer loop
vertex 15.050000190734863 1.9652732610702515 2.200000047683716
vertex 0.949999988079071 1.9652732610702515 0
vertex 0.949999988079071 1.9652732610702515 2.200000047683716
endloop
endfacet
facet normal 0 1 0
outer loop
vertex -15.050000190734863 -30.034727096557617 0
vertex -0.949999988079071 -30.034727096557617 2.200000047683716
vertex -0.949999988079071 -30.034727096557617 0
endloop
endfacet
facet normal 0 0 -1
outer loop
vertex -0.949999988079071 -30.034727096557617 0
vertex -0.25 -26.484725952148438 0
vertex 0.949999988079071 -30.034727096557617 0
endloop
endfacet
facet normal 0 0 -1
outer loop
vertex -0.25 -26.484725952148438 0
vertex -0.949999988079071 -30.034727096557617 0
vertex -0.949999988079071 -26.484725952148438 0
endloop
endfacet
facet normal -1 0 0
outer loop
vertex -0.949999988079071 -26.484725952148438 0
vertex -0.949999988079071 -30.034727096557617 0
vertex -0.949999988079071 -30.034727096557617 2.200000047683716
endloop
endfacet
facet normal -1 0 0
outer loop
vertex -0.949999988079071 5.515273094177246 1.7000000476837158
vertex -0.949999988079071 1.9652732610702515 2.200000047683716
vertex -0.949999988079071 16.06527328491211 2.200000047683716
endloop
endfacet
facet normal 0 -1 0
outer loop
vertex -31.049999237060547 -15.93472671508789 2.200000047683716
vertex -31.049999237060547 -15.93472671508789 0
vertex -16.950000762939453 -15.93472671508789 0
endloop
endfacet
facet normal 0 0 -1
outer loop
vertex -31.049999237060547 -15.93472671508789 0
vertex -31.049999237060547 -14.034727096557617 0
vertex -16.950000762939453 -14.034727096557617 0
endloop
endfacet
facet normal 0 0 -1
outer loop
vertex -16.25 -23.230764389038086 0
vertex -16.25 -22.688688278198242 0
vertex -16.17249870300293 -23.17898178100586 0
endloop
endfacet
facet normal 0 0 -1
outer loop
vertex -16.25 -23.958688735961914 0
vertex -16.00029182434082 -24.044727325439453 0
vertex -16.00029182434082 -24.41472625732422 0
endloop
endfacet
facet normal 0 0 -1
outer loop
vertex -16.00029182434082 -24.044727325439453 0
vertex -15.75 -23.958297729492188 0
vertex -15.75 -24.501155853271484 0
endloop
endfacet
facet normal 0 0 -1
outer loop
vertex -16.17249870300293 -23.17898178100586 0
vertex -16.00029182434082 -22.77472686767578 0
vertex -16.00029182434082 -23.144725799560547 0
endloop
endfacet
facet normal 0 0 -1
outer loop
vertex -16.00029182434082 -22.77472686767578 0
vertex -16.17249870300293 -23.17898178100586 0
vertex -16.25 -22.688688278198242 0
endloop
endfacet
facet normal 0 0 -1
outer loop
vertex -15.828083992004395 -23.17898178100586 0
vertex -16.00029182434082 -23.144725799560547 0
vertex -16.00029182434082 -22.77472686767578 0
endloop
endfacet
facet normal 0 0 -1
outer loop
vertex -15.828083992004395 -23.17898178100586 0
vertex -16.00029182434082 -22.77472686767578 0
vertex -15.75 -23.231155395507812 0
endloop
endfacet
facet normal 0 0 -1
outer loop
vertex -16.00029182434082 -22.77472686767578 0
vertex -15.75 -22.688297271728516 0
vertex -15.75 -23.231155395507812 0
endloop
endfacet
facet normal 1 0 0
outer loop
vertex 0.949999988079071 1.9652732610702515 0
vertex 0.949999988079071 5.515273094177246 1.7000000476837158
vertex 0.949999988079071 1.9652732610702515 2.200000047683716
endloop
endfacet
facet normal 1 0 0
outer loop
vertex -15.050000190734863 12.515273094177246 1.7000000476837158
vertex -15.050000190734863 12.515273094177246 0
vertex -15.050000190734863 16.06527328491211 2.200000047683716
endloop
endfacet
facet normal 0 0 -1
outer loop
vertex 48.70000076293945 33.715274810791016 0
vertex 47.75 28.515274047851562 0
vertex 47.04999923706055 32.06527328491211 0
endloop
endfacet
facet normal 1 0 0
outer loop
vertex -15.050000190734863 16.06527328491211 2.200000047683716
vertex -15.050000190734863 1.9652732610702515 2.200000047683716
vertex -15.050000190734863 12.515273094177246 1.7000000476837158
endloop
endfacet
facet normal -1 0 0
outer loop
vertex 47.04999923706055 32.06527328491211 0
vertex 47.04999923706055 28.515274047851562 0
vertex 47.04999923706055 28.515274047851562 1.7000000476837158
endloop
endfacet
facet normal 0 0 -1
outer loop
vertex 48.70000076293945 33.715274810791016 0
vertex 47.75 21.515274047851562 0
vertex 47.75 28.515274047851562 0
endloop
endfacet
facet normal 0 0 -1
outer loop
vertex 47.04999923706055 28.515274047851562 0
vertex 47.04999923706055 32.06527328491211 0
vertex 47.75 28.515274047851562 0
endloop
endfacet
facet normal -1 0 0
outer loop
vertex -32.95000076293945 5.515273094177246 1.7000000476837158
vertex -32.95000076293945 1.9652732610702515 2.200000047683716
vertex -32.95000076293945 16.06527328491211 2.200000047683716
endloop
endfacet
facet normal 0 0 1
outer loop
vertex -31.850000381469727 1.1652733087539673 2.200000047683716
vertex -32.150001525878906 16.865272521972656 2.200000047683716
vertex -32.150001525878906 1.1652733087539673 2.200000047683716
endloop
endfacet
facet normal 0 0 -1
outer loop
vertex 47.75 12.515273094177246 0
vertex 47.75 21.515274047851562 0
vertex 48.70000076293945 33.715274810791016 0
endloop
endfacet
facet normal 0 -1 0
outer loop
vertex 32.95000076293945 32.06527328491211 2.200000047683716
vertex 32.95000076293945 32.06527328491211 0
vertex 47.04999923706055 32.06527328491211 0
endloop
endfacet
facet normal 1 0 0
outer loop
vertex 32.95000076293945 28.515274047851562 0
vertex 32.95000076293945 32.06527328491211 0
vertex 32.95000076293945 32.06527328491211 2.200000047683716
endloop
endfacet
facet normal 0 0 -1
outer loop
vertex 32.95000076293945 32.06527328491211 0
vertex 32.25 28.515274047851562 0
vertex 31.049999237060547 32.06527328491211 0
endloop
endfacet
facet normal 0 0 -1
outer loop
vertex -16.17249870300293 -21.908981323242188 0
vertex -16.25 -21.960765838623047 0
vertex -16.25 -19.484725952148438 0
endloop
endfacet
facet normal 0 0 -1
outer loop
vertex -16.00029182434082 -21.874727249145508 0
vertex -16.17249870300293 -21.908981323242188 0
vertex -16.25 -19.484725952148438 0
endloop
endfacet
facet normal 0 0 -1
outer loop
vertex -15.828083992004395 -21.908981323242188 0
vertex -16.00029182434082 -21.874727249145508 0
vertex -15.75 -19.484725952148438 0
endloop
endfacet
facet normal 0 0 -1
outer loop
vertex -15.75 -21.96115493774414 0
vertex -15.828083992004395 -21.908981323242188 0
vertex -15.75 -19.484725952148438 0
endloop
endfacet
facet normal 0 0 -1
outer loop
vertex -15.75 -19.484725952148438 0
vertex -16.00029182434082 -21.874727249145508 0
vertex -16.25 -19.484725952148438 0
endloop
endfacet
facet normal 1 0 0
outer loop
vertex -31.049999237060547 5.515273094177246 1.7000000476837158
vertex -31.049999237060547 12.515273094177246 1.7000000476837158
vertex -31.049999237060547 1.9652732610702515 2.200000047683716
endloop
endfacet
facet normal -1 0 0
outer loop
vertex -32.95000076293945 5.515273094177246 1.7000000476837158
vertex -32.95000076293945 5.515273094177246 0
vertex -32.95000076293945 1.9652732610702515 2.200000047683716
endloop
endfacet
facet normal 0 0 1
outer loop
vertex -32.150001525878906 0.8652732968330383 2.200000047683716
vertex -31.850000381469727 1.1652733087539673 2.200000047683716
vertex -32.150001525878906 1.1652733087539673 2.200000047683716
endloop
endfacet
facet normal 0 0 -1
outer loop
vertex -16.950000762939453 -15.93472671508789 0
vertex -31.049999237060547 -15.93472671508789 0
vertex -16.950000762939453 -14.034727096557617 0
endloop
endfacet
facet normal 0 1 0
outer loop
vertex -16.950000762939453 -14.034727096557617 0
vertex -31.049999237060547 -14.034727096557617 0
vertex -16.950000762939453 -14.034727096557617 2.200000047683716
endloop
endfacet
facet normal 0 0 -1
outer loop
vertex -16.25 -19.484725952148438 0
vertex -16.950000762939453 -19.484725952148438 0
vertex -16.950000762939453 -15.93472671508789 0
endloop
endfacet
facet normal 0 0 -1
outer loop
vertex -15.75 -19.484725952148438 0
vertex -16.25 -19.484725952148438 0
vertex -16.950000762939453 -15.93472671508789 0
endloop
endfacet
facet normal 0 0 -1
outer loop
vertex -15.050000190734863 -19.484725952148438 0
vertex -15.75 -19.484725952148438 0
vertex -15.050000190734863 -15.93472671508789 0
endloop
endfacet
facet normal 0 0 -1
outer loop
vertex -15.050000190734863 -15.93472671508789 0
vertex -15.75 -19.484725952148438 0
vertex -16.950000762939453 -15.93472671508789 0
endloop
endfacet
facet normal -1 0 0
outer loop
vertex -16.950000762939453 -15.93472671508789 0
vertex -16.950000762939453 -19.484725952148438 0
vertex -16.950000762939453 -19.484725952148438 1.7000000476837158
endloop
endfacet
facet normal 0 0 -1
outer loop
vertex -16.950000762939453 -15.93472671508789 0
vertex -16.950000762939453 -14.034727096557617 0
vertex -15.050000190734863 -14.034727096557617 0
endloop
endfacet
facet normal 0 0 -1
outer loop
vertex -15.050000190734863 -15.93472671508789 0
vertex -16.950000762939453 -15.93472671508789 0
vertex -15.050000190734863 -14.034727096557617 0
endloop
endfacet
facet normal 0 0 -1
outer loop
vertex -16.950000762939453 -14.034727096557617 0
vertex -16.950000762939453 -10.484726905822754 0
vertex -16.25 -10.484726905822754 0
endloop
endfacet
facet normal 0 0 -1
outer loop
vertex -15.050000190734863 -14.034727096557617 0
vertex -16.950000762939453 -14.034727096557617 0
vertex -16.25 -10.484726905822754 0
endloop
endfacet
facet normal 0 0 -1
outer loop
vertex -15.050000190734863 -14.034727096557617 0
vertex -16.25 -10.484726905822754 0
vertex -15.75 -10.484726905822754 0
endloop
endfacet
facet normal 0 0 -1
outer loop
vertex -15.050000190734863 -14.034727096557617 0
vertex -15.75 -10.484726905822754 0
vertex -15.050000190734863 -10.484726905822754 0
endloop
endfacet
facet normal -1 0 0
outer loop
vertex -16.950000762939453 -10.484726905822754 0
vertex -16.950000762939453 -14.034727096557617 0
vertex -16.950000762939453 -14.034727096557617 2.200000047683716
endloop
endfacet
facet normal 1 0 0
outer loop
vertex -15.050000190734863 17.965272903442383 0
vertex -15.050000190734863 21.515274047851562 1.7000000476837158
vertex -15.050000190734863 17.965272903442383 2.200000047683716
endloop
endfacet
facet normal 0 0 -1
outer loop
vertex -31.049999237060547 -30.034727096557617 0
vertex -31.549999237060547 -27.404726028442383 0
vertex -31.049999237060547 -26.484725952148438 0
endloop
endfacet
facet normal 0 0 -1
outer loop
vertex -15.75 -10.484726905822754 0
vertex -16.25 -10.484726905822754 0
vertex -16.25 -3.484726667404175 0
endloop
endfacet
facet normal 0 0 -1
outer loop
vertex -15.75 -10.484726905822754 0
vertex -16.25 -3.484726667404175 0
vertex -15.75 -3.484726667404175 0
endloop
endfacet
facet normal 0 0 -1
outer loop
vertex -16.950000762939453 -3.484726667404175 0
vertex -16.950000762939453 0.06527330726385117 0
vertex -16.25 -3.484726667404175 0
endloop
endfacet
facet normal 0 0 -1
outer loop
vertex -15.75 -3.484726667404175 0
vertex -16.25 -3.484726667404175 0
vertex -16.950000762939453 0.06527330726385117 0
endloop
endfacet
facet normal 0 0 -1
outer loop
vertex -15.75 -3.484726667404175 0
vertex -15.050000190734863 0.06527330726385117 0
vertex -15.050000190734863 -3.484726667404175 0
endloop
endfacet
facet normal 1 0 0
outer loop
vertex -31.049999237060547 1.9652732610702515 0
vertex -31.049999237060547 5.515273094177246 1.7000000476837158
vertex -31.049999237060547 1.9652732610702515 2.200000047683716
endloop
endfacet
facet normal -1 0 0
outer loop
vertex -32.95000076293945 0.06527330726385117 0
vertex -32.95000076293945 -3.484726667404175 1.7000000476837158
vertex -32.95000076293945 0.06527330726385117 2.200000047683716
endloop
endfacet
facet normal -1 0 0
outer loop
vertex -16.950000762939453 0.06527330726385117 0
vertex -16.950000762939453 -3.484726667404175 0
vertex -16.950000762939453 -3.484726667404175 1.7000000476837158
endloop
endfacet
facet normal 1 0 0
outer loop
vertex -15.050000190734863 -19.484725952148438 0
vertex -15.050000190734863 -15.93472671508789 0
vertex -15.050000190734863 -15.93472671508789 2.200000047683716
endloop
endfacet
facet normal 0 -1 0
outer loop
vertex -15.050000190734863 -15.93472671508789 2.200000047683716
vertex -15.050000190734863 -15.93472671508789 0
vertex -0.949999988079071 -15.93472671508789 0
endloop
endfacet
facet normal 0 0 -1
outer loop
vertex -15.050000190734863 -15.93472671508789 0
vertex -15.050000190734863 -14.034727096557617 0
vertex -0.949999988079071 -14.034727096557617 0
endloop
endfacet
facet normal 0 0 -1
outer loop
vertex -0.25 -26.484725952148438 0
vertex -0.25 -19.484725952148438 0
vertex 0.25 -26.484725952148438 0
endloop
endfacet
facet normal 0 -1 0
outer loop
vertex -47.04999923706055 0.06527330726385117 2.200000047683716
vertex -32.95000076293945 0.06527330726385117 0
vertex -32.95000076293945 0.06527330726385117 2.200000047683716
endloop
endfacet
facet normal 0 0 -1
outer loop
vertex -0.949999988079071 -15.93472671508789 0
vertex -15.050000190734863 -15.93472671508789 0
vertex -0.949999988079071 -14.034727096557617 0
endloop
endfacet
facet normal 0 1 0
outer loop
vertex -0.949999988079071 -14.034727096557617 0
vertex -15.050000190734863 -14.034727096557617 0
vertex -0.949999988079071 -14.034727096557617 2.200000047683716
endloop
endfacet
facet normal 0 0 -1
outer loop
vertex -0.25 -19.484725952148438 0
vertex -0.949999988079071 -19.484725952148438 0
vertex -0.949999988079071 -15.93472671508789 0
endloop
endfacet
facet normal 0 0 -1
outer loop
vertex -0.949999988079071 -15.93472671508789 0
vertex 0.25 -19.484725952148438 0
vertex -0.25 -19.484725952148438 0
endloop
endfacet
facet normal -1 0 0
outer loop
vertex -0.949999988079071 -15.93472671508789 0
vertex -0.949999988079071 -19.484725952148438 0
vertex -0.949999988079071 -19.484725952148438 1.7000000476837158
endloop
endfacet
facet normal 0 0 -1
outer loop
vertex -0.949999988079071 -15.93472671508789 0
vertex -0.949999988079071 -14.034727096557617 0
vertex 0.949999988079071 -14.034727096557617 0
endloop
endfacet
facet normal 1 0 0
outer loop
vertex -15.050000190734863 -14.034727096557617 0
vertex -15.050000190734863 -10.484726905822754 0
vertex -15.050000190734863 -10.484726905822754 1.7000000476837158
endloop
endfacet
facet normal 0 0 -1
outer loop
vertex 0.949999988079071 -14.034727096557617 0
vertex -0.949999988079071 -14.034727096557617 0
vertex -0.25 -10.484726905822754 0
endloop
endfacet
facet normal 0 0 -1
outer loop
vertex -0.25 -10.484726905822754 0
vertex -0.949999988079071 -14.034727096557617 0
vertex -0.949999988079071 -10.484726905822754 0
endloop
endfacet
facet normal -1 0 0
outer loop
vertex -0.949999988079071 -10.484726905822754 0
vertex -0.949999988079071 -14.034727096557617 0
vertex -0.949999988079071 -14.034727096557617 2.200000047683716
endloop
endfacet
facet normal 0 0 1
outer loop
vertex -47.849998474121094 0.8652732968330383 2.200000047683716
vertex -32.150001525878906 1.1652733087539673 2.200000047683716
vertex -47.849998474121094 1.1652733087539673 2.200000047683716
endloop
endfacet
facet normal 0 0 -1
outer loop
vertex -0.25 -10.484726905822754 0
vertex -0.25 -3.484726667404175 0
vertex 0.25 -10.484726905822754 0
endloop
endfacet
facet normal 0 0 -1
outer loop
vertex -0.949999988079071 -3.484726667404175 0
vertex -0.949999988079071 0.06527330726385117 0
vertex -0.25 -3.484726667404175 0
endloop
endfacet
facet normal 0 0 -1
outer loop
vertex -0.949999988079071 0.06527330726385117 0
vertex 0.25 -3.484726667404175 0
vertex -0.25 -3.484726667404175 0
endloop
endfacet
facet normal 0 1 0
outer loop
vertex -32.95000076293945 1.9652732610702515 2.200000047683716
vertex -47.04999923706055 1.9652732610702515 0
vertex -47.04999923706055 1.9652732610702515 2.200000047683716
endloop
endfacet
facet normal -1 0 0
outer loop
vertex -0.949999988079071 0.06527330726385117 0
vertex -0.949999988079071 -3.484726667404175 0
vertex -0.949999988079071 -3.484726667404175 1.7000000476837158
endloop
endfacet
facet normal 1 0 0
outer loop
vertex -47.04999923706055 -30.034727096557617 0
vertex -47.04999923706055 -26.484725952148438 1.7000000476837158
vertex -47.04999923706055 -30.034727096557617 2.200000047683716
endloop
endfacet
facet normal 0 1 0
outer loop
vertex -0.949999988079071 17.965272903442383 2.200000047683716
vertex -15.050000190734863 17.965272903442383 0
vertex -15.050000190734863 17.965272903442383 2.200000047683716
endloop
endfacet
facet normal 1 0 0
outer loop
vertex -47.04999923706055 -26.484725952148438 1.7000000476837158
vertex -47.04999923706055 -19.484725952148438 1.7000000476837158
vertex -47.04999923706055 -30.034727096557617 2.200000047683716
endloop
endfacet
facet normal 0 0 1
outer loop
vertex -48.70000076293945 -31.68472671508789 2.200000047683716
vertex -47.849998474121094 -30.834726333618164 2.200000047683716
vertex -47.849998474121094 -15.134726524353027 2.200000047683716
endloop
endfacet
facet normal 0 0 1
outer loop
vertex -15.850000381469727 16.865272521972656 2.200000047683716
vertex -0.15000000596046448 17.165273666381836 2.200000047683716
vertex -15.850000381469727 17.165273666381836 2.200000047683716
endloop
endfacet
facet normal -1 0 0
outer loop
vertex 31.049999237060547 32.06527328491211 0
vertex 31.049999237060547 28.515274047851562 0
vertex 31.049999237060547 28.515274047851562 1.7000000476837158
endloop
endfacet
facet normal 0 1 0
outer loop
vertex -32.95000076293945 -30.034727096557617 2.200000047683716
vertex -47.04999923706055 -30.034727096557617 0
vertex -47.04999923706055 -30.034727096557617 2.200000047683716
endloop
endfacet
facet normal 0 0 1
outer loop
vertex -48.70000076293945 -31.68472671508789 2.200000047683716
vertex -32.150001525878906 -30.834726333618164 2.200000047683716
vertex -47.849998474121094 -30.834726333618164 2.200000047683716
endloop
endfacet
facet normal 0 0 -1
outer loop
vertex 32.25 28.515274047851562 0
vertex 32.95000076293945 32.06527328491211 0
vertex 32.95000076293945 28.515274047851562 0
endloop
endfacet
facet normal 0 0 -1
outer loop
vertex 32.25 28.515274047851562 0
vertex 31.75 28.515274047851562 0
vertex 31.049999237060547 32.06527328491211 0
endloop
endfacet
facet normal 0 0 -1
outer loop
vertex 31.049999237060547 28.515274047851562 0
vertex 31.049999237060547 32.06527328491211 0
vertex 31.75 28.515274047851562 0
endloop
endfacet
facet normal 0 0 1
outer loop
vertex -48.70000076293945 33.715274810791016 2.200000047683716
vertex -47.849998474121094 1.1652733087539673 2.200000047683716
vertex -47.849998474121094 16.865272521972656 2.200000047683716
endloop
endfacet
facet normal 0 0 -1
outer loop
vertex 32.25 21.515274047851562 0
vertex 31.75 28.515274047851562 0
vertex 32.25 28.515274047851562 0
endloop
endfacet
facet normal 1 0 0
outer loop
vertex -47.04999923706055 17.965272903442383 0
vertex -47.04999923706055 21.515274047851562 1.7000000476837158
vertex -47.04999923706055 17.965272903442383 2.200000047683716
endloop
endfacet
facet normal 1 0 0
outer loop
vertex -47.04999923706055 12.515273094177246 1.7000000476837158
vertex -47.04999923706055 16.06527328491211 2.200000047683716
vertex -47.04999923706055 1.9652732610702515 2.200000047683716
endloop
endfacet
facet normal 0 0 -1
outer loop
vertex 32.25 21.515274047851562 0
vertex 31.75 21.515274047851562 0
vertex 31.75 28.515274047851562 0
endloop
endfacet
facet normal -1 0 0
outer loop
vertex 47.04999923706055 21.515274047851562 0
vertex 47.04999923706055 17.965272903442383 0
vertex 47.04999923706055 17.965272903442383 2.200000047683716
endloop
endfacet
facet normal 0 0 -1
outer loop
vertex 47.75 21.515274047851562 0
vertex 47.04999923706055 17.965272903442383 0
vertex 47.04999923706055 21.515274047851562 0
endloop
endfacet
facet normal 0 0 -1
outer loop
vertex 47.75 21.515274047851562 0
vertex 47.04999923706055 16.06527328491211 0
vertex 47.04999923706055 17.965272903442383 0
endloop
endfacet
facet normal 0 0 -1
outer loop
vertex 48.70000076293945 33.715274810791016 0
vertex 47.75 5.515273094177246 0
vertex 47.75 12.515273094177246 0
endloop
endfacet
facet normal 0 0 -1
outer loop
vertex 47.04999923706055 12.515273094177246 0
vertex 47.04999923706055 16.06527328491211 0
vertex 47.75 21.515274047851562 0
endloop
endfacet
facet normal -1 0 0
outer loop
vertex 47.04999923706055 12.515273094177246 0
vertex 47.04999923706055 12.515273094177246 1.7000000476837158
vertex 47.04999923706055 16.06527328491211 0
endloop
endfacet
facet normal 0 0 -1
outer loop
vertex 47.75 12.515273094177246 0
vertex 47.04999923706055 12.515273094177246 0
vertex 47.75 21.515274047851562 0
endloop
endfacet
facet normal 1 0 0
outer loop
vertex -47.04999923706055 12.515273094177246 1.7000000476837158
vertex -47.04999923706055 12.515273094177246 0
vertex -47.04999923706055 16.06527328491211 2.200000047683716
endloop
endfacet
facet normal 0 0 -1
outer loop
vertex 48.70000076293945 33.715274810791016 0
vertex 47.75 -3.484726667404175 0
vertex 47.75 5.515273094177246 0
endloop
endfacet
facet normal 0 0 -1
outer loop
vertex 48.70000076293945 33.715274810791016 0
vertex 47.75 -10.484726905822754 0
vertex 47.75 -3.484726667404175 0
endloop
endfacet
facet normal 0 0 -1
outer loop
vertex 47.75 5.515273094177246 0
vertex 47.04999923706055 1.9652732610702515 0
vertex 47.04999923706055 5.515273094177246 0
endloop
endfacet
facet normal -1 0 0
outer loop
vertex 47.04999923706055 1.9652732610702515 0
vertex 47.04999923706055 1.9652732610702515 2.200000047683716
vertex 47.04999923706055 5.515273094177246 0
endloop
endfacet
facet normal 0 0 -1
outer loop
vertex 47.75 5.515273094177246 0
vertex 47.04999923706055 0.06527330726385117 0
vertex 47.04999923706055 1.9652732610702515 0
endloop
endfacet
facet normal 0 0 -1
outer loop
vertex 48.70000076293945 33.715274810791016 0
vertex 47.75 -19.484725952148438 0
vertex 47.75 -10.484726905822754 0
endloop
endfacet
facet normal 0 0 -1
outer loop
vertex 47.75 5.515273094177246 0
vertex 47.04999923706055 -3.484726667404175 0
vertex 47.04999923706055 0.06527330726385117 0
endloop
endfacet
facet normal 0 0 -1
outer loop
vertex 47.75 -3.484726667404175 0
vertex 47.04999923706055 -3.484726667404175 0
vertex 47.75 5.515273094177246 0
endloop
endfacet
facet normal 0 1 0
outer loop
vertex 47.04999923706055 17.965272903442383 0
vertex 32.95000076293945 17.965272903442383 0
vertex 47.04999923706055 17.965272903442383 2.200000047683716
endloop
endfacet
facet normal 0 0 -1
outer loop
vertex 47.04999923706055 16.06527328491211 0
vertex 32.95000076293945 16.06527328491211 0
vertex 47.04999923706055 17.965272903442383 0
endloop
endfacet
facet normal 0 -1 0
outer loop
vertex 32.95000076293945 16.06527328491211 2.200000047683716
vertex 32.95000076293945 16.06527328491211 0
vertex 47.04999923706055 16.06527328491211 0
endloop
endfacet
facet normal 0 0 -1
outer loop
vertex 32.95000076293945 16.06527328491211 0
vertex 32.95000076293945 17.965272903442383 0
vertex 47.04999923706055 17.965272903442383 0
endloop
endfacet
facet normal 1 0 0
outer loop
vertex 32.95000076293945 17.965272903442383 0
vertex 32.95000076293945 21.515274047851562 0
vertex 32.95000076293945 21.515274047851562 1.7000000476837158
endloop
endfacet
facet normal -1 0 0
outer loop
vertex 31.049999237060547 21.515274047851562 0
vertex 31.049999237060547 17.965272903442383 0
vertex 31.049999237060547 17.965272903442383 2.200000047683716
endloop
endfacet
facet normal 0 0 -1
outer loop
vertex 32.95000076293945 17.965272903442383 0
vertex 32.25 21.515274047851562 0
vertex 32.95000076293945 21.515274047851562 0
endloop
endfacet
facet normal 0 0 -1
outer loop
vertex 32.95000076293945 17.965272903442383 0
vertex 31.75 21.515274047851562 0
vertex 32.25 21.515274047851562 0
endloop
endfacet
facet normal 0 0 -1
outer loop
vertex 31.75 21.515274047851562 0
vertex 31.049999237060547 17.965272903442383 0
vertex 31.049999237060547 21.515274047851562 0
endloop
endfacet
facet normal 0 0 -1
outer loop
vertex 32.95000076293945 17.965272903442383 0
vertex 31.049999237060547 17.965272903442383 0
vertex 31.75 21.515274047851562 0
endloop
endfacet
facet normal 0 0 -1
outer loop
vertex 32.95000076293945 17.965272903442383 0
vertex 31.049999237060547 16.06527328491211 0
vertex 31.049999237060547 17.965272903442383 0
endloop
endfacet
facet normal 0 0 -1
outer loop
vertex 32.95000076293945 16.06527328491211 0
vertex 31.049999237060547 16.06527328491211 0
vertex 32.95000076293945 17.965272903442383 0
endloop
endfacet
facet normal 1 0 0
outer loop
vertex 32.95000076293945 12.515273094177246 0
vertex 32.95000076293945 16.06527328491211 0
vertex 32.95000076293945 16.06527328491211 2.200000047683716
endloop
endfacet
facet normal 0 0 1
outer loop
vertex -48.70000076293945 -31.68472671508789 2.200000047683716
vertex -31.850000381469727 -30.834726333618164 2.200000047683716
vertex -32.150001525878906 -30.834726333618164 2.200000047683716
endloop
endfacet
facet normal -1 0 0
outer loop
vertex 31.049999237060547 16.06527328491211 0
vertex 31.049999237060547 12.515273094177246 0
vertex 31.049999237060547 12.515273094177246 1.7000000476837158
endloop
endfacet
facet normal 0 0 -1
outer loop
vertex 32.95000076293945 12.515273094177246 0
vertex 32.25 12.515273094177246 0
vertex 32.95000076293945 16.06527328491211 0
endloop
endfacet
facet normal 0 0 -1
outer loop
vertex 31.049999237060547 16.06527328491211 0
vertex 32.95000076293945 16.06527328491211 0
vertex 32.25 12.515273094177246 0
endloop
endfacet
facet normal 0 0 -1
outer loop
vertex 32.25 12.515273094177246 0
vertex 31.75 12.515273094177246 0
vertex 31.049999237060547 16.06527328491211 0
endloop
endfacet
facet normal 0 0 -1
outer loop
vertex 31.75 12.515273094177246 0
vertex 31.049999237060547 12.515273094177246 0
vertex 31.049999237060547 16.06527328491211 0
endloop
endfacet
facet normal 1 0 0
outer loop
vertex -47.04999923706055 5.515273094177246 1.7000000476837158
vertex -47.04999923706055 12.515273094177246 1.7000000476837158
vertex -47.04999923706055 1.9652732610702515 2.200000047683716
endloop
endfacet
facet normal 0 0 1
outer loop
vertex -47.849998474121094 1.1652733087539673 2.200000047683716
vertex -48.70000076293945 33.715274810791016 2.200000047683716
vertex -48.70000076293945 -31.68472671508789 2.200000047683716
endloop
endfacet
facet normal 1 0 0
outer loop
vertex -47.04999923706055 1.9652732610702515 0
vertex -47.04999923706055 5.515273094177246 1.7000000476837158
vertex -47.04999923706055 1.9652732610702515 2.200000047683716
endloop
endfacet
facet normal 0 0 -1
outer loop
vertex 32.25 5.515273094177246 0
vertex 31.75 12.515273094177246 0
vertex 32.25 12.515273094177246 0
endloop
endfacet
facet normal 0 1 0
outer loop
vertex 47.04999923706055 1.9652732610702515 0
vertex 32.95000076293945 1.9652732610702515 0
vertex 47.04999923706055 1.9652732610702515 2.200000047683716
endloop
endfacet
facet normal 0 0 -1
outer loop
vertex 47.04999923706055 0.06527330726385117 0
vertex 32.95000076293945 0.06527330726385117 0
vertex 47.04999923706055 1.9652732610702515 0
endloop
endfacet
facet normal -1 0 0
outer loop
vertex -0.949999988079071 16.06527328491211 0
vertex -0.949999988079071 12.515273094177246 1.7000000476837158
vertex -0.949999988079071 16.06527328491211 2.200000047683716
endloop
endfacet
facet normal 0 0 -1
outer loop
vertex 32.25 5.515273094177246 0
vertex 31.75 5.515273094177246 0
vertex 31.75 12.515273094177246 0
endloop
endfacet
facet normal 0 0 -1
outer loop
vertex 16.950000762939453 32.06527328491211 0
vertex -48.70000076293945 33.715274810791016 0
vertex 31.049999237060547 32.06527328491211 0
endloop
endfacet
facet normal 1 0 0
outer loop
vertex 32.95000076293945 1.9652732610702515 0
vertex 32.95000076293945 5.515273094177246 0
vertex 32.95000076293945 5.515273094177246 1.7000000476837158
endloop
endfacet
facet normal -1 0 0
outer loop
vertex -0.949999988079071 32.06527328491211 0
vertex -0.949999988079071 28.515274047851562 0
vertex -0.949999988079071 28.515274047851562 1.7000000476837158
endloop
endfacet
facet normal 0 0 -1
outer loop
vertex 32.95000076293945 1.9652732610702515 0
vertex 32.25 5.515273094177246 0
vertex 32.95000076293945 5.515273094177246 0
endloop
endfacet
facet normal 0 0 -1
outer loop
vertex 32.95000076293945 1.9652732610702515 0
vertex 31.75 5.515273094177246 0
vertex 32.25 5.515273094177246 0
endloop
endfacet
facet normal 0 0 -1
outer loop
vertex 31.75 5.515273094177246 0
vertex 31.049999237060547 1.9652732610702515 0
vertex 31.049999237060547 5.515273094177246 0
endloop
endfacet
facet normal 0 -1 0
outer loop
vertex 32.95000076293945 0.06527330726385117 2.200000047683716
vertex 32.95000076293945 0.06527330726385117 0
vertex 47.04999923706055 0.06527330726385117 0
endloop
endfacet
facet normal 0 0 -1
outer loop
vertex 32.95000076293945 0.06527330726385117 0
vertex 32.95000076293945 1.9652732610702515 0
vertex 47.04999923706055 1.9652732610702515 0
endloop
endfacet
facet normal -1 0 0
outer loop
vertex 31.049999237060547 1.9652732610702515 0
vertex 31.049999237060547 1.9652732610702515 2.200000047683716
vertex 31.049999237060547 5.515273094177246 0
endloop
endfacet
facet normal 0 0 -1
outer loop
vertex 32.95000076293945 1.9652732610702515 0
vertex 31.049999237060547 1.9652732610702515 0
vertex 31.75 5.515273094177246 0
endloop
endfacet
facet normal 1 0 0
outer loop
vertex 32.95000076293945 0.06527330726385117 2.200000047683716
vertex 32.95000076293945 -3.484726667404175 0
vertex 32.95000076293945 0.06527330726385117 0
endloop
endfacet
facet normal 0 0 -1
outer loop
vertex 32.95000076293945 0.06527330726385117 0
vertex 31.049999237060547 0.06527330726385117 0
vertex 32.95000076293945 1.9652732610702515 0
endloop
endfacet
facet normal 0 0 -1
outer loop
vertex 31.049999237060547 0.06527330726385117 0
vertex 31.049999237060547 1.9652732610702515 0
vertex 32.95000076293945 1.9652732610702515 0
endloop
endfacet
facet normal 0 0 -1
outer loop
vertex 32.95000076293945 0.06527330726385117 0
vertex 32.25 -3.484726667404175 0
vertex 31.049999237060547 0.06527330726385117 0
endloop
endfacet
facet normal 0 0 -1
outer loop
vertex 47.04999923706055 32.06527328491211 0
vertex -48.70000076293945 33.715274810791016 0
vertex 48.70000076293945 33.715274810791016 0
endloop
endfacet
facet normal 0 -1 0
outer loop
vertex 16.950000762939453 32.06527328491211 2.200000047683716
vertex 16.950000762939453 32.06527328491211 0
vertex 31.049999237060547 32.06527328491211 0
endloop
endfacet
facet normal 1 0 0
outer loop
vertex 16.950000762939453 28.515274047851562 0
vertex 16.950000762939453 32.06527328491211 0
vertex 16.950000762939453 32.06527328491211 2.200000047683716
endloop
endfacet
facet normal 0 0 -1
outer loop
vertex 16.25 28.515274047851562 0
vertex 15.050000190734863 32.06527328491211 0
vertex 16.950000762939453 32.06527328491211 0
endloop
endfacet
facet normal 0 0 -1
outer loop
vertex -0.949999988079071 32.06527328491211 0
vertex 0.25 28.515274047851562 0
vertex -0.25 28.515274047851562 0
endloop
endfacet
facet normal 0 0 -1
outer loop
vertex -0.949999988079071 28.515274047851562 0
vertex -0.949999988079071 32.06527328491211 0
vertex -0.25 28.515274047851562 0
endloop
endfacet
facet normal 0 0 -1
outer loop
vertex 16.25 28.515274047851562 0
vertex 16.950000762939453 32.06527328491211 0
vertex 16.950000762939453 28.515274047851562 0
endloop
endfacet
facet normal 0 0 -1
outer loop
vertex 16.25 28.515274047851562 0
vertex 15.75 28.515274047851562 0
vertex 15.050000190734863 32.06527328491211 0
endloop
endfacet
facet normal 0 0 -1
outer loop
vertex 15.050000190734863 28.515274047851562 0
vertex 15.050000190734863 32.06527328491211 0
vertex 15.75 28.515274047851562 0
endloop
endfacet
facet normal 0 0 1
outer loop
vertex -48.70000076293945 -31.68472671508789 2.200000047683716
vertex -16.149999618530273 -30.834726333618164 2.200000047683716
vertex -31.850000381469727 -30.834726333618164 2.200000047683716
endloop
endfacet
facet normal 0 0 -1
outer loop
vertex 15.050000190734863 32.06527328491211 0
vertex -48.70000076293945 33.715274810791016 0
vertex 16.950000762939453 32.06527328491211 0
endloop
endfacet
facet normal 0 0 -1
outer loop
vertex 16.25 21.515274047851562 0
vertex 15.75 28.515274047851562 0
vertex 16.25 28.515274047851562 0
endloop
endfacet
facet normal 0 0 -1
outer loop
vertex -0.25 21.515274047851562 0
vertex -0.25 28.515274047851562 0
vertex 0.25 21.515274047851562 0
endloop
endfacet
facet normal 0 -1 0
outer loop
vertex -15.050000190734863 32.06527328491211 2.200000047683716
vertex -15.050000190734863 32.06527328491211 0
vertex -0.949999988079071 32.06527328491211 0
endloop
endfacet
facet normal 0 0 -1
outer loop
vertex 0.949999988079071 32.06527328491211 0
vertex -48.70000076293945 33.715274810791016 0
vertex 15.050000190734863 32.06527328491211 0
endloop
endfacet
facet normal 0 0 -1
outer loop
vertex 16.25 21.515274047851562 0
vertex 15.75 21.515274047851562 0
vertex 15.75 28.515274047851562 0
endloop
endfacet
facet normal -1 0 0
outer loop
vertex 15.050000190734863 28.515274047851562 0
vertex 15.050000190734863 28.515274047851562 1.7000000476837158
vertex 15.050000190734863 32.06527328491211 0
endloop
endfacet
facet normal 0 0 -1
outer loop
vertex 32.95000076293945 32.06527328491211 0
vertex -48.70000076293945 33.715274810791016 0
vertex 47.04999923706055 32.06527328491211 0
endloop
endfacet
facet normal 0 -1 0
outer loop
vertex 0.949999988079071 32.06527328491211 2.200000047683716
vertex 0.949999988079071 32.06527328491211 0
vertex 15.050000190734863 32.06527328491211 0
endloop
endfacet
facet normal 0 0 -1
outer loop
vertex 31.049999237060547 32.06527328491211 0
vertex -48.70000076293945 33.715274810791016 0
vertex 32.95000076293945 32.06527328491211 0
endloop
endfacet
facet normal 1 0 0
outer loop
vertex 0.949999988079071 28.515274047851562 0
vertex 0.949999988079071 32.06527328491211 0
vertex 0.949999988079071 32.06527328491211 2.200000047683716
endloop
endfacet
facet normal 0 0 -1
outer loop
vertex 0.25 28.515274047851562 0
vertex -0.949999988079071 32.06527328491211 0
vertex 0.949999988079071 32.06527328491211 0
endloop
endfacet
facet normal 1 0 0
outer loop
vertex -15.050000190734863 28.515274047851562 0
vertex -15.050000190734863 32.06527328491211 0
vertex -15.050000190734863 32.06527328491211 2.200000047683716
endloop
endfacet
facet normal 0 0 -1
outer loop
vertex 0.25 28.515274047851562 0
vertex 0.949999988079071 32.06527328491211 0
vertex 0.949999988079071 28.515274047851562 0
endloop
endfacet
facet normal -1 0 0
outer loop
vertex -0.949999988079071 16.06527328491211 2.200000047683716
vertex -0.949999988079071 12.515273094177246 1.7000000476837158
vertex -0.949999988079071 5.515273094177246 1.7000000476837158
endloop
endfacet
facet normal 0 0 -1
outer loop
vertex 0.25 21.515274047851562 0
vertex -0.25 28.515274047851562 0
vertex 0.25 28.515274047851562 0
endloop
endfacet
facet normal 0 0 -1
outer loop
vertex -48.70000076293945 -31.68472671508789 0
vertex -47.75 -26.484725952148438 0
vertex -47.04999923706055 -30.034727096557617 0
endloop
endfacet
facet normal 0 1 0
outer loop
vertex 31.049999237060547 17.965272903442383 0
vertex 16.950000762939453 17.965272903442383 0
vertex 31.049999237060547 17.965272903442383 2.200000047683716
endloop
endfacet
facet normal 0 0 -1
outer loop
vertex 31.049999237060547 16.06527328491211 0
vertex 16.950000762939453 16.06527328491211 0
vertex 31.049999237060547 17.965272903442383 0
endloop
endfacet
facet normal 0 -1 0
outer loop
vertex 16.950000762939453 16.06527328491211 2.200000047683716
vertex 16.950000762939453 16.06527328491211 0
vertex 31.049999237060547 16.06527328491211 0
endloop
endfacet
facet normal 0 0 -1
outer loop
vertex 16.950000762939453 16.06527328491211 0
vertex 16.950000762939453 17.965272903442383 0
vertex 31.049999237060547 17.965272903442383 0
endloop
endfacet
facet normal 1 0 0
outer loop
vertex 16.950000762939453 17.965272903442383 0
vertex 16.950000762939453 21.515274047851562 0
vertex 16.950000762939453 21.515274047851562 1.7000000476837158
endloop
endfacet
facet normal 0 0 -1
outer loop
vertex 16.950000762939453 17.965272903442383 0
vertex 16.25 21.515274047851562 0
vertex 16.950000762939453 21.515274047851562 0
endloop
endfacet
facet normal 0 0 -1
outer loop
vertex 16.950000762939453 17.965272903442383 0
vertex 15.75 21.515274047851562 0
vertex 16.25 21.515274047851562 0
endloop
endfacet
facet normal 0 0 -1
outer loop
vertex 15.75 21.515274047851562 0
vertex 15.050000190734863 17.965272903442383 0
vertex 15.050000190734863 21.515274047851562 0
endloop
endfacet
facet normal 0 0 -1
outer loop
vertex 16.950000762939453 17.965272903442383 0
vertex 15.050000190734863 17.965272903442383 0
vertex 15.75 21.515274047851562 0
endloop
endfacet
facet normal 0 0 -1
outer loop
vertex 16.950000762939453 17.965272903442383 0
vertex 15.050000190734863 16.06527328491211 0
vertex 15.050000190734863 17.965272903442383 0
endloop
endfacet
facet normal 0 0 -1
outer loop
vertex 16.950000762939453 16.06527328491211 0
vertex 15.050000190734863 16.06527328491211 0
vertex 16.950000762939453 17.965272903442383 0
endloop
endfacet
facet normal 1 0 0
outer loop
vertex 16.950000762939453 12.515273094177246 0
vertex 16.950000762939453 16.06527328491211 0
vertex 16.950000762939453 16.06527328491211 2.200000047683716
endloop
endfacet
facet normal 0 0 -1
outer loop
vertex 16.25 12.515273094177246 0
vertex 15.050000190734863 16.06527328491211 0
vertex 16.950000762939453 16.06527328491211 0
endloop
endfacet
facet normal 0 0 -1
outer loop
vertex 16.950000762939453 12.515273094177246 0
vertex 16.25 12.515273094177246 0
vertex 16.950000762939453 16.06527328491211 0
endloop
endfacet
facet normal 0 0 -1
outer loop
vertex 16.25 12.515273094177246 0
vertex 15.75 12.515273094177246 0
vertex 15.050000190734863 16.06527328491211 0
endloop
endfacet
facet normal 0 0 -1
outer loop
vertex 15.75 12.515273094177246 0
vertex 15.050000190734863 12.515273094177246 0
vertex 15.050000190734863 16.06527328491211 0
endloop
endfacet
facet normal 0 0 -1
outer loop
vertex -0.949999988079071 32.06527328491211 0
vertex -48.70000076293945 33.715274810791016 0
vertex 0.949999988079071 32.06527328491211 0
endloop
endfacet
facet normal 0 0 -1
outer loop
vertex -15.050000190734863 32.06527328491211 0
vertex -15.75 28.515274047851562 0
vertex -16.950000762939453 32.06527328491211 0
endloop
endfacet
facet normal -1 0 0
outer loop
vertex -32.95000076293945 -26.484725952148438 1.7000000476837158
vertex -32.95000076293945 -26.484725952148438 0
vertex -32.95000076293945 -30.034727096557617 2.200000047683716
endloop
endfacet
facet normal 1 0 0
outer loop
vertex -31.049999237060547 -30.034727096557617 0
vertex -31.049999237060547 -26.484725952148438 1.7000000476837158
vertex -31.049999237060547 -30.034727096557617 2.200000047683716
endloop
endfacet
facet normal -1 0 0
outer loop
vertex -16.950000762939453 32.06527328491211 0
vertex -16.950000762939453 28.515274047851562 0
vertex -16.950000762939453 28.515274047851562 1.7000000476837158
endloop
endfacet
facet normal 0 0 -1
outer loop
vertex -15.75 28.515274047851562 0
vertex -15.050000190734863 32.06527328491211 0
vertex -15.050000190734863 28.515274047851562 0
endloop
endfacet
facet normal 0 0 -1
outer loop
vertex 16.25 5.515273094177246 0
vertex 15.75 12.515273094177246 0
vertex 16.25 12.515273094177246 0
endloop
endfacet
facet normal 0 1 0
outer loop
vertex 31.049999237060547 1.9652732610702515 0
vertex 16.950000762939453 1.9652732610702515 0
vertex 31.049999237060547 1.9652732610702515 2.200000047683716
endloop
endfacet
facet normal 0 0 -1
outer loop
vertex 31.049999237060547 0.06527330726385117 0
vertex 16.950000762939453 0.06527330726385117 0
vertex 31.049999237060547 1.9652732610702515 0
endloop
endfacet
facet normal 0 0 -1
outer loop
vertex -15.75 28.515274047851562 0
vertex -16.25 28.515274047851562 0
vertex -16.950000762939453 32.06527328491211 0
endloop
endfacet
facet normal 0 0 -1
outer loop
vertex 16.25 5.515273094177246 0
vertex 15.75 5.515273094177246 0
vertex 15.75 12.515273094177246 0
endloop
endfacet
facet normal 0 0 -1
outer loop
vertex -16.950000762939453 28.515274047851562 0
vertex -16.950000762939453 32.06527328491211 0
vertex -16.25 28.515274047851562 0
endloop
endfacet
facet normal 1 0 0
outer loop
vertex 16.950000762939453 1.9652732610702515 0
vertex 16.950000762939453 5.515273094177246 0
vertex 16.950000762939453 5.515273094177246 1.7000000476837158
endloop
endfacet
facet normal 0 0 -1
outer loop
vertex -15.050000190734863 32.06527328491211 0
vertex -48.70000076293945 33.715274810791016 0
vertex -0.949999988079071 32.06527328491211 0
endloop
endfacet
facet normal 0 0 -1
outer loop
vertex -15.75 21.515274047851562 0
vertex -16.25 28.515274047851562 0
vertex -15.75 28.515274047851562 0
endloop
endfacet
facet normal 0 0 -1
outer loop
vertex -15.75 21.515274047851562 0
vertex -16.25 21.515274047851562 0
vertex -16.25 28.515274047851562 0
endloop
endfacet
facet normal 0 0 -1
outer loop
vertex 16.950000762939453 1.9652732610702515 0
vertex 16.25 5.515273094177246 0
vertex 16.950000762939453 5.515273094177246 0
endloop
endfacet
facet normal 0 0 -1
outer loop
vertex 16.950000762939453 1.9652732610702515 0
vertex 15.75 5.515273094177246 0
vertex 16.25 5.515273094177246 0
endloop
endfacet
facet normal 0 -1 0
outer loop
vertex -31.049999237060547 32.06527328491211 2.200000047683716
vertex -31.049999237060547 32.06527328491211 0
vertex -16.950000762939453 32.06527328491211 0
endloop
endfacet
facet normal 0 0 -1
outer loop
vertex 15.75 5.515273094177246 0
vertex 15.050000190734863 1.9652732610702515 0
vertex 15.050000190734863 5.515273094177246 0
endloop
endfacet
facet normal 0 -1 0
outer loop
vertex 16.950000762939453 0.06527330726385117 2.200000047683716
vertex 16.950000762939453 0.06527330726385117 0
vertex 31.049999237060547 0.06527330726385117 0
endloop
endfacet
facet normal 0 0 -1
outer loop
vertex 16.950000762939453 0.06527330726385117 0
vertex 16.950000762939453 1.9652732610702515 0
vertex 31.049999237060547 1.9652732610702515 0
endloop
endfacet
facet normal 0 0 -1
outer loop
vertex 16.950000762939453 1.9652732610702515 0
vertex 15.050000190734863 1.9652732610702515 0
vertex 15.75 5.515273094177246 0
endloop
endfacet
facet normal 0 0 -1
outer loop
vertex -16.950000762939453 32.06527328491211 0
vertex -48.70000076293945 33.715274810791016 0
vertex -15.050000190734863 32.06527328491211 0
endloop
endfacet
facet normal 1 0 0
outer loop
vertex 16.950000762939453 0.06527330726385117 2.200000047683716
vertex 16.950000762939453 -3.484726667404175 0
vertex 16.950000762939453 0.06527330726385117 0
endloop
endfacet
facet normal 0 0 -1
outer loop
vertex 16.950000762939453 0.06527330726385117 0
vertex 15.050000190734863 0.06527330726385117 0
vertex 16.950000762939453 1.9652732610702515 0
endloop
endfacet
facet normal 0 0 -1
outer loop
vertex 15.050000190734863 0.06527330726385117 0
vertex 15.050000190734863 1.9652732610702515 0
vertex 16.950000762939453 1.9652732610702515 0
endloop
endfacet
facet normal 0 0 -1
outer loop
vertex 16.950000762939453 0.06527330726385117 0
vertex 16.25 -3.484726667404175 0
vertex 15.050000190734863 0.06527330726385117 0
endloop
endfacet
facet normal -1 0 0
outer loop
vertex 15.050000190734863 17.965272903442383 0
vertex 15.050000190734863 17.965272903442383 2.200000047683716
vertex 15.050000190734863 21.515274047851562 0
endloop
endfacet
facet normal 0 1 0
outer loop
vertex 15.050000190734863 17.965272903442383 0
vertex 0.949999988079071 17.965272903442383 0
vertex 15.050000190734863 17.965272903442383 2.200000047683716
endloop
endfacet
facet normal 0 0 -1
outer loop
vertex 15.050000190734863 16.06527328491211 0
vertex 0.949999988079071 16.06527328491211 0
vertex 15.050000190734863 17.965272903442383 0
endloop
endfacet
facet normal -1 0 0
outer loop
vertex 15.050000190734863 12.515273094177246 0
vertex 15.050000190734863 12.515273094177246 1.7000000476837158
vertex 15.050000190734863 16.06527328491211 0
endloop
endfacet
facet normal 0 -1 0
outer loop
vertex 0.949999988079071 16.06527328491211 2.200000047683716
vertex 0.949999988079071 16.06527328491211 0
vertex 15.050000190734863 16.06527328491211 0
endloop
endfacet
facet normal 0 0 -1
outer loop
vertex 0.949999988079071 16.06527328491211 0
vertex 0.949999988079071 17.965272903442383 0
vertex 15.050000190734863 17.965272903442383 0
endloop
endfacet
facet normal 1 0 0
outer loop
vertex 0.949999988079071 17.965272903442383 0
vertex 0.949999988079071 21.515274047851562 0
vertex 0.949999988079071 21.515274047851562 1.7000000476837158
endloop
endfacet
facet normal 0 0 -1
outer loop
vertex 0.949999988079071 17.965272903442383 0
vertex 0.25 21.515274047851562 0
vertex 0.949999988079071 21.515274047851562 0
endloop
endfacet
facet normal 0 0 -1
outer loop
vertex 0.949999988079071 17.965272903442383 0
vertex -0.25 21.515274047851562 0
vertex 0.25 21.515274047851562 0
endloop
endfacet
facet normal 0 0 -1
outer loop
vertex 0.949999988079071 16.06527328491211 0
vertex -0.949999988079071 16.06527328491211 0
vertex 0.949999988079071 17.965272903442383 0
endloop
endfacet
facet normal 1 0 0
outer loop
vertex 0.949999988079071 12.515273094177246 0
vertex 0.949999988079071 16.06527328491211 0
vertex 0.949999988079071 16.06527328491211 2.200000047683716
endloop
endfacet
facet normal 0 0 -1
outer loop
vertex 0.25 12.515273094177246 0
vertex -0.949999988079071 16.06527328491211 0
vertex 0.949999988079071 16.06527328491211 0
endloop
endfacet
facet normal 0 0 -1
outer loop
vertex 0.949999988079071 12.515273094177246 0
vertex 0.25 12.515273094177246 0
vertex 0.949999988079071 16.06527328491211 0
endloop
endfacet
facet normal 0 -1 0
outer loop
vertex -15.050000190734863 16.06527328491211 2.200000047683716
vertex -0.949999988079071 16.06527328491211 0
vertex -0.949999988079071 16.06527328491211 2.200000047683716
endloop
endfacet
facet normal -1 0 0
outer loop
vertex -0.949999988079071 21.515274047851562 0
vertex -0.949999988079071 17.965272903442383 2.200000047683716
vertex -0.949999988079071 21.515274047851562 1.7000000476837158
endloop
endfacet
facet normal 0 0 -1
outer loop
vertex 0.25 5.515273094177246 0
vertex -0.25 12.515273094177246 0
vertex 0.25 12.515273094177246 0
endloop
endfacet
facet normal -1 0 0
outer loop
vertex 15.050000190734863 1.9652732610702515 0
vertex 15.050000190734863 1.9652732610702515 2.200000047683716
vertex 15.050000190734863 5.515273094177246 0
endloop
endfacet
facet normal 0 1 0
outer loop
vertex 15.050000190734863 1.9652732610702515 0
vertex 0.949999988079071 1.9652732610702515 0
vertex 15.050000190734863 1.9652732610702515 2.200000047683716
endloop
endfacet
facet normal 0 0 -1
outer loop
vertex 15.050000190734863 0.06527330726385117 0
vertex 0.949999988079071 0.06527330726385117 0
vertex 15.050000190734863 1.9652732610702515 0
endloop
endfacet
facet normal 1 0 0
outer loop
vertex 0.949999988079071 1.9652732610702515 0
vertex 0.949999988079071 5.515273094177246 0
vertex 0.949999988079071 5.515273094177246 1.7000000476837158
endloop
endfacet
facet normal 0 0 -1
outer loop
vertex 0.949999988079071 1.9652732610702515 0
vertex 0.25 5.515273094177246 0
vertex 0.949999988079071 5.515273094177246 0
endloop
endfacet
facet normal 0 0 -1
outer loop
vertex 0.949999988079071 1.9652732610702515 0
vertex -0.25 5.515273094177246 0
vertex 0.25 5.515273094177246 0
endloop
endfacet
facet normal 0 -1 0
outer loop
vertex 0.949999988079071 0.06527330726385117 2.200000047683716
vertex 0.949999988079071 0.06527330726385117 0
vertex 15.050000190734863 0.06527330726385117 0
endloop
endfacet
facet normal 0 0 -1
outer loop
vertex 0.949999988079071 0.06527330726385117 0
vertex 0.949999988079071 1.9652732610702515 0
vertex 15.050000190734863 1.9652732610702515 0
endloop
endfacet
facet normal 1 0 0
outer loop
vertex 0.949999988079071 0.06527330726385117 2.200000047683716
vertex 0.949999988079071 -3.484726667404175 0
vertex 0.949999988079071 0.06527330726385117 0
endloop
endfacet
facet normal 0 0 -1
outer loop
vertex 0.949999988079071 0.06527330726385117 0
vertex -0.949999988079071 0.06527330726385117 0
vertex 0.949999988079071 1.9652732610702515 0
endloop
endfacet
facet normal 0 0 -1
outer loop
vertex 0.25 -3.484726667404175 0
vertex -0.949999988079071 0.06527330726385117 0
vertex 0.949999988079071 0.06527330726385117 0
endloop
endfacet
facet normal 0 0 -1
outer loop
vertex -47.75 -26.484725952148438 0
vertex -47.04999923706055 -26.484725952148438 0
vertex -47.04999923706055 -30.034727096557617 0
endloop
endfacet
facet normal 1 0 0
outer loop
vertex -47.04999923706055 -30.034727096557617 0
vertex -47.04999923706055 -26.484725952148438 0
vertex -47.04999923706055 -26.484725952148438 1.7000000476837158
endloop
endfacet
facet normal -1 0 0
outer loop
vertex -0.949999988079071 21.515274047851562 0
vertex -0.949999988079071 17.965272903442383 0
vertex -0.949999988079071 17.965272903442383 2.200000047683716
endloop
endfacet
facet normal 0 0 -1
outer loop
vertex -0.25 21.515274047851562 0
vertex -0.949999988079071 17.965272903442383 0
vertex -0.949999988079071 21.515274047851562 0
endloop
endfacet
facet normal 0 0 -1
outer loop
vertex 0.949999988079071 17.965272903442383 0
vertex -0.949999988079071 17.965272903442383 0
vertex -0.25 21.515274047851562 0
endloop
endfacet
facet normal 0 0 -1
outer loop
vertex -0.949999988079071 16.06527328491211 0
vertex -0.949999988079071 17.965272903442383 0
vertex 0.949999988079071 17.965272903442383 0
endloop
endfacet
facet normal 0 1 0
outer loop
vertex -0.949999988079071 17.965272903442383 0
vertex -15.050000190734863 17.965272903442383 0
vertex -0.949999988079071 17.965272903442383 2.200000047683716
endloop
endfacet
facet normal 0 0 1
outer loop
vertex 47.849998474121094 1.1652733087539673 2.200000047683716
vertex 48.70000076293945 -31.68472671508789 2.200000047683716
vertex 47.849998474121094 16.865272521972656 2.200000047683716
endloop
endfacet
facet normal -1 0 0
outer loop
vertex 47.04999923706055 -3.484726667404175 1.7000000476837158
vertex 47.04999923706055 -10.484726905822754 1.7000000476837158
vertex 47.04999923706055 0.06527330726385117 2.200000047683716
endloop
endfacet
facet normal 0 0 1
outer loop
vertex -0.15000000596046448 17.165273666381836 2.200000047683716
vertex -15.850000381469727 16.865272521972656 2.200000047683716
vertex -0.15000000596046448 16.865272521972656 2.200000047683716
endloop
endfacet
facet normal 0 0 -1
outer loop
vertex -0.949999988079071 16.06527328491211 0
vertex 0.25 12.515273094177246 0
vertex -0.25 12.515273094177246 0
endloop
endfacet
facet normal 0 0 -1
outer loop
vertex -0.25 12.515273094177246 0
vertex -0.949999988079071 12.515273094177246 0
vertex -0.949999988079071 16.06527328491211 0
endloop
endfacet
facet normal 0 -1 0
outer loop
vertex -15.050000190734863 16.06527328491211 2.200000047683716
vertex -15.050000190734863 16.06527328491211 0
vertex -0.949999988079071 16.06527328491211 0
endloop
endfacet
facet normal 0 0 1
outer loop
vertex 48.70000076293945 -31.68472671508789 2.200000047683716
vertex 47.849998474121094 1.1652733087539673 2.200000047683716
vertex 47.849998474121094 0.8652732968330383 2.200000047683716
endloop
endfacet
facet normal 0 0 -1
outer loop
vertex -15.050000190734863 16.06527328491211 0
vertex -15.050000190734863 17.965272903442383 0
vertex -0.949999988079071 17.965272903442383 0
endloop
endfacet
facet normal -1 0 0
outer loop
vertex 47.04999923706055 -10.484726905822754 1.7000000476837158
vertex 47.04999923706055 -14.034727096557617 2.200000047683716
vertex 47.04999923706055 0.06527330726385117 2.200000047683716
endloop
endfacet
facet normal 1 0 0
outer loop
vertex -15.050000190734863 17.965272903442383 0
vertex -15.050000190734863 21.515274047851562 0
vertex -15.050000190734863 21.515274047851562 1.7000000476837158
endloop
endfacet
facet normal 1 0 0
outer loop
vertex -15.050000190734863 12.515273094177246 0
vertex -15.050000190734863 16.06527328491211 0
vertex -15.050000190734863 16.06527328491211 2.200000047683716
endloop
endfacet
facet normal -1 0 0
outer loop
vertex 47.04999923706055 -10.484726905822754 1.7000000476837158
vertex 47.04999923706055 -10.484726905822754 0
vertex 47.04999923706055 -14.034727096557617 2.200000047683716
endloop
endfacet
facet normal 0 0 -1
outer loop
vertex -0.25 5.515273094177246 0
vertex -0.25 12.515273094177246 0
vertex 0.25 5.515273094177246 0
endloop
endfacet
facet normal 1 0 0
outer loop
vertex -31.049999237060547 -26.484725952148438 1.7000000476837158
vertex -31.049999237060547 -19.484725952148438 1.7000000476837158
vertex -31.049999237060547 -30.034727096557617 2.200000047683716
endloop
endfacet
facet normal 0 0 1
outer loop
vertex -31.850000381469727 -30.834726333618164 2.200000047683716
vertex -32.150001525878906 -15.134726524353027 2.200000047683716
vertex -32.150001525878906 -30.834726333618164 2.200000047683716
endloop
endfacet
facet normal 0 0 -1
outer loop
vertex -0.25 5.515273094177246 0
vertex -0.949999988079071 1.9652732610702515 0
vertex -0.949999988079071 5.515273094177246 0
endloop
endfacet
facet normal 0 0 1
outer loop
vertex 48.70000076293945 -31.68472671508789 2.200000047683716
vertex 47.849998474121094 0.8652732968330383 2.200000047683716
vertex 47.849998474121094 -14.834726333618164 2.200000047683716
endloop
endfacet
facet normal -1 0 0
outer loop
vertex 47.04999923706055 -15.93472671508789 2.200000047683716
vertex 47.04999923706055 -15.93472671508789 0
vertex 47.04999923706055 -19.484725952148438 1.7000000476837158
endloop
endfacet
facet normal 0 0 1
outer loop
vertex 48.70000076293945 -31.68472671508789 2.200000047683716
vertex 47.849998474121094 -14.834726333618164 2.200000047683716
vertex 47.849998474121094 -15.134726524353027 2.200000047683716
endloop
endfacet
facet normal -1 0 0
outer loop
vertex 47.04999923706055 -19.484725952148438 1.7000000476837158
vertex 47.04999923706055 -26.484725952148438 1.7000000476837158
vertex 47.04999923706055 -15.93472671508789 2.200000047683716
endloop
endfacet
facet normal -1 0 0
outer loop
vertex 47.04999923706055 -26.484725952148438 1.7000000476837158
vertex 47.04999923706055 -30.034727096557617 2.200000047683716
vertex 47.04999923706055 -15.93472671508789 2.200000047683716
endloop
endfacet
facet normal -1 0 0
outer loop
vertex -0.949999988079071 1.9652732610702515 0
vertex -0.949999988079071 1.9652732610702515 2.200000047683716
vertex -0.949999988079071 5.515273094177246 0
endloop
endfacet
facet normal 0 0 -1
outer loop
vertex 0.949999988079071 1.9652732610702515 0
vertex -0.949999988079071 1.9652732610702515 0
vertex -0.25 5.515273094177246 0
endloop
endfacet
facet normal 0 0 -1
outer loop
vertex -0.949999988079071 0.06527330726385117 0
vertex -0.949999988079071 1.9652732610702515 0
vertex 0.949999988079071 1.9652732610702515 0
endloop
endfacet
facet normal 0 1 0
outer loop
vertex -0.949999988079071 1.9652732610702515 0
vertex -15.050000190734863 1.9652732610702515 0
vertex -0.949999988079071 1.9652732610702515 2.200000047683716
endloop
endfacet
facet normal 0 0 -1
outer loop
vertex -31.68180274963379 -27.722925186157227 0
vertex -31.68180274963379 -28.356529235839844 0
vertex -31.82779312133789 -27.820472717285156 0
endloop
endfacet
facet normal 0 0 -1
outer loop
vertex -31.82779312133789 -28.258981704711914 0
vertex -32 -27.854726791381836 0
vertex -31.82779312133789 -27.820472717285156 0
endloop
endfacet
facet normal 0 0 -1
outer loop
vertex -31.68180274963379 -27.722925186157227 0
vertex -31.584253311157227 -28.502519607543945 0
vertex -31.68180274963379 -28.356529235839844 0
endloop
endfacet
facet normal 0 0 -1
outer loop
vertex -31.82779312133789 -28.258981704711914 0
vertex -31.82779312133789 -27.820472717285156 0
vertex -31.68180274963379 -28.356529235839844 0
endloop
endfacet
facet normal 0 0 -1
outer loop
vertex -32 -27.854726791381836 0
vertex -32 -28.224727630615234 0
vertex -32.17220687866211 -27.820472717285156 0
endloop
endfacet
facet normal 0 0 -1
outer loop
vertex -32 -28.224727630615234 0
vertex -32 -27.854726791381836 0
vertex -31.82779312133789 -28.258981704711914 0
endloop
endfacet
facet normal 0 0 -1
outer loop
vertex -32.17220687866211 -28.258981704711914 0
vertex -32.17220687866211 -27.820472717285156 0
vertex -32 -28.224727630615234 0
endloop
endfacet
facet normal 0 0 -1
outer loop
vertex -32.17220687866211 -28.258981704711914 0
vertex -32.318199157714844 -27.722925186157227 0
vertex -32.17220687866211 -27.820472717285156 0
endloop
endfacet
facet normal 0 0 -1
outer loop
vertex -32.318199157714844 -28.356529235839844 0
vertex -32.41574478149414 -27.576934814453125 0
vertex -32.318199157714844 -27.722925186157227 0
endloop
endfacet
facet normal 0 0 -1
outer loop
vertex -32.318199157714844 -28.356529235839844 0
vertex -32.318199157714844 -27.722925186157227 0
vertex -32.17220687866211 -28.258981704711914 0
endloop
endfacet
facet normal 0 0 -1
outer loop
vertex -32.41574478149414 -28.502519607543945 0
vertex -32.41574478149414 -27.576934814453125 0
vertex -32.318199157714844 -28.356529235839844 0
endloop
endfacet
facet normal 0 0 -1
outer loop
vertex -31.584253311157227 -28.502519607543945 0
vertex -31.68180274963379 -27.722925186157227 0
vertex -31.049999237060547 -30.034727096557617 0
endloop
endfacet
facet normal 0 0 -1
outer loop
vertex -31.049999237060547 -30.034727096557617 0
vertex -31.549999237060547 -28.674726486206055 0
vertex -31.584253311157227 -28.502519607543945 0
endloop
endfacet
facet normal 0 0 -1
outer loop
vertex -31.049999237060547 -30.034727096557617 0
vertex -31.584253311157227 -28.846933364868164 0
vertex -31.549999237060547 -28.674726486206055 0
endloop
endfacet
facet normal 0 0 -1
outer loop
vertex -31.049999237060547 -30.034727096557617 0
vertex -31.68180274963379 -28.9929256439209 0
vertex -31.584253311157227 -28.846933364868164 0
endloop
endfacet
facet normal 0 0 -1
outer loop
vertex -31.049999237060547 -30.034727096557617 0
vertex -31.584253311157227 -29.772520065307617 0
vertex -31.68180274963379 -28.9929256439209 0
endloop
endfacet
facet normal 0 0 -1
outer loop
vertex -31.049999237060547 -30.034727096557617 0
vertex -31.549999237060547 -29.944726943969727 0
vertex -31.584253311157227 -29.772520065307617 0
endloop
endfacet
facet normal 1 0 0
outer loop
vertex 32.95000076293945 0.06527330726385117 2.200000047683716
vertex 32.95000076293945 -14.034727096557617 2.200000047683716
vertex 32.95000076293945 -3.484726667404175 1.7000000476837158
endloop
endfacet
facet normal 0 0 1
outer loop
vertex 31.850000381469727 0.8652732968330383 2.200000047683716
vertex 32.150001525878906 -14.834726333618164 2.200000047683716
vertex 32.150001525878906 0.8652732968330383 2.200000047683716
endloop
endfacet
facet normal 0 0 -1
outer loop
vertex -0.949999988079071 0.06527330726385117 0
vertex -15.050000190734863 0.06527330726385117 0
vertex -0.949999988079071 1.9652732610702515 0
endloop
endfacet
facet normal -1 0 0
outer loop
vertex 31.049999237060547 -3.484726667404175 1.7000000476837158
vertex 31.049999237060547 -10.484726905822754 1.7000000476837158
vertex 31.049999237060547 0.06527330726385117 2.200000047683716
endloop
endfacet
facet normal 1 0 0
outer loop
vertex -15.050000190734863 1.9652732610702515 0
vertex -15.050000190734863 5.515273094177246 0
vertex -15.050000190734863 5.515273094177246 1.7000000476837158
endloop
endfacet
facet normal 1 0 0
outer loop
vertex 32.95000076293945 -3.484726667404175 1.7000000476837158
vertex 32.95000076293945 -3.484726667404175 0
vertex 32.95000076293945 0.06527330726385117 2.200000047683716
endloop
endfacet
facet normal 0 -1 0
outer loop
vertex -15.050000190734863 0.06527330726385117 2.200000047683716
vertex -15.050000190734863 0.06527330726385117 0
vertex -0.949999988079071 0.06527330726385117 0
endloop
endfacet
facet normal 0 0 -1
outer loop
vertex -15.050000190734863 0.06527330726385117 0
vertex -15.050000190734863 1.9652732610702515 0
vertex -0.949999988079071 1.9652732610702515 0
endloop
endfacet
facet normal 1 0 0
outer loop
vertex -15.050000190734863 0.06527330726385117 2.200000047683716
vertex -15.050000190734863 -3.484726667404175 0
vertex -15.050000190734863 0.06527330726385117 0
endloop
endfacet
facet normal -1 0 0
outer loop
vertex 31.049999237060547 -10.484726905822754 1.7000000476837158
vertex 31.049999237060547 -14.034727096557617 2.200000047683716
vertex 31.049999237060547 0.06527330726385117 2.200000047683716
endloop
endfacet
facet normal 0 0 1
outer loop
vertex 32.150001525878906 -14.834726333618164 2.200000047683716
vertex 31.850000381469727 0.8652732968330383 2.200000047683716
vertex 31.850000381469727 -14.834726333618164 2.200000047683716
endloop
endfacet
facet normal -1 0 0
outer loop
vertex -16.950000762939453 21.515274047851562 0
vertex -16.950000762939453 17.965272903442383 0
vertex -16.950000762939453 17.965272903442383 2.200000047683716
endloop
endfacet
facet normal 1 0 0
outer loop
vertex 32.95000076293945 -10.484726905822754 1.7000000476837158
vertex 32.95000076293945 -3.484726667404175 1.7000000476837158
vertex 32.95000076293945 -14.034727096557617 2.200000047683716
endloop
endfacet
facet normal 0 0 -1
outer loop
vertex -32.17220687866211 -29.090473175048828 0
vertex -32.17220687866211 -29.528980255126953 0
vertex -32.318199157714844 -28.9929256439209 0
endloop
endfacet
facet normal 0 0 -1
outer loop
vertex -32.318199157714844 -28.9929256439209 0
vertex -32.41574478149414 -29.772520065307617 0
vertex -32.41574478149414 -28.846933364868164 0
endloop
endfacet
facet normal 0 0 -1
outer loop
vertex -15.050000190734863 17.965272903442383 0
vertex -15.75 21.515274047851562 0
vertex -15.050000190734863 21.515274047851562 0
endloop
endfacet
facet normal 0 0 -1
outer loop
vertex -15.050000190734863 17.965272903442383 0
vertex -16.25 21.515274047851562 0
vertex -15.75 21.515274047851562 0
endloop
endfacet
facet normal 0 0 -1
outer loop
vertex -16.25 21.515274047851562 0
vertex -16.950000762939453 17.965272903442383 0
vertex -16.950000762939453 21.515274047851562 0
endloop
endfacet
facet normal 0 0 -1
outer loop
vertex -15.050000190734863 17.965272903442383 0
vertex -16.950000762939453 17.965272903442383 0
vertex -16.25 21.515274047851562 0
endloop
endfacet
facet normal 1 0 0
outer loop
vertex -47.04999923706055 -15.93472671508789 2.200000047683716
vertex -47.04999923706055 -30.034727096557617 2.200000047683716
vertex -47.04999923706055 -19.484725952148438 1.7000000476837158
endloop
endfacet
facet normal 0 0 1
outer loop
vertex -48.70000076293945 -31.68472671508789 2.200000047683716
vertex -47.849998474121094 -15.134726524353027 2.200000047683716
vertex -47.849998474121094 -14.834726333618164 2.200000047683716
endloop
endfacet
facet normal 1 0 0
outer loop
vertex -47.04999923706055 -19.484725952148438 1.7000000476837158
vertex -47.04999923706055 -19.484725952148438 0
vertex -47.04999923706055 -15.93472671508789 2.200000047683716
endloop
endfacet
facet normal 0 0 1
outer loop
vertex -48.70000076293945 -31.68472671508789 2.200000047683716
vertex -47.849998474121094 -14.834726333618164 2.200000047683716
vertex -47.849998474121094 0.8652732968330383 2.200000047683716
endloop
endfacet
facet normal 0 0 -1
outer loop
vertex -15.050000190734863 17.965272903442383 0
vertex -16.950000762939453 16.06527328491211 0
vertex -16.950000762939453 17.965272903442383 0
endloop
endfacet
facet normal 0 0 -1
outer loop
vertex -15.050000190734863 16.06527328491211 0
vertex -16.950000762939453 16.06527328491211 0
vertex -15.050000190734863 17.965272903442383 0
endloop
endfacet
facet normal 1 0 0
outer loop
vertex 32.95000076293945 -14.034727096557617 2.200000047683716
vertex 32.95000076293945 -14.034727096557617 0
vertex 32.95000076293945 -10.484726905822754 1.7000000476837158
endloop
endfacet
facet normal 0 1 0
outer loop
vertex -16.950000762939453 17.965272903442383 0
vertex -31.049999237060547 17.965272903442383 0
vertex -16.950000762939453 17.965272903442383 2.200000047683716
endloop
endfacet
facet normal 1 0 0
outer loop
vertex -47.04999923706055 -14.034727096557617 0
vertex -47.04999923706055 -10.484726905822754 1.7000000476837158
vertex -47.04999923706055 -14.034727096557617 2.200000047683716
endloop
endfacet
facet normal 0 0 -1
outer loop
vertex -16.950000762939453 16.06527328491211 0
vertex -31.049999237060547 16.06527328491211 0
vertex -16.950000762939453 17.965272903442383 0
endloop
endfacet
facet normal 1 0 0
outer loop
vertex -47.04999923706055 -10.484726905822754 1.7000000476837158
vertex -47.04999923706055 -3.484726667404175 1.7000000476837158
vertex -47.04999923706055 -14.034727096557617 2.200000047683716
endloop
endfacet
facet normal -1 0 0
outer loop
vertex -16.950000762939453 16.06527328491211 0
vertex -16.950000762939453 12.515273094177246 0
vertex -16.950000762939453 12.515273094177246 1.7000000476837158
endloop
endfacet
facet normal 0 0 1
outer loop
vertex -47.849998474121094 1.1652733087539673 2.200000047683716
vertex -48.70000076293945 -31.68472671508789 2.200000047683716
vertex -47.849998474121094 0.8652732968330383 2.200000047683716
endloop
endfacet
facet normal 0 0 -1
outer loop
vertex -15.050000190734863 16.06527328491211 0
vertex -15.75 12.515273094177246 0
vertex -16.950000762939453 16.06527328491211 0
endloop
endfacet
facet normal 1 0 0
outer loop
vertex -47.04999923706055 -3.484726667404175 1.7000000476837158
vertex -47.04999923706055 -3.484726667404175 0
vertex -47.04999923706055 0.06527330726385117 2.200000047683716
endloop
endfacet
facet normal 0 0 -1
outer loop
vertex -15.050000190734863 12.515273094177246 0
vertex -15.75 12.515273094177246 0
vertex -15.050000190734863 16.06527328491211 0
endloop
endfacet
facet normal 1 0 0
outer loop
vertex -47.04999923706055 -3.484726667404175 1.7000000476837158
vertex -47.04999923706055 0.06527330726385117 2.200000047683716
vertex -47.04999923706055 -14.034727096557617 2.200000047683716
endloop
endfacet
facet normal -1 0 0
outer loop
vertex 31.049999237060547 -10.484726905822754 1.7000000476837158
vertex 31.049999237060547 -10.484726905822754 0
vertex 31.049999237060547 -14.034727096557617 2.200000047683716
endloop
endfacet
facet normal 0 0 -1
outer loop
vertex -15.75 12.515273094177246 0
vertex -16.25 12.515273094177246 0
vertex -16.950000762939453 16.06527328491211 0
endloop
endfacet
facet normal 0 0 -1
outer loop
vertex -16.25 12.515273094177246 0
vertex -16.950000762939453 12.515273094177246 0
vertex -16.950000762939453 16.06527328491211 0
endloop
endfacet
facet normal 0 0 -1
outer loop
vertex -31.584253311157227 -29.772520065307617 0
vertex -31.68180274963379 -29.626527786254883 0
vertex -31.68180274963379 -28.9929256439209 0
endloop
endfacet
facet normal 0 0 1
outer loop
vertex 47.849998474121094 -14.834726333618164 2.200000047683716
vertex 32.150001525878906 -15.134726524353027 2.200000047683716
vertex 47.849998474121094 -15.134726524353027 2.200000047683716
endloop
endfacet
facet normal 0 1 0
outer loop
vertex -32.95000076293945 -14.034727096557617 2.200000047683716
vertex -47.04999923706055 -14.034727096557617 0
vertex -47.04999923706055 -14.034727096557617 2.200000047683716
endloop
endfacet
facet normal 0 0 1
outer loop
vertex -47.849998474121094 -15.134726524353027 2.200000047683716
vertex -32.150001525878906 -14.834726333618164 2.200000047683716
vertex -47.849998474121094 -14.834726333618164 2.200000047683716
endloop
endfacet
facet normal 0 0 -1
outer loop
vertex -15.75 5.515273094177246 0
vertex -16.25 12.515273094177246 0
vertex -15.75 12.515273094177246 0
endloop
endfacet
facet normal 0 -1 0
outer loop
vertex 32.95000076293945 -15.93472671508789 2.200000047683716
vertex 47.04999923706055 -15.93472671508789 0
vertex 47.04999923706055 -15.93472671508789 2.200000047683716
endloop
endfacet
facet normal 0 0 1
outer loop
vertex 32.150001525878906 -15.134726524353027 2.200000047683716
vertex 47.849998474121094 -14.834726333618164 2.200000047683716
vertex 32.150001525878906 -14.834726333618164 2.200000047683716
endloop
endfacet
facet normal 0 -1 0
outer loop
vertex -31.049999237060547 16.06527328491211 2.200000047683716
vertex -31.049999237060547 16.06527328491211 0
vertex -16.950000762939453 16.06527328491211 0
endloop
endfacet
facet normal 0 0 1
outer loop
vertex 31.850000381469727 -15.134726524353027 2.200000047683716
vertex 32.150001525878906 -14.834726333618164 2.200000047683716
vertex 31.850000381469727 -14.834726333618164 2.200000047683716
endloop
endfacet
facet normal 0 0 1
outer loop
vertex 32.150001525878906 -15.134726524353027 2.200000047683716
vertex 32.150001525878906 -14.834726333618164 2.200000047683716
vertex 31.850000381469727 -15.134726524353027 2.200000047683716
endloop
endfacet
facet normal 0 1 0
outer loop
vertex 47.04999923706055 -14.034727096557617 2.200000047683716
vertex 32.95000076293945 -14.034727096557617 0
vertex 32.95000076293945 -14.034727096557617 2.200000047683716
endloop
endfacet
facet normal 0 0 -1
outer loop
vertex -31.049999237060547 16.06527328491211 0
vertex -31.049999237060547 17.965272903442383 0
vertex -16.950000762939453 17.965272903442383 0
endloop
endfacet
facet normal 1 0 0
outer loop
vertex 32.95000076293945 -19.484725952148438 1.7000000476837158
vertex 32.95000076293945 -19.484725952148438 0
vertex 32.95000076293945 -15.93472671508789 2.200000047683716
endloop
endfacet
facet normal -1 0 0
outer loop
vertex 31.049999237060547 -15.93472671508789 2.200000047683716
vertex 31.049999237060547 -15.93472671508789 0
vertex 31.049999237060547 -19.484725952148438 1.7000000476837158
endloop
endfacet
facet normal 0 0 1
outer loop
vertex 31.850000381469727 -15.134726524353027 2.200000047683716
vertex 32.150001525878906 -30.834726333618164 2.200000047683716
vertex 32.150001525878906 -15.134726524353027 2.200000047683716
endloop
endfacet
facet normal -1 0 0
outer loop
vertex 31.049999237060547 -19.484725952148438 1.7000000476837158
vertex 31.049999237060547 -26.484725952148438 1.7000000476837158
vertex 31.049999237060547 -15.93472671508789 2.200000047683716
endloop
endfacet
facet normal 1 0 0
outer loop
vertex 32.95000076293945 -19.484725952148438 1.7000000476837158
vertex 32.95000076293945 -15.93472671508789 2.200000047683716
vertex 32.95000076293945 -30.034727096557617 2.200000047683716
endloop
endfacet
facet normal 0 0 -1
outer loop
vertex -15.75 5.515273094177246 0
vertex -16.25 5.515273094177246 0
vertex -16.25 12.515273094177246 0
endloop
endfacet
facet normal 0 0 -1
outer loop
vertex -15.050000190734863 1.9652732610702515 0
vertex -15.75 5.515273094177246 0
vertex -15.050000190734863 5.515273094177246 0
endloop
endfacet
facet normal 0 0 -1
outer loop
vertex -15.050000190734863 1.9652732610702515 0
vertex -16.25 5.515273094177246 0
vertex -15.75 5.515273094177246 0
endloop
endfacet
facet normal 0 0 -1
outer loop
vertex -16.25 5.515273094177246 0
vertex -16.950000762939453 1.9652732610702515 0
vertex -16.950000762939453 5.515273094177246 0
endloop
endfacet
facet normal -1 0 0
outer loop
vertex -16.950000762939453 1.9652732610702515 0
vertex -16.950000762939453 1.9652732610702515 2.200000047683716
vertex -16.950000762939453 5.515273094177246 0
endloop
endfacet
facet normal 0 0 -1
outer loop
vertex -15.050000190734863 1.9652732610702515 0
vertex -16.950000762939453 1.9652732610702515 0
vertex -16.25 5.515273094177246 0
endloop
endfacet
facet normal 0 0 -1
outer loop
vertex -15.050000190734863 0.06527330726385117 0
vertex -16.950000762939453 0.06527330726385117 0
vertex -15.050000190734863 1.9652732610702515 0
endloop
endfacet
facet normal 0 0 -1
outer loop
vertex -16.950000762939453 0.06527330726385117 0
vertex -16.950000762939453 1.9652732610702515 0
vertex -15.050000190734863 1.9652732610702515 0
endloop
endfacet
facet normal -1 0 0
outer loop
vertex 31.049999237060547 -26.484725952148438 1.7000000476837158
vertex 31.049999237060547 -30.034727096557617 2.200000047683716
vertex 31.049999237060547 -15.93472671508789 2.200000047683716
endloop
endfacet
facet normal 0 0 -1
outer loop
vertex -15.050000190734863 0.06527330726385117 0
vertex -15.75 -3.484726667404175 0
vertex -16.950000762939453 0.06527330726385117 0
endloop
endfacet
facet normal 0 1 0
outer loop
vertex -16.950000762939453 1.9652732610702515 0
vertex -31.049999237060547 1.9652732610702515 0
vertex -16.950000762939453 1.9652732610702515 2.200000047683716
endloop
endfacet
facet normal 0 0 -1
outer loop
vertex -16.950000762939453 0.06527330726385117 0
vertex -31.049999237060547 0.06527330726385117 0
vertex -16.950000762939453 1.9652732610702515 0
endloop
endfacet
facet normal 0 -1 0
outer loop
vertex -31.049999237060547 0.06527330726385117 2.200000047683716
vertex -31.049999237060547 0.06527330726385117 0
vertex -16.950000762939453 0.06527330726385117 0
endloop
endfacet
facet normal 0 0 -1
outer loop
vertex -31.049999237060547 0.06527330726385117 0
vertex -31.049999237060547 1.9652732610702515 0
vertex -16.950000762939453 1.9652732610702515 0
endloop
endfacet
facet normal 1 0 0
outer loop
vertex -31.049999237060547 28.515274047851562 0
vertex -31.049999237060547 32.06527328491211 0
vertex -31.049999237060547 32.06527328491211 2.200000047683716
endloop
endfacet
facet normal 0 0 -1
outer loop
vertex -31.049999237060547 32.06527328491211 0
vertex -48.70000076293945 33.715274810791016 0
vertex -16.950000762939453 32.06527328491211 0
endloop
endfacet
facet normal 0 0 -1
outer loop
vertex -31.049999237060547 32.06527328491211 0
vertex -31.75 28.515274047851562 0
vertex -32.95000076293945 32.06527328491211 0
endloop
endfacet
facet normal -1 0 0
outer loop
vertex -32.95000076293945 32.06527328491211 0
vertex -32.95000076293945 28.515274047851562 0
vertex -32.95000076293945 28.515274047851562 1.7000000476837158
endloop
endfacet
facet normal 0 0 -1
outer loop
vertex -31.75 28.515274047851562 0
vertex -31.049999237060547 32.06527328491211 0
vertex -31.049999237060547 28.515274047851562 0
endloop
endfacet
facet normal 0 0 -1
outer loop
vertex -47.75 -26.484725952148438 0
vertex -48.70000076293945 -31.68472671508789 0
vertex -47.75 -19.484725952148438 0
endloop
endfacet
facet normal 0 0 -1
outer loop
vertex -31.75 28.515274047851562 0
vertex -32.25 28.515274047851562 0
vertex -32.95000076293945 32.06527328491211 0
endloop
endfacet
facet normal 0 0 -1
outer loop
vertex -47.04999923706055 -30.034727096557617 0
vertex -32.95000076293945 -30.034727096557617 0
vertex -48.70000076293945 -31.68472671508789 0
endloop
endfacet
facet normal 0 0 -1
outer loop
vertex -48.70000076293945 -31.68472671508789 0
vertex -32.41574478149414 -31.386934280395508 0
vertex -32.318199157714844 -31.53292465209961 0
endloop
endfacet
facet normal 0 0 -1
outer loop
vertex -32.95000076293945 28.515274047851562 0
vertex -32.95000076293945 32.06527328491211 0
vertex -32.25 28.515274047851562 0
endloop
endfacet
facet normal 0 0 -1
outer loop
vertex -48.70000076293945 -31.68472671508789 0
vertex -32.318199157714844 -31.53292465209961 0
vertex -32.17220687866211 -31.63047218322754 0
endloop
endfacet
facet normal 0 0 -1
outer loop
vertex -32.95000076293945 32.06527328491211 0
vertex -48.70000076293945 33.715274810791016 0
vertex -31.049999237060547 32.06527328491211 0
endloop
endfacet
facet normal -1 0 0
outer loop
vertex -32.95000076293945 -26.484725952148438 1.7000000476837158
vertex -32.95000076293945 -30.034727096557617 2.200000047683716
vertex -32.95000076293945 -15.93472671508789 2.200000047683716
endloop
endfacet
facet normal 1 0 0
outer loop
vertex -31.049999237060547 -19.484725952148438 1.7000000476837158
vertex -31.049999237060547 -15.93472671508789 2.200000047683716
vertex -31.049999237060547 -30.034727096557617 2.200000047683716
endloop
endfacet
facet normal -1 0 0
outer loop
vertex -32.95000076293945 -19.484725952148438 1.7000000476837158
vertex -32.95000076293945 -26.484725952148438 1.7000000476837158
vertex -32.95000076293945 -15.93472671508789 2.200000047683716
endloop
endfacet
facet normal 0 0 1
outer loop
vertex -32.150001525878906 -15.134726524353027 2.200000047683716
vertex -31.850000381469727 -30.834726333618164 2.200000047683716
vertex -31.850000381469727 -15.134726524353027 2.200000047683716
endloop
endfacet
facet normal 0 -1 0
outer loop
vertex -47.04999923706055 -15.93472671508789 2.200000047683716
vertex -32.95000076293945 -15.93472671508789 0
vertex -32.95000076293945 -15.93472671508789 2.200000047683716
endloop
endfacet
facet normal -1 0 0
outer loop
vertex -32.95000076293945 -15.93472671508789 2.200000047683716
vertex -32.95000076293945 -15.93472671508789 0
vertex -32.95000076293945 -19.484725952148438 1.7000000476837158
endloop
endfacet
facet normal 1 0 0
outer loop
vertex -31.049999237060547 -19.484725952148438 1.7000000476837158
vertex -31.049999237060547 -19.484725952148438 0
vertex -31.049999237060547 -15.93472671508789 2.200000047683716
endloop
endfacet
facet normal 0 0 1
outer loop
vertex -32.150001525878906 -14.834726333618164 2.200000047683716
vertex -47.849998474121094 -15.134726524353027 2.200000047683716
vertex -32.150001525878906 -15.134726524353027 2.200000047683716
endloop
endfacet
facet normal 0 0 1
outer loop
vertex -31.850000381469727 -14.834726333618164 2.200000047683716
vertex -32.150001525878906 -15.134726524353027 2.200000047683716
vertex -31.850000381469727 -15.134726524353027 2.200000047683716
endloop
endfacet
facet normal 0 0 1
outer loop
vertex -32.150001525878906 -15.134726524353027 2.200000047683716
vertex -31.850000381469727 -14.834726333618164 2.200000047683716
vertex -32.150001525878906 -14.834726333618164 2.200000047683716
endloop
endfacet
facet normal 0 0 -1
outer loop
vertex -32.41574478149414 -31.386934280395508 0
vertex -48.70000076293945 -31.68472671508789 0
vertex -32.45000076293945 -31.2147274017334 0
endloop
endfacet
facet normal 0 0 1
outer loop
vertex 48.70000076293945 -31.68472671508789 2.200000047683716
vertex 47.849998474121094 -15.134726524353027 2.200000047683716
vertex 47.849998474121094 -30.834726333618164 2.200000047683716
endloop
endfacet
facet normal 0 0 -1
outer loop
vertex -31.75 21.515274047851562 0
vertex -32.25 28.515274047851562 0
vertex -31.75 28.515274047851562 0
endloop
endfacet
facet normal -1 0 0
outer loop
vertex 47.04999923706055 -26.484725952148438 0
vertex 47.04999923706055 -30.034727096557617 2.200000047683716
vertex 47.04999923706055 -26.484725952148438 1.7000000476837158
endloop
endfacet
facet normal 0 0 1
outer loop
vertex 48.70000076293945 -31.68472671508789 2.200000047683716
vertex 47.849998474121094 -30.834726333618164 2.200000047683716
vertex 32.150001525878906 -30.834726333618164 2.200000047683716
endloop
endfacet
facet normal 0 0 1
outer loop
vertex 32.150001525878906 -30.834726333618164 2.200000047683716
vertex 31.850000381469727 -15.134726524353027 2.200000047683716
vertex 31.850000381469727 -30.834726333618164 2.200000047683716
endloop
endfacet
facet normal 1 0 0
outer loop
vertex 32.95000076293945 -26.484725952148438 1.7000000476837158
vertex 32.95000076293945 -19.484725952148438 1.7000000476837158
vertex 32.95000076293945 -30.034727096557617 2.200000047683716
endloop
endfacet
facet normal 0 0 -1
outer loop
vertex -31.75 21.515274047851562 0
vertex -32.25 21.515274047851562 0
vertex -32.25 28.515274047851562 0
endloop
endfacet
facet normal 0 -1 0
outer loop
vertex -47.04999923706055 32.06527328491211 2.200000047683716
vertex -47.04999923706055 32.06527328491211 0
vertex -32.95000076293945 32.06527328491211 0
endloop
endfacet
facet normal 1 0 0
outer loop
vertex 32.95000076293945 -30.034727096557617 2.200000047683716
vertex 32.95000076293945 -30.034727096557617 0
vertex 32.95000076293945 -26.484725952148438 1.7000000476837158
endloop
endfacet
facet normal -1 0 0
outer loop
vertex 31.049999237060547 -26.484725952148438 0
vertex 31.049999237060547 -30.034727096557617 2.200000047683716
vertex 31.049999237060547 -26.484725952148438 1.7000000476837158
endloop
endfacet
facet normal 0 0 1
outer loop
vertex 48.70000076293945 -31.68472671508789 2.200000047683716
vertex 32.150001525878906 -30.834726333618164 2.200000047683716
vertex 31.850000381469727 -30.834726333618164 2.200000047683716
endloop
endfacet
facet normal 0 0 1
outer loop
vertex 48.70000076293945 -31.68472671508789 2.200000047683716
vertex 31.850000381469727 -30.834726333618164 2.200000047683716
vertex 16.149999618530273 -30.834726333618164 2.200000047683716
endloop
endfacet
facet normal 0 0 -1
outer loop
vertex -47.04999923706055 32.06527328491211 0
vertex -48.70000076293945 33.715274810791016 0
vertex -32.95000076293945 32.06527328491211 0
endloop
endfacet
facet normal 0 0 1
outer loop
vertex -0.15000000596046448 16.865272521972656 2.200000047683716
vertex 0.15000000596046448 17.165273666381836 2.200000047683716
vertex -0.15000000596046448 17.165273666381836 2.200000047683716
endloop
endfacet
facet normal -1 0 0
outer loop
vertex -32.95000076293945 -10.484726905822754 1.7000000476837158
vertex -32.95000076293945 -10.484726905822754 0
vertex -32.95000076293945 -14.034727096557617 2.200000047683716
endloop
endfacet
facet normal 0 0 1
outer loop
vertex -48.70000076293945 33.715274810791016 2.200000047683716
vertex -31.850000381469727 32.865272521972656 2.200000047683716
vertex -16.149999618530273 32.865272521972656 2.200000047683716
endloop
endfacet
facet normal 0 1 0
outer loop
vertex -16.950000762939453 1.9652732610702515 2.200000047683716
vertex -31.049999237060547 1.9652732610702515 0
vertex -31.049999237060547 1.9652732610702515 2.200000047683716
endloop
endfacet
facet normal 1 0 0
outer loop
vertex -31.049999237060547 -10.484726905822754 1.7000000476837158
vertex -31.049999237060547 -3.484726667404175 1.7000000476837158
vertex -31.049999237060547 -14.034727096557617 2.200000047683716
endloop
endfacet
facet normal -1 0 0
outer loop
vertex -32.95000076293945 -10.484726905822754 1.7000000476837158
vertex -32.95000076293945 -14.034727096557617 2.200000047683716
vertex -32.95000076293945 0.06527330726385117 2.200000047683716
endloop
endfacet
facet normal 0 0 1
outer loop
vertex -31.850000381469727 -14.834726333618164 2.200000047683716
vertex -32.150001525878906 0.8652732968330383 2.200000047683716
vertex -32.150001525878906 -14.834726333618164 2.200000047683716
endloop
endfacet
facet normal 1 0 0
outer loop
vertex -47.04999923706055 28.515274047851562 0
vertex -47.04999923706055 32.06527328491211 0
vertex -47.04999923706055 32.06527328491211 2.200000047683716
endloop
endfacet
facet normal 0 0 -1
outer loop
vertex -47.04999923706055 32.06527328491211 0
vertex -47.75 28.515274047851562 0
vertex -48.70000076293945 33.715274810791016 0
endloop
endfacet
facet normal 0 0 -1
outer loop
vertex -47.75 28.515274047851562 0
vertex -47.04999923706055 32.06527328491211 0
vertex -47.04999923706055 28.515274047851562 0
endloop
endfacet
facet normal 1 0 0
outer loop
vertex -31.049999237060547 -3.484726667404175 1.7000000476837158
vertex -31.049999237060547 -3.484726667404175 0
vertex -31.049999237060547 0.06527330726385117 2.200000047683716
endloop
endfacet
facet normal 0 0 1
outer loop
vertex -15.850000381469727 17.165273666381836 2.200000047683716
vertex -16.149999618530273 32.865272521972656 2.200000047683716
vertex -16.149999618530273 17.165273666381836 2.200000047683716
endloop
endfacet
facet normal -1 0 0
outer loop
vertex -32.95000076293945 -3.484726667404175 1.7000000476837158
vertex -32.95000076293945 -10.484726905822754 1.7000000476837158
vertex -32.95000076293945 0.06527330726385117 2.200000047683716
endloop
endfacet
facet normal -1 0 0
outer loop
vertex -16.950000762939453 21.515274047851562 1.7000000476837158
vertex -16.950000762939453 17.965272903442383 2.200000047683716
vertex -16.950000762939453 32.06527328491211 2.200000047683716
endloop
endfacet
facet normal 1 0 0
outer loop
vertex -31.049999237060547 -3.484726667404175 1.7000000476837158
vertex -31.049999237060547 0.06527330726385117 2.200000047683716
vertex -31.049999237060547 -14.034727096557617 2.200000047683716
endloop
endfacet
facet normal 0 0 1
outer loop
vertex -32.150001525878906 0.8652732968330383 2.200000047683716
vertex -31.850000381469727 -14.834726333618164 2.200000047683716
vertex -31.850000381469727 0.8652732968330383 2.200000047683716
endloop
endfacet
facet normal 0 1 0
outer loop
vertex 47.04999923706055 -30.034727096557617 2.200000047683716
vertex 32.95000076293945 -30.034727096557617 0
vertex 32.95000076293945 -30.034727096557617 2.200000047683716
endloop
endfacet
facet normal 0 0 1
outer loop
vertex 15.850000381469727 0.8652732968330383 2.200000047683716
vertex 16.149999618530273 -14.834726333618164 2.200000047683716
vertex 16.149999618530273 0.8652732968330383 2.200000047683716
endloop
endfacet
facet normal 1 0 0
outer loop
vertex 16.950000762939453 -3.484726667404175 1.7000000476837158
vertex 16.950000762939453 0.06527330726385117 2.200000047683716
vertex 16.950000762939453 -14.034727096557617 2.200000047683716
endloop
endfacet
facet normal 1 0 0
outer loop
vertex -31.049999237060547 17.965272903442383 0
vertex -31.049999237060547 21.515274047851562 0
vertex -31.049999237060547 21.515274047851562 1.7000000476837158
endloop
endfacet
facet normal -1 0 0
outer loop
vertex -32.95000076293945 21.515274047851562 0
vertex -32.95000076293945 17.965272903442383 0
vertex -32.95000076293945 17.965272903442383 2.200000047683716
endloop
endfacet
facet normal 1 0 0
outer loop
vertex 16.950000762939453 -3.484726667404175 1.7000000476837158
vertex 16.950000762939453 -3.484726667404175 0
vertex 16.950000762939453 0.06527330726385117 2.200000047683716
endloop
endfacet
facet normal 0 0 -1
outer loop
vertex -31.049999237060547 17.965272903442383 0
vertex -31.75 21.515274047851562 0
vertex -31.049999237060547 21.515274047851562 0
endloop
endfacet
facet normal 0 0 -1
outer loop
vertex -31.049999237060547 17.965272903442383 0
vertex -32.25 21.515274047851562 0
vertex -31.75 21.515274047851562 0
endloop
endfacet
facet normal 0 0 -1
outer loop
vertex -31.049999237060547 17.965272903442383 0
vertex -32.95000076293945 17.965272903442383 0
vertex -32.25 21.515274047851562 0
endloop
endfacet
facet normal 0 0 1
outer loop
vertex 16.149999618530273 -14.834726333618164 2.200000047683716
vertex 15.850000381469727 0.8652732968330383 2.200000047683716
vertex 15.850000381469727 -14.834726333618164 2.200000047683716
endloop
endfacet
facet normal 0 0 -1
outer loop
vertex -32.95000076293945 17.965272903442383 0
vertex -32.95000076293945 21.515274047851562 0
vertex -32.25 21.515274047851562 0
endloop
endfacet
facet normal 0 0 -1
outer loop
vertex -31.68180274963379 -29.626527786254883 0
vertex -31.82779312133789 -29.090473175048828 0
vertex -31.68180274963379 -28.9929256439209 0
endloop
endfacet
facet normal 0 0 -1
outer loop
vertex -31.049999237060547 17.965272903442383 0
vertex -32.95000076293945 16.06527328491211 0
vertex -32.95000076293945 17.965272903442383 0
endloop
endfacet
facet normal 0 1 0
outer loop
vertex -16.950000762939453 -30.034727096557617 2.200000047683716
vertex -31.049999237060547 -30.034727096557617 0
vertex -31.049999237060547 -30.034727096557617 2.200000047683716
endloop
endfacet
facet normal 0 0 1
outer loop
vertex -48.70000076293945 -31.68472671508789 2.200000047683716
vertex -15.850000381469727 -30.834726333618164 2.200000047683716
vertex -16.149999618530273 -30.834726333618164 2.200000047683716
endloop
endfacet
facet normal 1 0 0
outer loop
vertex 16.950000762939453 -10.484726905822754 1.7000000476837158
vertex 16.950000762939453 -3.484726667404175 1.7000000476837158
vertex 16.950000762939453 -14.034727096557617 2.200000047683716
endloop
endfacet
facet normal 0 0 -1
outer loop
vertex -31.049999237060547 16.06527328491211 0
vertex -32.95000076293945 16.06527328491211 0
vertex -31.049999237060547 17.965272903442383 0
endloop
endfacet
facet normal 1 0 0
outer loop
vertex 16.950000762939453 -14.034727096557617 2.200000047683716
vertex 16.950000762939453 -14.034727096557617 0
vertex 16.950000762939453 -10.484726905822754 1.7000000476837158
endloop
endfacet
facet normal 0 1 0
outer loop
vertex -32.95000076293945 17.965272903442383 0
vertex -47.04999923706055 17.965272903442383 0
vertex -32.95000076293945 17.965272903442383 2.200000047683716
endloop
endfacet
facet normal 0 0 -1
outer loop
vertex -32.95000076293945 16.06527328491211 0
vertex -47.04999923706055 16.06527328491211 0
vertex -32.95000076293945 17.965272903442383 0
endloop
endfacet
facet normal 0 0 1
outer loop
vertex 31.850000381469727 -14.834726333618164 2.200000047683716
vertex 16.149999618530273 -15.134726524353027 2.200000047683716
vertex 31.850000381469727 -15.134726524353027 2.200000047683716
endloop
endfacet
facet normal 0 -1 0
outer loop
vertex 16.950000762939453 -15.93472671508789 2.200000047683716
vertex 31.049999237060547 -15.93472671508789 0
vertex 31.049999237060547 -15.93472671508789 2.200000047683716
endloop
endfacet
facet normal 0 0 1
outer loop
vertex 16.149999618530273 -15.134726524353027 2.200000047683716
vertex 31.850000381469727 -14.834726333618164 2.200000047683716
vertex 16.149999618530273 -14.834726333618164 2.200000047683716
endloop
endfacet
facet normal 0 0 1
outer loop
vertex 15.850000381469727 -15.134726524353027 2.200000047683716
vertex 16.149999618530273 -14.834726333618164 2.200000047683716
vertex 15.850000381469727 -14.834726333618164 2.200000047683716
endloop
endfacet
facet normal 0 0 1
outer loop
vertex 16.149999618530273 -14.834726333618164 2.200000047683716
vertex 15.850000381469727 -15.134726524353027 2.200000047683716
vertex 16.149999618530273 -15.134726524353027 2.200000047683716
endloop
endfacet
facet normal 0 1 0
outer loop
vertex 31.049999237060547 -14.034727096557617 2.200000047683716
vertex 16.950000762939453 -14.034727096557617 0
vertex 16.950000762939453 -14.034727096557617 2.200000047683716
endloop
endfacet
facet normal 1 0 0
outer loop
vertex 16.950000762939453 -19.484725952148438 1.7000000476837158
vertex 16.950000762939453 -19.484725952148438 0
vertex 16.950000762939453 -15.93472671508789 2.200000047683716
endloop
endfacet
facet normal 0 0 1
outer loop
vertex 15.850000381469727 -15.134726524353027 2.200000047683716
vertex 16.149999618530273 -30.834726333618164 2.200000047683716
vertex 16.149999618530273 -15.134726524353027 2.200000047683716
endloop
endfacet
facet normal 1 0 0
outer loop
vertex 16.950000762939453 -19.484725952148438 1.7000000476837158
vertex 16.950000762939453 -15.93472671508789 2.200000047683716
vertex 16.950000762939453 -30.034727096557617 2.200000047683716
endloop
endfacet
facet normal 1 0 0
outer loop
vertex -31.049999237060547 12.515273094177246 0
vertex -31.049999237060547 16.06527328491211 0
vertex -31.049999237060547 16.06527328491211 2.200000047683716
endloop
endfacet
facet normal -1 0 0
outer loop
vertex -32.95000076293945 16.06527328491211 0
vertex -32.95000076293945 12.515273094177246 0
vertex -32.95000076293945 12.515273094177246 1.7000000476837158
endloop
endfacet
facet normal 0 0 -1
outer loop
vertex -31.049999237060547 16.06527328491211 0
vertex -31.75 12.515273094177246 0
vertex -32.95000076293945 16.06527328491211 0
endloop
endfacet
facet normal 0 0 -1
outer loop
vertex -31.049999237060547 12.515273094177246 0
vertex -31.75 12.515273094177246 0
vertex -31.049999237060547 16.06527328491211 0
endloop
endfacet
facet normal 0 0 -1
outer loop
vertex -31.75 12.515273094177246 0
vertex -32.25 12.515273094177246 0
vertex -32.95000076293945 16.06527328491211 0
endloop
endfacet
facet normal 0 0 -1
outer loop
vertex -32.25 12.515273094177246 0
vertex -32.95000076293945 12.515273094177246 0
vertex -32.95000076293945 16.06527328491211 0
endloop
endfacet
facet normal 0 0 -1
outer loop
vertex -31.75 5.515273094177246 0
vertex -32.25 12.515273094177246 0
vertex -31.75 12.515273094177246 0
endloop
endfacet
facet normal 0 -1 0
outer loop
vertex -47.04999923706055 16.06527328491211 2.200000047683716
vertex -47.04999923706055 16.06527328491211 0
vertex -32.95000076293945 16.06527328491211 0
endloop
endfacet
facet normal -1 0 0
outer loop
vertex 15.050000190734863 -10.484726905822754 1.7000000476837158
vertex 15.050000190734863 0.06527330726385117 2.200000047683716
vertex 15.050000190734863 -3.484726667404175 1.7000000476837158
endloop
endfacet
facet normal -1 0 0
outer loop
vertex 15.050000190734863 -10.484726905822754 1.7000000476837158
vertex 15.050000190734863 -14.034727096557617 2.200000047683716
vertex 15.050000190734863 0.06527330726385117 2.200000047683716
endloop
endfacet
facet normal -1 0 0
outer loop
vertex 15.050000190734863 -10.484726905822754 0
vertex 15.050000190734863 -14.034727096557617 2.200000047683716
vertex 15.050000190734863 -10.484726905822754 1.7000000476837158
endloop
endfacet
facet normal 0 0 1
outer loop
vertex -0.15000000596046448 0.8652732968330383 2.200000047683716
vertex 0.15000000596046448 -14.834726333618164 2.200000047683716
vertex 0.15000000596046448 0.8652732968330383 2.200000047683716
endloop
endfacet
facet normal 1 0 0
outer loop
vertex 0.949999988079071 -3.484726667404175 1.7000000476837158
vertex 0.949999988079071 0.06527330726385117 2.200000047683716
vertex 0.949999988079071 -14.034727096557617 2.200000047683716
endloop
endfacet
facet normal 0 0 -1
outer loop
vertex -47.04999923706055 16.06527328491211 0
vertex -47.04999923706055 17.965272903442383 0
vertex -32.95000076293945 17.965272903442383 0
endloop
endfacet
facet normal 1 0 0
outer loop
vertex 0.949999988079071 -3.484726667404175 1.7000000476837158
vertex 0.949999988079071 -3.484726667404175 0
vertex 0.949999988079071 0.06527330726385117 2.200000047683716
endloop
endfacet
facet normal 0 0 -1
outer loop
vertex -31.75 5.515273094177246 0
vertex -32.25 5.515273094177246 0
vertex -32.25 12.515273094177246 0
endloop
endfacet
facet normal 1 0 0
outer loop
vertex -31.049999237060547 1.9652732610702515 0
vertex -31.049999237060547 5.515273094177246 0
vertex -31.049999237060547 5.515273094177246 1.7000000476837158
endloop
endfacet
facet normal 0 0 1
outer loop
vertex -15.850000381469727 -30.834726333618164 2.200000047683716
vertex -48.70000076293945 -31.68472671508789 2.200000047683716
vertex -0.15000000596046448 -30.834726333618164 2.200000047683716
endloop
endfacet
facet normal 1 0 0
outer loop
vertex 0.949999988079071 -10.484726905822754 1.7000000476837158
vertex 0.949999988079071 -3.484726667404175 1.7000000476837158
vertex 0.949999988079071 -14.034727096557617 2.200000047683716
endloop
endfacet
facet normal 0 0 -1
outer loop
vertex -31.049999237060547 1.9652732610702515 0
vertex -31.75 5.515273094177246 0
vertex -31.049999237060547 5.515273094177246 0
endloop
endfacet
facet normal 1 0 0
outer loop
vertex 0.949999988079071 -14.034727096557617 2.200000047683716
vertex 0.949999988079071 -14.034727096557617 0
vertex 0.949999988079071 -10.484726905822754 1.7000000476837158
endloop
endfacet
facet normal 0 0 -1
outer loop
vertex -31.049999237060547 1.9652732610702515 0
vertex -32.25 5.515273094177246 0
vertex -31.75 5.515273094177246 0
endloop
endfacet
facet normal 0 0 1
outer loop
vertex 15.850000381469727 -14.834726333618164 2.200000047683716
vertex 0.15000000596046448 -15.134726524353027 2.200000047683716
vertex 15.850000381469727 -15.134726524353027 2.200000047683716
endloop
endfacet
facet normal -1 0 0
outer loop
vertex 15.050000190734863 -15.93472671508789 2.200000047683716
vertex 15.050000190734863 -15.93472671508789 0
vertex 15.050000190734863 -19.484725952148438 1.7000000476837158
endloop
endfacet
facet normal 0 -1 0
outer loop
vertex 0.949999988079071 -15.93472671508789 2.200000047683716
vertex 15.050000190734863 -15.93472671508789 0
vertex 15.050000190734863 -15.93472671508789 2.200000047683716
endloop
endfacet
facet normal -1 0 0
outer loop
vertex 15.050000190734863 -26.484725952148438 1.7000000476837158
vertex 15.050000190734863 -15.93472671508789 2.200000047683716
vertex 15.050000190734863 -19.484725952148438 1.7000000476837158
endloop
endfacet
facet normal -1 0 0
outer loop
vertex 15.050000190734863 -26.484725952148438 1.7000000476837158
vertex 15.050000190734863 -30.034727096557617 2.200000047683716
vertex 15.050000190734863 -15.93472671508789 2.200000047683716
endloop
endfacet
facet normal 0 0 1
outer loop
vertex 0.15000000596046448 -15.134726524353027 2.200000047683716
vertex 15.850000381469727 -14.834726333618164 2.200000047683716
vertex 0.15000000596046448 -14.834726333618164 2.200000047683716
endloop
endfacet
facet normal 0 0 1
outer loop
vertex 0.15000000596046448 -15.134726524353027 2.200000047683716
vertex 0.15000000596046448 -14.834726333618164 2.200000047683716
vertex -0.15000000596046448 -15.134726524353027 2.200000047683716
endloop
endfacet
facet normal 0 1 0
outer loop
vertex 15.050000190734863 -14.034727096557617 2.200000047683716
vertex 0.949999988079071 -14.034727096557617 0
vertex 0.949999988079071 -14.034727096557617 2.200000047683716
endloop
endfacet
facet normal 1 0 0
outer loop
vertex 0.949999988079071 -19.484725952148438 1.7000000476837158
vertex 0.949999988079071 -19.484725952148438 0
vertex 0.949999988079071 -15.93472671508789 2.200000047683716
endloop
endfacet
facet normal 0 0 1
outer loop
vertex -0.15000000596046448 -15.134726524353027 2.200000047683716
vertex 0.15000000596046448 -30.834726333618164 2.200000047683716
vertex 0.15000000596046448 -15.134726524353027 2.200000047683716
endloop
endfacet
facet normal 1 0 0
outer loop
vertex 0.949999988079071 -19.484725952148438 1.7000000476837158
vertex 0.949999988079071 -15.93472671508789 2.200000047683716
vertex 0.949999988079071 -30.034727096557617 2.200000047683716
endloop
endfacet
facet normal 0 0 -1
outer loop
vertex -32.25 5.515273094177246 0
vertex -32.95000076293945 1.9652732610702515 0
vertex -32.95000076293945 5.515273094177246 0
endloop
endfacet
facet normal -1 0 0
outer loop
vertex -32.95000076293945 1.9652732610702515 0
vertex -32.95000076293945 1.9652732610702515 2.200000047683716
vertex -32.95000076293945 5.515273094177246 0
endloop
endfacet
facet normal 0 0 -1
outer loop
vertex -31.049999237060547 1.9652732610702515 0
vertex -32.95000076293945 1.9652732610702515 0
vertex -32.25 5.515273094177246 0
endloop
endfacet
facet normal 1 0 0
outer loop
vertex -31.049999237060547 0.06527330726385117 2.200000047683716
vertex -31.049999237060547 -3.484726667404175 0
vertex -31.049999237060547 0.06527330726385117 0
endloop
endfacet
facet normal 0 0 -1
outer loop
vertex -48.70000076293945 -31.68472671508789 0
vertex -32.17220687866211 -31.63047218322754 0
vertex -32 -31.66472625732422 0
endloop
endfacet
facet normal 0 0 -1
outer loop
vertex -32.45000076293945 -31.2147274017334 0
vertex -48.70000076293945 -31.68472671508789 0
vertex -32.41574478149414 -31.042518615722656 0
endloop
endfacet
facet normal 0 0 -1
outer loop
vertex -32.41574478149414 -31.042518615722656 0
vertex -48.70000076293945 -31.68472671508789 0
vertex -32.95000076293945 -30.034727096557617 0
endloop
endfacet
facet normal 0 1 0
outer loop
vertex -32.95000076293945 -30.034727096557617 0
vertex -47.04999923706055 -30.034727096557617 0
vertex -32.95000076293945 -30.034727096557617 2.200000047683716
endloop
endfacet
facet normal 0 0 -1
outer loop
vertex -32.41574478149414 -31.042518615722656 0
vertex -32.95000076293945 -30.034727096557617 0
vertex -32.41574478149414 -30.116933822631836 0
endloop
endfacet
facet normal 0 0 -1
outer loop
vertex -32.41574478149414 -30.116933822631836 0
vertex -32.95000076293945 -30.034727096557617 0
vertex -32.45000076293945 -29.944726943969727 0
endloop
endfacet
facet normal 0 0 -1
outer loop
vertex -32.41574478149414 -31.042518615722656 0
vertex -32.41574478149414 -30.116933822631836 0
vertex -32.318199157714844 -30.896528244018555 0
endloop
endfacet
facet normal 0 0 -1
outer loop
vertex -32.318199157714844 -30.896528244018555 0
vertex -32.318199157714844 -30.262924194335938 0
vertex -32.17220687866211 -30.798980712890625 0
endloop
endfacet
facet normal 0 0 -1
outer loop
vertex -32.17220687866211 -30.798980712890625 0
vertex -32.17220687866211 -30.360471725463867 0
vertex -32 -30.764726638793945 0
endloop
endfacet
facet normal 0 0 -1
outer loop
vertex -32 -30.764726638793945 0
vertex -32 -30.394725799560547 0
vertex -31.82779312133789 -30.798980712890625 0
endloop
endfacet
facet normal 0 0 -1
outer loop
vertex -31.82779312133789 -30.798980712890625 0
vertex -31.82779312133789 -30.360471725463867 0
vertex -31.68180274963379 -30.896528244018555 0
endloop
endfacet
facet normal 0 0 1
outer loop
vertex -48.70000076293945 -31.68472671508789 2.200000047683716
vertex 0.15000000596046448 -30.834726333618164 2.200000047683716
vertex -0.15000000596046448 -30.834726333618164 2.200000047683716
endloop
endfacet
facet normal 0 0 -1
outer loop
vertex -32.17220687866211 -30.360471725463867 0
vertex -32.17220687866211 -30.798980712890625 0
vertex -32.318199157714844 -30.262924194335938 0
endloop
endfacet
facet normal 0 0 1
outer loop
vertex 15.850000381469727 -30.834726333618164 2.200000047683716
vertex 48.70000076293945 -31.68472671508789 2.200000047683716
vertex 16.149999618530273 -30.834726333618164 2.200000047683716
endloop
endfacet
facet normal 0 0 1
outer loop
vertex 16.149999618530273 -30.834726333618164 2.200000047683716
vertex 15.850000381469727 -15.134726524353027 2.200000047683716
vertex 15.850000381469727 -30.834726333618164 2.200000047683716
endloop
endfacet
facet normal 1 0 0
outer loop
vertex 16.950000762939453 -26.484725952148438 1.7000000476837158
vertex 16.950000762939453 -19.484725952148438 1.7000000476837158
vertex 16.950000762939453 -30.034727096557617 2.200000047683716
endloop
endfacet
facet normal 0 0 -1
outer loop
vertex -31.049999237060547 0.06527330726385117 0
vertex -32.95000076293945 0.06527330726385117 0
vertex -31.049999237060547 1.9652732610702515 0
endloop
endfacet
facet normal 0 0 -1
outer loop
vertex -32.95000076293945 0.06527330726385117 0
vertex -32.95000076293945 1.9652732610702515 0
vertex -31.049999237060547 1.9652732610702515 0
endloop
endfacet
facet normal 1 0 0
outer loop
vertex 16.950000762939453 -30.034727096557617 2.200000047683716
vertex 16.950000762939453 -30.034727096557617 0
vertex 16.950000762939453 -26.484725952148438 1.7000000476837158
endloop
endfacet
facet normal 0 1 0
outer loop
vertex 31.049999237060547 -30.034727096557617 2.200000047683716
vertex 16.950000762939453 -30.034727096557617 0
vertex 16.950000762939453 -30.034727096557617 2.200000047683716
endloop
endfacet
facet normal 0 0 -1
outer loop
vertex -32.318199157714844 -30.896528244018555 0
vertex -32.41574478149414 -30.116933822631836 0
vertex -32.318199157714844 -30.262924194335938 0
endloop
endfacet
facet normal -1 0 0
outer loop
vertex 15.050000190734863 -26.484725952148438 0
vertex 15.050000190734863 -30.034727096557617 2.200000047683716
vertex 15.050000190734863 -26.484725952148438 1.7000000476837158
endloop
endfacet
facet normal 1 0 0
outer loop
vertex 0.949999988079071 -26.484725952148438 1.7000000476837158
vertex 0.949999988079071 -19.484725952148438 1.7000000476837158
vertex 0.949999988079071 -30.034727096557617 2.200000047683716
endloop
endfacet
facet normal 0 0 -1
outer loop
vertex -31.049999237060547 0.06527330726385117 0
vertex -31.75 -3.484726667404175 0
vertex -32.95000076293945 0.06527330726385117 0
endloop
endfacet
facet normal 1 0 0
outer loop
vertex 0.949999988079071 -30.034727096557617 2.200000047683716
vertex 0.949999988079071 -30.034727096557617 0
vertex 0.949999988079071 -26.484725952148438 1.7000000476837158
endloop
endfacet
facet normal 0 0 1
outer loop
vertex 15.850000381469727 -30.834726333618164 2.200000047683716
vertex -48.70000076293945 -31.68472671508789 2.200000047683716
vertex 48.70000076293945 -31.68472671508789 2.200000047683716
endloop
endfacet
facet normal 0 1 0
outer loop
vertex 15.050000190734863 -30.034727096557617 2.200000047683716
vertex 0.949999988079071 -30.034727096557617 0
vertex 0.949999988079071 -30.034727096557617 2.200000047683716
endloop
endfacet
facet normal -1 0 0
outer loop
vertex 47.04999923706055 -3.484726667404175 0
vertex 47.04999923706055 -3.484726667404175 1.7000000476837158
vertex 47.04999923706055 0.06527330726385117 0
endloop
endfacet
facet normal 0 1 0
outer loop
vertex -32.95000076293945 1.9652732610702515 0
vertex -47.04999923706055 1.9652732610702515 0
vertex -32.95000076293945 1.9652732610702515 2.200000047683716
endloop
endfacet
facet normal 0 0 -1
outer loop
vertex 48.70000076293945 33.715274810791016 0
vertex 47.75 -26.484725952148438 0
vertex 47.75 -19.484725952148438 0
endloop
endfacet
facet normal 0 0 -1
outer loop
vertex -32.95000076293945 0.06527330726385117 0
vertex -47.04999923706055 0.06527330726385117 0
vertex -32.95000076293945 1.9652732610702515 0
endloop
endfacet
facet normal 0 0 -1
outer loop
vertex 48.70000076293945 -31.68472671508789 0
vertex 47.75 -26.484725952148438 0
vertex 48.70000076293945 33.715274810791016 0
endloop
endfacet
facet normal 0 -1 0
outer loop
vertex -47.04999923706055 0.06527330726385117 2.200000047683716
vertex -47.04999923706055 0.06527330726385117 0
vertex -32.95000076293945 0.06527330726385117 0
endloop
endfacet
facet normal -1 0 0
outer loop
vertex 47.04999923706055 -10.484726905822754 0
vertex 47.04999923706055 -14.034727096557617 0
vertex 47.04999923706055 -14.034727096557617 2.200000047683716
endloop
endfacet
facet normal 0 0 -1
outer loop
vertex 47.75 -10.484726905822754 0
vertex 47.04999923706055 -14.034727096557617 0
vertex 47.04999923706055 -10.484726905822754 0
endloop
endfacet
facet normal 0 0 -1
outer loop
vertex -32 -30.394725799560547 0
vertex -32 -30.764726638793945 0
vertex -32.17220687866211 -30.360471725463867 0
endloop
endfacet
facet normal 0 0 -1
outer loop
vertex 47.75 -10.484726905822754 0
vertex 47.04999923706055 -15.93472671508789 0
vertex 47.04999923706055 -14.034727096557617 0
endloop
endfacet
facet normal 0 0 -1
outer loop
vertex 47.75 -10.484726905822754 0
vertex 47.04999923706055 -19.484725952148438 0
vertex 47.04999923706055 -15.93472671508789 0
endloop
endfacet
facet normal -1 0 0
outer loop
vertex 47.04999923706055 -19.484725952148438 0
vertex 47.04999923706055 -19.484725952148438 1.7000000476837158
vertex 47.04999923706055 -15.93472671508789 0
endloop
endfacet
facet normal 0 0 -1
outer loop
vertex 47.75 -19.484725952148438 0
vertex 47.04999923706055 -19.484725952148438 0
vertex 47.75 -10.484726905822754 0
endloop
endfacet
facet normal 0 0 -1
outer loop
vertex -47.04999923706055 0.06527330726385117 0
vertex -47.04999923706055 1.9652732610702515 0
vertex -32.95000076293945 1.9652732610702515 0
endloop
endfacet
facet normal -1 0 0
outer loop
vertex -16.950000762939453 -26.484725952148438 1.7000000476837158
vertex -16.950000762939453 -26.484725952148438 0
vertex -16.950000762939453 -30.034727096557617 2.200000047683716
endloop
endfacet
facet normal 1 0 0
outer loop
vertex -47.04999923706055 17.965272903442383 0
vertex -47.04999923706055 21.515274047851562 0
vertex -47.04999923706055 21.515274047851562 1.7000000476837158
endloop
endfacet
facet normal 0 0 -1
outer loop
vertex -47.04999923706055 21.515274047851562 0
vertex -47.75 12.515273094177246 0
vertex -47.75 21.515274047851562 0
endloop
endfacet
facet normal 0 0 -1
outer loop
vertex -47.04999923706055 17.965272903442383 0
vertex -47.75 12.515273094177246 0
vertex -47.04999923706055 21.515274047851562 0
endloop
endfacet
facet normal -1 0 0
outer loop
vertex 31.049999237060547 0.06527330726385117 0
vertex 31.049999237060547 -3.484726667404175 0
vertex 31.049999237060547 -3.484726667404175 1.7000000476837158
endloop
endfacet
facet normal 1 0 0
outer loop
vertex -47.04999923706055 12.515273094177246 0
vertex -47.04999923706055 16.06527328491211 0
vertex -47.04999923706055 16.06527328491211 2.200000047683716
endloop
endfacet
facet normal 0 0 -1
outer loop
vertex 32.25 -3.484726667404175 0
vertex 32.95000076293945 0.06527330726385117 0
vertex 32.95000076293945 -3.484726667404175 0
endloop
endfacet
facet normal 0 0 -1
outer loop
vertex 32.25 -3.484726667404175 0
vertex 31.75 -3.484726667404175 0
vertex 31.049999237060547 0.06527330726385117 0
endloop
endfacet
facet normal 0 0 -1
outer loop
vertex 31.049999237060547 -3.484726667404175 0
vertex 31.049999237060547 0.06527330726385117 0
vertex 31.75 -3.484726667404175 0
endloop
endfacet
facet normal 0 0 -1
outer loop
vertex -47.04999923706055 16.06527328491211 0
vertex -47.75 12.515273094177246 0
vertex -47.04999923706055 17.965272903442383 0
endloop
endfacet
facet normal 0 0 -1
outer loop
vertex -47.04999923706055 12.515273094177246 0
vertex -47.75 12.515273094177246 0
vertex -47.04999923706055 16.06527328491211 0
endloop
endfacet
facet normal 0 0 -1
outer loop
vertex 32.25 -10.484726905822754 0
vertex 31.75 -3.484726667404175 0
vertex 32.25 -3.484726667404175 0
endloop
endfacet
facet normal 0 0 -1
outer loop
vertex -47.75 28.515274047851562 0
vertex -48.70000076293945 -31.68472671508789 0
vertex -48.70000076293945 33.715274810791016 0
endloop
endfacet
facet normal 0 -1 0
outer loop
vertex -31.049999237060547 32.06527328491211 2.200000047683716
vertex -16.950000762939453 32.06527328491211 0
vertex -16.950000762939453 32.06527328491211 2.200000047683716
endloop
endfacet
facet normal 1 0 0
outer loop
vertex -47.04999923706055 1.9652732610702515 0
vertex -47.04999923706055 5.515273094177246 0
vertex -47.04999923706055 5.515273094177246 1.7000000476837158
endloop
endfacet
facet normal 0 0 -1
outer loop
vertex 32.25 -10.484726905822754 0
vertex 31.75 -10.484726905822754 0
vertex 31.75 -3.484726667404175 0
endloop
endfacet
facet normal 0 0 -1
outer loop
vertex -47.75 21.515274047851562 0
vertex -48.70000076293945 -31.68472671508789 0
vertex -47.75 28.515274047851562 0
endloop
endfacet
facet normal 1 0 0
outer loop
vertex 32.95000076293945 -14.034727096557617 0
vertex 32.95000076293945 -10.484726905822754 0
vertex 32.95000076293945 -10.484726905822754 1.7000000476837158
endloop
endfacet
facet normal 0 0 -1
outer loop
vertex -47.04999923706055 5.515273094177246 0
vertex -47.75 -3.484726667404175 0
vertex -47.75 5.515273094177246 0
endloop
endfacet
facet normal -1 0 0
outer loop
vertex 31.049999237060547 -10.484726905822754 0
vertex 31.049999237060547 -14.034727096557617 0
vertex 31.049999237060547 -14.034727096557617 2.200000047683716
endloop
endfacet
facet normal 1 0 0
outer loop
vertex -47.04999923706055 0.06527330726385117 2.200000047683716
vertex -47.04999923706055 -3.484726667404175 0
vertex -47.04999923706055 0.06527330726385117 0
endloop
endfacet
facet normal 0 0 -1
outer loop
vertex 32.95000076293945 -14.034727096557617 0
vertex 32.25 -10.484726905822754 0
vertex 32.95000076293945 -10.484726905822754 0
endloop
endfacet
facet normal 0 0 -1
outer loop
vertex 32.95000076293945 -14.034727096557617 0
vertex 31.75 -10.484726905822754 0
vertex 32.25 -10.484726905822754 0
endloop
endfacet
facet normal 0 0 -1
outer loop
vertex 32.95000076293945 -14.034727096557617 0
vertex 31.049999237060547 -14.034727096557617 0
vertex 31.75 -10.484726905822754 0
endloop
endfacet
facet normal 0 0 -1
outer loop
vertex 31.049999237060547 -14.034727096557617 0
vertex 31.049999237060547 -10.484726905822754 0
vertex 31.75 -10.484726905822754 0
endloop
endfacet
facet normal 0 1 0
outer loop
vertex 47.04999923706055 -14.034727096557617 0
vertex 32.95000076293945 -14.034727096557617 0
vertex 47.04999923706055 -14.034727096557617 2.200000047683716
endloop
endfacet
facet normal 0 0 -1
outer loop
vertex 47.04999923706055 -15.93472671508789 0
vertex 32.95000076293945 -15.93472671508789 0
vertex 47.04999923706055 -14.034727096557617 0
endloop
endfacet
facet normal 0 0 -1
outer loop
vertex 32.95000076293945 -15.93472671508789 0
vertex 32.95000076293945 -14.034727096557617 0
vertex 47.04999923706055 -14.034727096557617 0
endloop
endfacet
facet normal 0 -1 0
outer loop
vertex 32.95000076293945 -15.93472671508789 2.200000047683716
vertex 32.95000076293945 -15.93472671508789 0
vertex 47.04999923706055 -15.93472671508789 0
endloop
endfacet
facet normal 0 0 -1
outer loop
vertex 32.95000076293945 -14.034727096557617 0
vertex 31.049999237060547 -15.93472671508789 0
vertex 31.049999237060547 -14.034727096557617 0
endloop
endfacet
facet normal 0 0 -1
outer loop
vertex 32.95000076293945 -15.93472671508789 0
vertex 31.049999237060547 -15.93472671508789 0
vertex 32.95000076293945 -14.034727096557617 0
endloop
endfacet
facet normal 1 0 0
outer loop
vertex 32.95000076293945 -19.484725952148438 0
vertex 32.95000076293945 -15.93472671508789 0
vertex 32.95000076293945 -15.93472671508789 2.200000047683716
endloop
endfacet
facet normal -1 0 0
outer loop
vertex 31.049999237060547 -15.93472671508789 0
vertex 31.049999237060547 -19.484725952148438 0
vertex 31.049999237060547 -19.484725952148438 1.7000000476837158
endloop
endfacet
facet normal 0 0 -1
outer loop
vertex 32.95000076293945 -19.484725952148438 0
vertex 32.25 -19.484725952148438 0
vertex 32.95000076293945 -15.93472671508789 0
endloop
endfacet
facet normal 0 0 -1
outer loop
vertex 31.049999237060547 -15.93472671508789 0
vertex 32.95000076293945 -15.93472671508789 0
vertex 32.25 -19.484725952148438 0
endloop
endfacet
facet normal 0 0 -1
outer loop
vertex 32.25 -19.484725952148438 0
vertex 31.75 -19.484725952148438 0
vertex 31.049999237060547 -15.93472671508789 0
endloop
endfacet
facet normal 0 0 -1
outer loop
vertex 31.75 -19.484725952148438 0
vertex 31.049999237060547 -19.484725952148438 0
vertex 31.049999237060547 -15.93472671508789 0
endloop
endfacet
facet normal 0 0 -1
outer loop
vertex -47.04999923706055 1.9652732610702515 0
vertex -47.75 -3.484726667404175 0
vertex -47.04999923706055 5.515273094177246 0
endloop
endfacet
facet normal 0 0 -1
outer loop
vertex -47.04999923706055 0.06527330726385117 0
vertex -47.75 -3.484726667404175 0
vertex -47.04999923706055 1.9652732610702515 0
endloop
endfacet
facet normal 0 0 -1
outer loop
vertex -47.75 12.515273094177246 0
vertex -48.70000076293945 -31.68472671508789 0
vertex -47.75 21.515274047851562 0
endloop
endfacet
facet normal -1 0 0
outer loop
vertex -16.950000762939453 32.06527328491211 2.200000047683716
vertex -16.950000762939453 32.06527328491211 0
vertex -16.950000762939453 28.515274047851562 1.7000000476837158
endloop
endfacet
facet normal 0 0 -1
outer loop
vertex 32.25 -26.484725952148438 0
vertex 31.75 -19.484725952148438 0
vertex 32.25 -19.484725952148438 0
endloop
endfacet
facet normal 0 0 -1
outer loop
vertex 32.25 -26.484725952148438 0
vertex 31.75 -26.484725952148438 0
vertex 31.75 -19.484725952148438 0
endloop
endfacet
facet normal 0 0 -1
outer loop
vertex -31.82779312133789 -30.360471725463867 0
vertex -31.82779312133789 -30.798980712890625 0
vertex -32 -30.394725799560547 0
endloop
endfacet
facet normal -1 0 0
outer loop
vertex 47.04999923706055 -26.484725952148438 0
vertex 47.04999923706055 -30.034727096557617 0
vertex 47.04999923706055 -30.034727096557617 2.200000047683716
endloop
endfacet
facet normal 0 0 -1
outer loop
vertex 48.70000076293945 -31.68472671508789 0
vertex 47.04999923706055 -30.034727096557617 0
vertex 47.75 -26.484725952148438 0
endloop
endfacet
facet normal 0 0 -1
outer loop
vertex 47.04999923706055 -30.034727096557617 0
vertex 47.04999923706055 -26.484725952148438 0
vertex 47.75 -26.484725952148438 0
endloop
endfacet
facet normal 0 1 0
outer loop
vertex 47.04999923706055 -30.034727096557617 0
vertex 32.95000076293945 -30.034727096557617 0
vertex 47.04999923706055 -30.034727096557617 2.200000047683716
endloop
endfacet
facet normal 0 0 -1
outer loop
vertex 48.70000076293945 -31.68472671508789 0
vertex 32.95000076293945 -30.034727096557617 0
vertex 47.04999923706055 -30.034727096557617 0
endloop
endfacet
facet normal -1 0 0
outer loop
vertex -16.950000762939453 28.515274047851562 1.7000000476837158
vertex -16.950000762939453 21.515274047851562 1.7000000476837158
vertex -16.950000762939453 32.06527328491211 2.200000047683716
endloop
endfacet
facet normal 1 0 0
outer loop
vertex 32.95000076293945 -30.034727096557617 0
vertex 32.95000076293945 -26.484725952148438 0
vertex 32.95000076293945 -26.484725952148438 1.7000000476837158
endloop
endfacet
facet normal -1 0 0
outer loop
vertex 31.049999237060547 -26.484725952148438 0
vertex 31.049999237060547 -30.034727096557617 0
vertex 31.049999237060547 -30.034727096557617 2.200000047683716
endloop
endfacet
facet normal 0 0 -1
outer loop
vertex 32.95000076293945 -30.034727096557617 0
vertex 32.25 -26.484725952148438 0
vertex 32.95000076293945 -26.484725952148438 0
endloop
endfacet
facet normal 0 0 1
outer loop
vertex -16.149999618530273 32.865272521972656 2.200000047683716
vertex -15.850000381469727 17.165273666381836 2.200000047683716
vertex -15.850000381469727 32.865272521972656 2.200000047683716
endloop
endfacet
facet normal 0 0 -1
outer loop
vertex 32.95000076293945 -30.034727096557617 0
vertex 31.75 -26.484725952148438 0
vertex 32.25 -26.484725952148438 0
endloop
endfacet
facet normal 0 0 1
outer loop
vertex -15.850000381469727 32.865272521972656 2.200000047683716
vertex -48.70000076293945 33.715274810791016 2.200000047683716
vertex -16.149999618530273 32.865272521972656 2.200000047683716
endloop
endfacet
facet normal 0 0 -1
outer loop
vertex 31.75 -26.484725952148438 0
vertex 31.049999237060547 -30.034727096557617 0
vertex 31.049999237060547 -26.484725952148438 0
endloop
endfacet
facet normal 0 0 -1
outer loop
vertex 32.95000076293945 -30.034727096557617 0
vertex 31.049999237060547 -30.034727096557617 0
vertex 31.75 -26.484725952148438 0
endloop
endfacet
facet normal 0 0 -1
outer loop
vertex 48.70000076293945 -31.68472671508789 0
vertex 31.049999237060547 -30.034727096557617 0
vertex 32.95000076293945 -30.034727096557617 0
endloop
endfacet
facet normal 0 0 -1
outer loop
vertex 48.70000076293945 -31.68472671508789 0
vertex 16.950000762939453 -30.034727096557617 0
vertex 31.049999237060547 -30.034727096557617 0
endloop
endfacet
facet normal 0 0 -1
outer loop
vertex -31.584253311157227 -30.116933822631836 0
vertex -31.549999237060547 -29.944726943969727 0
vertex -31.049999237060547 -30.034727096557617 0
endloop
endfacet
facet normal 0 0 1
outer loop
vertex -15.850000381469727 32.865272521972656 2.200000047683716
vertex -0.15000000596046448 32.865272521972656 2.200000047683716
vertex -48.70000076293945 33.715274810791016 2.200000047683716
endloop
endfacet
facet normal 0 0 1
outer loop
vertex -0.15000000596046448 32.865272521972656 2.200000047683716
vertex 0.15000000596046448 32.865272521972656 2.200000047683716
vertex -48.70000076293945 33.715274810791016 2.200000047683716
endloop
endfacet
facet normal 1 0 0
outer loop
vertex -15.050000190734863 21.515274047851562 1.7000000476837158
vertex -15.050000190734863 28.515274047851562 1.7000000476837158
vertex -15.050000190734863 17.965272903442383 2.200000047683716
endloop
endfacet
facet normal -1 0 0
outer loop
vertex -0.949999988079071 -3.484726667404175 1.7000000476837158
vertex -0.949999988079071 -10.484726905822754 1.7000000476837158
vertex -0.949999988079071 0.06527330726385117 2.200000047683716
endloop
endfacet
facet normal -1 0 0
outer loop
vertex -0.949999988079071 -10.484726905822754 1.7000000476837158
vertex -0.949999988079071 -14.034727096557617 2.200000047683716
vertex -0.949999988079071 0.06527330726385117 2.200000047683716
endloop
endfacet
facet normal 0 0 -1
outer loop
vertex 16.25 -3.484726667404175 0
vertex 16.950000762939453 0.06527330726385117 0
vertex 16.950000762939453 -3.484726667404175 0
endloop
endfacet
facet normal 0 0 1
outer loop
vertex 0.15000000596046448 -14.834726333618164 2.200000047683716
vertex -0.15000000596046448 0.8652732968330383 2.200000047683716
vertex -0.15000000596046448 -14.834726333618164 2.200000047683716
endloop
endfacet
facet normal 0 0 -1
outer loop
vertex 16.25 -3.484726667404175 0
vertex 15.75 -3.484726667404175 0
vertex 15.050000190734863 0.06527330726385117 0
endloop
endfacet
facet normal 0 0 -1
outer loop
vertex 15.050000190734863 -3.484726667404175 0
vertex 15.050000190734863 0.06527330726385117 0
vertex 15.75 -3.484726667404175 0
endloop
endfacet
facet normal -1 0 0
outer loop
vertex -0.949999988079071 -10.484726905822754 1.7000000476837158
vertex -0.949999988079071 -10.484726905822754 0
vertex -0.949999988079071 -14.034727096557617 2.200000047683716
endloop
endfacet
facet normal 0 0 1
outer loop
vertex -15.850000381469727 -30.834726333618164 2.200000047683716
vertex -16.149999618530273 -15.134726524353027 2.200000047683716
vertex -16.149999618530273 -30.834726333618164 2.200000047683716
endloop
endfacet
facet normal 0 0 -1
outer loop
vertex 16.25 -10.484726905822754 0
vertex 15.75 -3.484726667404175 0
vertex 16.25 -3.484726667404175 0
endloop
endfacet
facet normal 1 0 0
outer loop
vertex -15.050000190734863 0.06527330726385117 2.200000047683716
vertex -15.050000190734863 -14.034727096557617 2.200000047683716
vertex -15.050000190734863 -3.484726667404175 1.7000000476837158
endloop
endfacet
facet normal 0 0 -1
outer loop
vertex 16.25 -10.484726905822754 0
vertex 15.75 -10.484726905822754 0
vertex 15.75 -3.484726667404175 0
endloop
endfacet
facet normal 1 0 0
outer loop
vertex -15.050000190734863 -3.484726667404175 1.7000000476837158
vertex -15.050000190734863 -3.484726667404175 0
vertex -15.050000190734863 0.06527330726385117 2.200000047683716
endloop
endfacet
facet normal 1 0 0
outer loop
vertex 16.950000762939453 -14.034727096557617 0
vertex 16.950000762939453 -10.484726905822754 0
vertex 16.950000762939453 -10.484726905822754 1.7000000476837158
endloop
endfacet
facet normal 0 0 -1
outer loop
vertex 16.950000762939453 -14.034727096557617 0
vertex 16.25 -10.484726905822754 0
vertex 16.950000762939453 -10.484726905822754 0
endloop
endfacet
facet normal 0 0 -1
outer loop
vertex 16.950000762939453 -14.034727096557617 0
vertex 15.75 -10.484726905822754 0
vertex 16.25 -10.484726905822754 0
endloop
endfacet
facet normal 0 0 -1
outer loop
vertex 15.75 -10.484726905822754 0
vertex 15.050000190734863 -14.034727096557617 0
vertex 15.050000190734863 -10.484726905822754 0
endloop
endfacet
facet normal 0 0 -1
outer loop
vertex 16.950000762939453 -14.034727096557617 0
vertex 15.050000190734863 -14.034727096557617 0
vertex 15.75 -10.484726905822754 0
endloop
endfacet
facet normal 1 0 0
outer loop
vertex -15.050000190734863 -10.484726905822754 1.7000000476837158
vertex -15.050000190734863 -3.484726667404175 1.7000000476837158
vertex -15.050000190734863 -14.034727096557617 2.200000047683716
endloop
endfacet
facet normal 1 0 0
outer loop
vertex -15.050000190734863 -14.034727096557617 2.200000047683716
vertex -15.050000190734863 -14.034727096557617 0
vertex -15.050000190734863 -10.484726905822754 1.7000000476837158
endloop
endfacet
facet normal 1 0 0
outer loop
vertex -15.050000190734863 32.06527328491211 2.200000047683716
vertex -15.050000190734863 17.965272903442383 2.200000047683716
vertex -15.050000190734863 28.515274047851562 1.7000000476837158
endloop
endfacet
facet normal 1 0 0
outer loop
vertex -15.050000190734863 28.515274047851562 1.7000000476837158
vertex -15.050000190734863 28.515274047851562 0
vertex -15.050000190734863 32.06527328491211 2.200000047683716
endloop
endfacet
facet normal 0 0 1
outer loop
vertex 0.15000000596046448 17.165273666381836 2.200000047683716
vertex -0.15000000596046448 32.865272521972656 2.200000047683716
vertex -0.15000000596046448 17.165273666381836 2.200000047683716
endloop
endfacet
facet normal -1 0 0
outer loop
vertex -0.949999988079071 21.515274047851562 1.7000000476837158
vertex -0.949999988079071 17.965272903442383 2.200000047683716
vertex -0.949999988079071 32.06527328491211 2.200000047683716
endloop
endfacet
facet normal 0 -1 0
outer loop
vertex -15.050000190734863 32.06527328491211 2.200000047683716
vertex -0.949999988079071 32.06527328491211 0
vertex -0.949999988079071 32.06527328491211 2.200000047683716
endloop
endfacet
facet normal -1 0 0
outer loop
vertex -0.949999988079071 32.06527328491211 2.200000047683716
vertex -0.949999988079071 32.06527328491211 0
vertex -0.949999988079071 28.515274047851562 1.7000000476837158
endloop
endfacet
facet normal -1 0 0
outer loop
vertex -0.949999988079071 28.515274047851562 1.7000000476837158
vertex -0.949999988079071 21.515274047851562 1.7000000476837158
vertex -0.949999988079071 32.06527328491211 2.200000047683716
endloop
endfacet
facet normal 0 0 1
outer loop
vertex -0.15000000596046448 -15.134726524353027 2.200000047683716
vertex 0.15000000596046448 -14.834726333618164 2.200000047683716
vertex -0.15000000596046448 -14.834726333618164 2.200000047683716
endloop
endfacet
facet normal 0 0 1
outer loop
vertex -0.15000000596046448 -14.834726333618164 2.200000047683716
vertex -15.850000381469727 -15.134726524353027 2.200000047683716
vertex -0.15000000596046448 -15.134726524353027 2.200000047683716
endloop
endfacet
facet normal -1 0 0
outer loop
vertex -0.949999988079071 -15.93472671508789 2.200000047683716
vertex -0.949999988079071 -15.93472671508789 0
vertex -0.949999988079071 -19.484725952148438 1.7000000476837158
endloop
endfacet
facet normal 0 -1 0
outer loop
vertex -15.050000190734863 -15.93472671508789 2.200000047683716
vertex -0.949999988079071 -15.93472671508789 0
vertex -0.949999988079071 -15.93472671508789 2.200000047683716
endloop
endfacet
facet normal -1 0 0
outer loop
vertex -0.949999988079071 -19.484725952148438 1.7000000476837158
vertex -0.949999988079071 -26.484725952148438 1.7000000476837158
vertex -0.949999988079071 -15.93472671508789 2.200000047683716
endloop
endfacet
facet normal -1 0 0
outer loop
vertex -0.949999988079071 -26.484725952148438 1.7000000476837158
vertex -0.949999988079071 -30.034727096557617 2.200000047683716
vertex -0.949999988079071 -15.93472671508789 2.200000047683716
endloop
endfacet
facet normal 0 0 1
outer loop
vertex -15.850000381469727 -15.134726524353027 2.200000047683716
vertex -0.15000000596046448 -14.834726333618164 2.200000047683716
vertex -15.850000381469727 -14.834726333618164 2.200000047683716
endloop
endfacet
facet normal 0 1 0
outer loop
vertex -0.949999988079071 -14.034727096557617 2.200000047683716
vertex -15.050000190734863 -14.034727096557617 0
vertex -15.050000190734863 -14.034727096557617 2.200000047683716
endloop
endfacet
facet normal 1 0 0
outer loop
vertex -15.050000190734863 -19.484725952148438 1.7000000476837158
vertex -15.050000190734863 -19.484725952148438 0
vertex -15.050000190734863 -15.93472671508789 2.200000047683716
endloop
endfacet
facet normal 1 0 0
outer loop
vertex -15.050000190734863 -15.93472671508789 2.200000047683716
vertex -15.050000190734863 -30.034727096557617 2.200000047683716
vertex -15.050000190734863 -19.484725952148438 1.7000000476837158
endloop
endfacet
facet normal 0 0 -1
outer loop
vertex 48.70000076293945 -31.68472671508789 0
vertex -16.00029182434082 -31.66472625732422 0
vertex -15.828083992004395 -31.63047218322754 0
endloop
endfacet
facet normal 0 0 -1
outer loop
vertex -15.828083992004395 -30.798980712890625 0
vertex -15.828083992004395 -30.360471725463867 0
vertex 48.70000076293945 -31.68472671508789 0
endloop
endfacet
facet normal 0 1 0
outer loop
vertex -0.949999988079071 -30.034727096557617 2.200000047683716
vertex -15.050000190734863 -30.034727096557617 0
vertex -15.050000190734863 -30.034727096557617 2.200000047683716
endloop
endfacet
facet normal 0 0 1
outer loop
vertex -48.70000076293945 -31.68472671508789 2.200000047683716
vertex 15.850000381469727 -30.834726333618164 2.200000047683716
vertex 0.15000000596046448 -30.834726333618164 2.200000047683716
endloop
endfacet
facet normal 1 0 0
outer loop
vertex -15.050000190734863 -30.034727096557617 2.200000047683716
vertex -15.050000190734863 -30.034727096557617 0
vertex -15.050000190734863 -26.484725952148438 1.7000000476837158
endloop
endfacet
facet normal 1 0 0
outer loop
vertex -15.050000190734863 -26.484725952148438 1.7000000476837158
vertex -15.050000190734863 -19.484725952148438 1.7000000476837158
vertex -15.050000190734863 -30.034727096557617 2.200000047683716
endloop
endfacet
facet normal -1 0 0
outer loop
vertex -0.949999988079071 -26.484725952148438 0
vertex -0.949999988079071 -30.034727096557617 2.200000047683716
vertex -0.949999988079071 -26.484725952148438 1.7000000476837158
endloop
endfacet
facet normal 0 0 -1
outer loop
vertex 48.70000076293945 -31.68472671508789 0
vertex -15.828083992004395 -31.63047218322754 0
vertex -15.682093620300293 -31.53292465209961 0
endloop
endfacet
facet normal 0 0 1
outer loop
vertex 0.15000000596046448 -30.834726333618164 2.200000047683716
vertex -0.15000000596046448 -15.134726524353027 2.200000047683716
vertex -0.15000000596046448 -30.834726333618164 2.200000047683716
endloop
endfacet
facet normal 0 1 0
outer loop
vertex 31.049999237060547 -14.034727096557617 0
vertex 16.950000762939453 -14.034727096557617 0
vertex 31.049999237060547 -14.034727096557617 2.200000047683716
endloop
endfacet
facet normal 0 0 -1
outer loop
vertex 31.049999237060547 -15.93472671508789 0
vertex 16.950000762939453 -15.93472671508789 0
vertex 31.049999237060547 -14.034727096557617 0
endloop
endfacet
facet normal 0 0 -1
outer loop
vertex 16.950000762939453 -15.93472671508789 0
vertex 16.950000762939453 -14.034727096557617 0
vertex 31.049999237060547 -14.034727096557617 0
endloop
endfacet
facet normal 0 -1 0
outer loop
vertex 16.950000762939453 -15.93472671508789 2.200000047683716
vertex 16.950000762939453 -15.93472671508789 0
vertex 31.049999237060547 -15.93472671508789 0
endloop
endfacet
facet normal 0 0 -1
outer loop
vertex 16.950000762939453 -15.93472671508789 0
vertex 15.050000190734863 -15.93472671508789 0
vertex 16.950000762939453 -14.034727096557617 0
endloop
endfacet
facet normal 0 0 -1
outer loop
vertex 15.050000190734863 -15.93472671508789 0
vertex 15.050000190734863 -14.034727096557617 0
vertex 16.950000762939453 -14.034727096557617 0
endloop
endfacet
facet normal 1 0 0
outer loop
vertex 16.950000762939453 -19.484725952148438 0
vertex 16.950000762939453 -15.93472671508789 0
vertex 16.950000762939453 -15.93472671508789 2.200000047683716
endloop
endfacet
facet normal 0 0 -1
outer loop
vertex 16.25 -19.484725952148438 0
vertex 15.050000190734863 -15.93472671508789 0
vertex 16.950000762939453 -15.93472671508789 0
endloop
endfacet
facet normal 0 0 -1
outer loop
vertex 16.950000762939453 -19.484725952148438 0
vertex 16.25 -19.484725952148438 0
vertex 16.950000762939453 -15.93472671508789 0
endloop
endfacet
facet normal 0 0 -1
outer loop
vertex 16.25 -19.484725952148438 0
vertex 15.75 -19.484725952148438 0
vertex 15.050000190734863 -15.93472671508789 0
endloop
endfacet
facet normal 0 0 -1
outer loop
vertex -31.82779312133789 -29.090473175048828 0
vertex -31.82779312133789 -29.528980255126953 0
vertex -32 -29.124727249145508 0
endloop
endfacet
facet normal 0 0 -1
outer loop
vertex -31.68180274963379 -29.626527786254883 0
vertex -31.82779312133789 -29.528980255126953 0
vertex -31.82779312133789 -29.090473175048828 0
endloop
endfacet
facet normal 0 0 -1
outer loop
vertex -32 -29.494726181030273 0
vertex -32 -29.124727249145508 0
vertex -31.82779312133789 -29.528980255126953 0
endloop
endfacet
facet normal 0 0 -1
outer loop
vertex -32 -29.494726181030273 0
vertex -32.17220687866211 -29.090473175048828 0
vertex -32 -29.124727249145508 0
endloop
endfacet
facet normal 0 0 -1
outer loop
vertex -32.17220687866211 -29.528980255126953 0
vertex -32.17220687866211 -29.090473175048828 0
vertex -32 -29.494726181030273 0
endloop
endfacet
facet normal 0 0 -1
outer loop
vertex -32.318199157714844 -29.626527786254883 0
vertex -32.318199157714844 -28.9929256439209 0
vertex -32.17220687866211 -29.528980255126953 0
endloop
endfacet
facet normal 0 0 -1
outer loop
vertex -32.41574478149414 -29.772520065307617 0
vertex -32.318199157714844 -28.9929256439209 0
vertex -32.318199157714844 -29.626527786254883 0
endloop
endfacet
facet normal 0 0 -1
outer loop
vertex -32.41574478149414 -27.576934814453125 0
vertex -32.95000076293945 -26.484725952148438 0
vertex -32.45000076293945 -27.404726028442383 0
endloop
endfacet
facet normal 0 0 -1
outer loop
vertex -32.41574478149414 -27.576934814453125 0
vertex -32.95000076293945 -30.034727096557617 0
vertex -32.95000076293945 -26.484725952148438 0
endloop
endfacet
facet normal 0 0 -1
outer loop
vertex -32.45000076293945 -28.674726486206055 0
vertex -32.41574478149414 -27.576934814453125 0
vertex -32.41574478149414 -28.502519607543945 0
endloop
endfacet
facet normal 0 0 -1
outer loop
vertex -32.45000076293945 -28.674726486206055 0
vertex -32.95000076293945 -30.034727096557617 0
vertex -32.41574478149414 -27.576934814453125 0
endloop
endfacet
facet normal 0 0 -1
outer loop
vertex -32.41574478149414 -28.846933364868164 0
vertex -32.95000076293945 -30.034727096557617 0
vertex -32.45000076293945 -28.674726486206055 0
endloop
endfacet
facet normal 0 0 -1
outer loop
vertex -32.41574478149414 -29.772520065307617 0
vertex -32.95000076293945 -30.034727096557617 0
vertex -32.41574478149414 -28.846933364868164 0
endloop
endfacet
facet normal 0 0 -1
outer loop
vertex -32.45000076293945 -29.944726943969727 0
vertex -32.95000076293945 -30.034727096557617 0
vertex -32.41574478149414 -29.772520065307617 0
endloop
endfacet
facet normal 0 0 -1
outer loop
vertex 15.75 -19.484725952148438 0
vertex 15.050000190734863 -19.484725952148438 0
vertex 15.050000190734863 -15.93472671508789 0
endloop
endfacet
facet normal 0 0 -1
outer loop
vertex 48.70000076293945 -31.68472671508789 0
vertex -15.682093620300293 -31.53292465209961 0
vertex -15.584546089172363 -31.386934280395508 0
endloop
endfacet
facet normal 0 0 -1
outer loop
vertex 48.70000076293945 -31.68472671508789 0
vertex -15.584546089172363 -31.386934280395508 0
vertex -15.550292015075684 -31.2147274017334 0
endloop
endfacet
facet normal 0 0 -1
outer loop
vertex -15.584546089172363 -31.042518615722656 0
vertex -15.682093620300293 -30.896528244018555 0
vertex 48.70000076293945 -31.68472671508789 0
endloop
endfacet
facet normal 0 0 -1
outer loop
vertex 48.70000076293945 -31.68472671508789 0
vertex -15.550292015075684 -31.2147274017334 0
vertex -15.584546089172363 -31.042518615722656 0
endloop
endfacet
facet normal 0 0 -1
outer loop
vertex 16.25 -26.484725952148438 0
vertex 15.75 -19.484725952148438 0
vertex 16.25 -19.484725952148438 0
endloop
endfacet
facet normal 0 0 -1
outer loop
vertex -15.682093620300293 -30.896528244018555 0
vertex -15.828083992004395 -30.798980712890625 0
vertex 48.70000076293945 -31.68472671508789 0
endloop
endfacet
facet normal 0 0 -1
outer loop
vertex 48.70000076293945 -31.68472671508789 0
vertex -15.828083992004395 -30.360471725463867 0
vertex -15.682093620300293 -30.262924194335938 0
endloop
endfacet
facet normal 0 0 1
outer loop
vertex -16.149999618530273 0.8652732968330383 2.200000047683716
vertex -15.850000381469727 -14.834726333618164 2.200000047683716
vertex -15.850000381469727 0.8652732968330383 2.200000047683716
endloop
endfacet
facet normal -1 0 0
outer loop
vertex -16.950000762939453 -3.484726667404175 1.7000000476837158
vertex -16.950000762939453 -10.484726905822754 1.7000000476837158
vertex -16.950000762939453 0.06527330726385117 2.200000047683716
endloop
endfacet
facet normal -1 0 0
outer loop
vertex -16.950000762939453 -10.484726905822754 1.7000000476837158
vertex -16.950000762939453 -14.034727096557617 2.200000047683716
vertex -16.950000762939453 0.06527330726385117 2.200000047683716
endloop
endfacet
facet normal 0 0 1
outer loop
vertex -15.850000381469727 -14.834726333618164 2.200000047683716
vertex -16.149999618530273 0.8652732968330383 2.200000047683716
vertex -16.149999618530273 -14.834726333618164 2.200000047683716
endloop
endfacet
facet normal -1 0 0
outer loop
vertex -16.950000762939453 -10.484726905822754 1.7000000476837158
vertex -16.950000762939453 -10.484726905822754 0
vertex -16.950000762939453 -14.034727096557617 2.200000047683716
endloop
endfacet
facet normal 0 0 -1
outer loop
vertex 48.70000076293945 -31.68472671508789 0
vertex -15.682093620300293 -30.262924194335938 0
vertex -15.584546089172363 -30.116933822631836 0
endloop
endfacet
facet normal 0 0 -1
outer loop
vertex 48.70000076293945 -31.68472671508789 0
vertex -15.584546089172363 -30.116933822631836 0
vertex -15.050000190734863 -30.034727096557617 0
endloop
endfacet
facet normal 0 0 -1
outer loop
vertex 0.949999988079071 -30.034727096557617 0
vertex -0.25 -26.484725952148438 0
vertex 0.25 -26.484725952148438 0
endloop
endfacet
facet normal 0 0 -1
outer loop
vertex 0.949999988079071 -30.034727096557617 0
vertex 0.25 -26.484725952148438 0
vertex 0.949999988079071 -26.484725952148438 0
endloop
endfacet
facet normal 1 0 0
outer loop
vertex 0.949999988079071 -30.034727096557617 0
vertex 0.949999988079071 -26.484725952148438 0
vertex 0.949999988079071 -26.484725952148438 1.7000000476837158
endloop
endfacet
facet normal 0 0 -1
outer loop
vertex 48.70000076293945 -31.68472671508789 0
vertex -15.050000190734863 -30.034727096557617 0
vertex -0.949999988079071 -30.034727096557617 0
endloop
endfacet
facet normal 0 1 0
outer loop
vertex 0.949999988079071 -30.034727096557617 0
vertex 15.050000190734863 -30.034727096557617 2.200000047683716
vertex 15.050000190734863 -30.034727096557617 0
endloop
endfacet
facet normal -1 0 0
outer loop
vertex 15.050000190734863 -30.034727096557617 0
vertex 15.050000190734863 -30.034727096557617 2.200000047683716
vertex 15.050000190734863 -26.484725952148438 0
endloop
endfacet
facet normal 0 0 -1
outer loop
vertex 48.70000076293945 -31.68472671508789 0
vertex -0.949999988079071 -30.034727096557617 0
vertex 0.949999988079071 -30.034727096557617 0
endloop
endfacet
facet normal 0 0 -1
outer loop
vertex 48.70000076293945 -31.68472671508789 0
vertex 0.949999988079071 -30.034727096557617 0
vertex 15.050000190734863 -30.034727096557617 0
endloop
endfacet
facet normal 0 0 -1
outer loop
vertex 15.050000190734863 -30.034727096557617 0
vertex 15.75 -26.484725952148438 0
vertex 16.950000762939453 -30.034727096557617 0
endloop
endfacet
facet normal 0 0 -1
outer loop
vertex 15.75 -26.484725952148438 0
vertex 15.050000190734863 -30.034727096557617 0
vertex 15.050000190734863 -26.484725952148438 0
endloop
endfacet
facet normal 0 0 -1
outer loop
vertex 16.950000762939453 -30.034727096557617 0
vertex 15.75 -26.484725952148438 0
vertex 16.25 -26.484725952148438 0
endloop
endfacet
facet normal 0 0 -1
outer loop
vertex 16.950000762939453 -30.034727096557617 0
vertex 16.25 -26.484725952148438 0
vertex 16.950000762939453 -26.484725952148438 0
endloop
endfacet
facet normal 1 0 0
outer loop
vertex 16.950000762939453 -30.034727096557617 0
vertex 16.950000762939453 -26.484725952148438 0
vertex 16.950000762939453 -26.484725952148438 1.7000000476837158
endloop
endfacet
facet normal 0 0 1
outer loop
vertex -16.149999618530273 -15.134726524353027 2.200000047683716
vertex -15.850000381469727 -14.834726333618164 2.200000047683716
vertex -16.149999618530273 -14.834726333618164 2.200000047683716
endloop
endfacet
facet normal 0 0 1
outer loop
vertex -15.850000381469727 -15.134726524353027 2.200000047683716
vertex -15.850000381469727 -14.834726333618164 2.200000047683716
vertex -16.149999618530273 -15.134726524353027 2.200000047683716
endloop
endfacet
facet normal 0 0 1
outer loop
vertex -16.149999618530273 -14.834726333618164 2.200000047683716
vertex -31.850000381469727 -15.134726524353027 2.200000047683716
vertex -16.149999618530273 -15.134726524353027 2.200000047683716
endloop
endfacet
facet normal -1 0 0
outer loop
vertex -16.950000762939453 -15.93472671508789 2.200000047683716
vertex -16.950000762939453 -15.93472671508789 0
vertex -16.950000762939453 -19.484725952148438 1.7000000476837158
endloop
endfacet
facet normal 0 -1 0
outer loop
vertex -31.049999237060547 -15.93472671508789 2.200000047683716
vertex -16.950000762939453 -15.93472671508789 0
vertex -16.950000762939453 -15.93472671508789 2.200000047683716
endloop
endfacet
facet normal 0 0 1
outer loop
vertex -16.149999618530273 -15.134726524353027 2.200000047683716
vertex -15.850000381469727 -30.834726333618164 2.200000047683716
vertex -15.850000381469727 -15.134726524353027 2.200000047683716
endloop
endfacet
facet normal 0 0 -1
outer loop
vertex 16.25 -26.484725952148438 0
vertex 15.75 -26.484725952148438 0
vertex 15.75 -19.484725952148438 0
endloop
endfacet
facet normal -1 0 0
outer loop
vertex 15.050000190734863 -3.484726667404175 0
vertex 15.050000190734863 -3.484726667404175 1.7000000476837158
vertex 15.050000190734863 0.06527330726385117 0
endloop
endfacet
facet normal 0 1 0
outer loop
vertex -16.950000762939453 -14.034727096557617 2.200000047683716
vertex -31.049999237060547 -14.034727096557617 0
vertex -31.049999237060547 -14.034727096557617 2.200000047683716
endloop
endfacet
facet normal 0 0 1
outer loop
vertex -31.850000381469727 -15.134726524353027 2.200000047683716
vertex -16.149999618530273 -14.834726333618164 2.200000047683716
vertex -31.850000381469727 -14.834726333618164 2.200000047683716
endloop
endfacet
facet normal -1 0 0
outer loop
vertex -16.950000762939453 -19.484725952148438 1.7000000476837158
vertex -16.950000762939453 -26.484725952148438 1.7000000476837158
vertex -16.950000762939453 -15.93472671508789 2.200000047683716
endloop
endfacet
facet normal -1 0 0
outer loop
vertex 15.050000190734863 -14.034727096557617 0
vertex 15.050000190734863 -14.034727096557617 2.200000047683716
vertex 15.050000190734863 -10.484726905822754 0
endloop
endfacet
facet normal -1 0 0
outer loop
vertex -16.950000762939453 -26.484725952148438 1.7000000476837158
vertex -16.950000762939453 -30.034727096557617 2.200000047683716
vertex -16.950000762939453 -15.93472671508789 2.200000047683716
endloop
endfacet
facet normal 0 0 -1
outer loop
vertex 0.25 -3.484726667404175 0
vertex 0.949999988079071 0.06527330726385117 0
vertex 0.949999988079071 -3.484726667404175 0
endloop
endfacet
facet normal 0 1 0
outer loop
vertex 16.950000762939453 -30.034727096557617 0
vertex 31.049999237060547 -30.034727096557617 2.200000047683716
vertex 31.049999237060547 -30.034727096557617 0
endloop
endfacet
facet normal 0 0 -1
outer loop
vertex 0.25 -10.484726905822754 0
vertex -0.25 -3.484726667404175 0
vertex 0.25 -3.484726667404175 0
endloop
endfacet
facet normal 0 0 -1
outer loop
vertex 48.70000076293945 -31.68472671508789 0
vertex 15.050000190734863 -30.034727096557617 0
vertex 16.950000762939453 -30.034727096557617 0
endloop
endfacet
facet normal 0 0 -1
outer loop
vertex 0.25 -26.484725952148438 0
vertex -0.25 -19.484725952148438 0
vertex 0.25 -19.484725952148438 0
endloop
endfacet
facet normal 1 0 0
outer loop
vertex 0.949999988079071 -14.034727096557617 0
vertex 0.949999988079071 -10.484726905822754 0
vertex 0.949999988079071 -10.484726905822754 1.7000000476837158
endloop
endfacet
facet normal 0 0 -1
outer loop
vertex 0.949999988079071 -14.034727096557617 0
vertex 0.25 -10.484726905822754 0
vertex 0.949999988079071 -10.484726905822754 0
endloop
endfacet
facet normal 0 0 -1
outer loop
vertex 0.949999988079071 -14.034727096557617 0
vertex -0.25 -10.484726905822754 0
vertex 0.25 -10.484726905822754 0
endloop
endfacet
facet normal -1 0 0
outer loop
vertex 15.050000190734863 -19.484725952148438 0
vertex 15.050000190734863 -19.484725952148438 1.7000000476837158
vertex 15.050000190734863 -15.93472671508789 0
endloop
endfacet
facet normal 0 1 0
outer loop
vertex 15.050000190734863 -14.034727096557617 0
vertex 0.949999988079071 -14.034727096557617 0
vertex 15.050000190734863 -14.034727096557617 2.200000047683716
endloop
endfacet
facet normal 0 0 -1
outer loop
vertex 15.050000190734863 -15.93472671508789 0
vertex 0.949999988079071 -15.93472671508789 0
vertex 15.050000190734863 -14.034727096557617 0
endloop
endfacet
facet normal 0 0 -1
outer loop
vertex 0.949999988079071 -19.484725952148438 0
vertex 0.25 -19.484725952148438 0
vertex 0.949999988079071 -15.93472671508789 0
endloop
endfacet
facet normal 0 0 -1
outer loop
vertex 0.25 -19.484725952148438 0
vertex -0.949999988079071 -15.93472671508789 0
vertex 0.949999988079071 -15.93472671508789 0
endloop
endfacet
facet normal 1 0 0
outer loop
vertex 0.949999988079071 -19.484725952148438 0
vertex 0.949999988079071 -15.93472671508789 0
vertex 0.949999988079071 -15.93472671508789 2.200000047683716
endloop
endfacet
facet normal 0 0 -1
outer loop
vertex 0.949999988079071 -15.93472671508789 0
vertex -0.949999988079071 -15.93472671508789 0
vertex 0.949999988079071 -14.034727096557617 0
endloop
endfacet
facet normal 0 -1 0
outer loop
vertex 0.949999988079071 -15.93472671508789 2.200000047683716
vertex 0.949999988079071 -15.93472671508789 0
vertex 15.050000190734863 -15.93472671508789 0
endloop
endfacet
facet normal 1 0 0
outer loop
vertex -31.049999237060547 -14.034727096557617 0
vertex -31.049999237060547 -10.484726905822754 1.7000000476837158
vertex -31.049999237060547 -14.034727096557617 2.200000047683716
endloop
endfacet
facet normal 0 0 -1
outer loop
vertex 47.75 -26.484725952148438 1.7000000476837158
vertex 47.04999923706055 -26.484725952148438 1.7000000476837158
vertex 47.75 -19.484725952148438 1.7000000476837158
endloop
endfacet
facet normal 0 0 -1
outer loop
vertex 47.75 -19.484725952148438 1.7000000476837158
vertex 47.04999923706055 -26.484725952148438 1.7000000476837158
vertex 47.04999923706055 -19.484725952148438 1.7000000476837158
endloop
endfacet
facet normal 0 1 0
outer loop
vertex 47.75 -26.484725952148438 0
vertex 47.04999923706055 -26.484725952148438 0
vertex 47.75 -26.484725952148438 1.7000000476837158
endloop
endfacet
facet normal 1 0 0
outer loop
vertex 32.25 -26.484725952148438 0
vertex 32.25 -19.484725952148438 0
vertex 32.25 -19.484725952148438 1.7000000476837158
endloop
endfacet
facet normal 0 -1 0
outer loop
vertex 32.25 -19.484725952148438 1.7000000476837158
vertex 32.25 -19.484725952148438 0
vertex 32.95000076293945 -19.484725952148438 0
endloop
endfacet
facet normal -1 0 0
outer loop
vertex 47.75 -26.484725952148438 0
vertex 47.75 -26.484725952148438 1.7000000476837158
vertex 47.75 -19.484725952148438 0
endloop
endfacet
facet normal 0 -1 0
outer loop
vertex 47.04999923706055 -19.484725952148438 0
vertex 47.75 -19.484725952148438 0
vertex 47.75 -19.484725952148438 1.7000000476837158
endloop
endfacet
facet normal 0 -1 0
outer loop
vertex 47.04999923706055 -19.484725952148438 1.7000000476837158
vertex 47.04999923706055 -19.484725952148438 0
vertex 47.75 -19.484725952148438 1.7000000476837158
endloop
endfacet
facet normal -1 0 0
outer loop
vertex 47.75 -19.484725952148438 1.7000000476837158
vertex 47.75 -19.484725952148438 0
vertex 47.75 -26.484725952148438 1.7000000476837158
endloop
endfacet
facet normal 0 0 -1
outer loop
vertex 32.95000076293945 -19.484725952148438 1.7000000476837158
vertex 32.95000076293945 -26.484725952148438 1.7000000476837158
vertex 32.25 -19.484725952148438 1.7000000476837158
endloop
endfacet
facet normal 0 0 -1
outer loop
vertex 32.95000076293945 -26.484725952148438 1.7000000476837158
vertex 32.25 -26.484725952148438 1.7000000476837158
vertex 32.25 -19.484725952148438 1.7000000476837158
endloop
endfacet
facet normal 0 -1 0
outer loop
vertex 32.25 -19.484725952148438 1.7000000476837158
vertex 32.95000076293945 -19.484725952148438 0
vertex 32.95000076293945 -19.484725952148438 1.7000000476837158
endloop
endfacet
facet normal 1 0 0
outer loop
vertex 32.25 -26.484725952148438 1.7000000476837158
vertex 32.25 -26.484725952148438 0
vertex 32.25 -19.484725952148438 1.7000000476837158
endloop
endfacet
facet normal 0 1 0
outer loop
vertex 47.75 -26.484725952148438 1.7000000476837158
vertex 47.04999923706055 -26.484725952148438 0
vertex 47.04999923706055 -26.484725952148438 1.7000000476837158
endloop
endfacet
facet normal 0 1 0
outer loop
vertex 32.95000076293945 -26.484725952148438 1.7000000476837158
vertex 32.95000076293945 -26.484725952148438 0
vertex 32.25 -26.484725952148438 1.7000000476837158
endloop
endfacet
facet normal 0 1 0
outer loop
vertex 32.95000076293945 -26.484725952148438 0
vertex 32.25 -26.484725952148438 0
vertex 32.25 -26.484725952148438 1.7000000476837158
endloop
endfacet
facet normal 1 0 0
outer loop
vertex 16.25 -26.484725952148438 1.7000000476837158
vertex 16.25 -26.484725952148438 0
vertex 16.25 -19.484725952148438 1.7000000476837158
endloop
endfacet
facet normal 0 1 0
outer loop
vertex 31.75 -26.484725952148438 0
vertex 31.049999237060547 -26.484725952148438 0
vertex 31.75 -26.484725952148438 1.7000000476837158
endloop
endfacet
facet normal -1 0 0
outer loop
vertex 31.75 -19.484725952148438 0
vertex 31.75 -26.484725952148438 0
vertex 31.75 -26.484725952148438 1.7000000476837158
endloop
endfacet
facet normal 0 -1 0
outer loop
vertex 31.75 -19.484725952148438 0
vertex 31.75 -19.484725952148438 1.7000000476837158
vertex 31.049999237060547 -19.484725952148438 0
endloop
endfacet
facet normal 0 1 0
outer loop
vertex 16.950000762939453 -26.484725952148438 1.7000000476837158
vertex 16.950000762939453 -26.484725952148438 0
vertex 16.25 -26.484725952148438 1.7000000476837158
endloop
endfacet
facet normal 0 0 -1
outer loop
vertex 31.75 -19.484725952148438 1.7000000476837158
vertex 31.049999237060547 -26.484725952148438 1.7000000476837158
vertex 31.049999237060547 -19.484725952148438 1.7000000476837158
endloop
endfacet
facet normal 0 0 -1
outer loop
vertex 31.75 -26.484725952148438 1.7000000476837158
vertex 31.049999237060547 -26.484725952148438 1.7000000476837158
vertex 31.75 -19.484725952148438 1.7000000476837158
endloop
endfacet
facet normal 0 1 0
outer loop
vertex 16.950000762939453 -26.484725952148438 0
vertex 16.25 -26.484725952148438 0
vertex 16.25 -26.484725952148438 1.7000000476837158
endloop
endfacet
facet normal 0 -1 0
outer loop
vertex 31.049999237060547 -19.484725952148438 1.7000000476837158
vertex 31.049999237060547 -19.484725952148438 0
vertex 31.75 -19.484725952148438 1.7000000476837158
endloop
endfacet
facet normal 0 0 -1
outer loop
vertex 16.950000762939453 -26.484725952148438 1.7000000476837158
vertex 16.25 -26.484725952148438 1.7000000476837158
vertex 16.25 -19.484725952148438 1.7000000476837158
endloop
endfacet
facet normal 1 0 0
outer loop
vertex 16.25 -26.484725952148438 0
vertex 16.25 -19.484725952148438 0
vertex 16.25 -19.484725952148438 1.7000000476837158
endloop
endfacet
facet normal 0 0 -1
outer loop
vertex 16.950000762939453 -19.484725952148438 1.7000000476837158
vertex 16.950000762939453 -26.484725952148438 1.7000000476837158
vertex 16.25 -19.484725952148438 1.7000000476837158
endloop
endfacet
facet normal 0 1 0
outer loop
vertex 31.75 -26.484725952148438 1.7000000476837158
vertex 31.049999237060547 -26.484725952148438 0
vertex 31.049999237060547 -26.484725952148438 1.7000000476837158
endloop
endfacet
facet normal 0 -1 0
outer loop
vertex 16.25 -19.484725952148438 1.7000000476837158
vertex 16.25 -19.484725952148438 0
vertex 16.950000762939453 -19.484725952148438 0
endloop
endfacet
facet normal -1 0 0
outer loop
vertex 31.75 -19.484725952148438 1.7000000476837158
vertex 31.75 -19.484725952148438 0
vertex 31.75 -26.484725952148438 1.7000000476837158
endloop
endfacet
facet normal 0 -1 0
outer loop
vertex 16.25 -19.484725952148438 1.7000000476837158
vertex 16.950000762939453 -19.484725952148438 0
vertex 16.950000762939453 -19.484725952148438 1.7000000476837158
endloop
endfacet
facet normal 0 1 0
outer loop
vertex 0.949999988079071 -26.484725952148438 1.7000000476837158
vertex 0.949999988079071 -26.484725952148438 0
vertex 0.25 -26.484725952148438 1.7000000476837158
endloop
endfacet
facet normal 0 -1 0
outer loop
vertex 0.25 -19.484725952148438 1.7000000476837158
vertex 0.25 -19.484725952148438 0
vertex 0.949999988079071 -19.484725952148438 0
endloop
endfacet
facet normal 0 1 0
outer loop
vertex 15.75 -26.484725952148438 0
vertex 15.050000190734863 -26.484725952148438 0
vertex 15.75 -26.484725952148438 1.7000000476837158
endloop
endfacet
facet normal 0 -1 0
outer loop
vertex 15.75 -19.484725952148438 0
vertex 15.75 -19.484725952148438 1.7000000476837158
vertex 15.050000190734863 -19.484725952148438 0
endloop
endfacet
facet normal 0 0 -1
outer loop
vertex 15.75 -19.484725952148438 1.7000000476837158
vertex 15.050000190734863 -26.484725952148438 1.7000000476837158
vertex 15.050000190734863 -19.484725952148438 1.7000000476837158
endloop
endfacet
facet normal -1 0 0
outer loop
vertex 15.75 -19.484725952148438 0
vertex 15.75 -26.484725952148438 0
vertex 15.75 -26.484725952148438 1.7000000476837158
endloop
endfacet
facet normal 1 0 0
outer loop
vertex 0.25 -26.484725952148438 0
vertex 0.25 -19.484725952148438 0
vertex 0.25 -19.484725952148438 1.7000000476837158
endloop
endfacet
facet normal 0 -1 0
outer loop
vertex 15.050000190734863 -19.484725952148438 1.7000000476837158
vertex 15.050000190734863 -19.484725952148438 0
vertex 15.75 -19.484725952148438 1.7000000476837158
endloop
endfacet
facet normal 0 1 0
outer loop
vertex 0.949999988079071 -26.484725952148438 0
vertex 0.25 -26.484725952148438 0
vertex 0.25 -26.484725952148438 1.7000000476837158
endloop
endfacet
facet normal -1 0 0
outer loop
vertex 15.75 -19.484725952148438 1.7000000476837158
vertex 15.75 -19.484725952148438 0
vertex 15.75 -26.484725952148438 1.7000000476837158
endloop
endfacet
facet normal 0 0 -1
outer loop
vertex 0.949999988079071 -19.484725952148438 1.7000000476837158
vertex 0.949999988079071 -26.484725952148438 1.7000000476837158
vertex 0.25 -19.484725952148438 1.7000000476837158
endloop
endfacet
facet normal 0 0 -1
outer loop
vertex 0.949999988079071 -26.484725952148438 1.7000000476837158
vertex 0.25 -26.484725952148438 1.7000000476837158
vertex 0.25 -19.484725952148438 1.7000000476837158
endloop
endfacet
facet normal 0 -1 0
outer loop
vertex 0.25 -19.484725952148438 1.7000000476837158
vertex 0.949999988079071 -19.484725952148438 0
vertex 0.949999988079071 -19.484725952148438 1.7000000476837158
endloop
endfacet
facet normal 1 0 0
outer loop
vertex 0.25 -26.484725952148438 1.7000000476837158
vertex 0.25 -26.484725952148438 0
vertex 0.25 -19.484725952148438 1.7000000476837158
endloop
endfacet
facet normal 0 1 0
outer loop
vertex 15.75 -26.484725952148438 1.7000000476837158
vertex 15.050000190734863 -26.484725952148438 0
vertex 15.050000190734863 -26.484725952148438 1.7000000476837158
endloop
endfacet
facet normal 0 0 -1
outer loop
vertex 15.75 -26.484725952148438 1.7000000476837158
vertex 15.050000190734863 -26.484725952148438 1.7000000476837158
vertex 15.75 -19.484725952148438 1.7000000476837158
endloop
endfacet
facet normal 0 0 -1
outer loop
vertex -15.75 -25.22829818725586 1.7000000476837158
vertex -15.75 -24.501155853271484 1.7000000476837158
vertex -15.050000190734863 -26.484725952148438 1.7000000476837158
endloop
endfacet
facet normal 1 0 0
outer loop
vertex -15.75 -25.771154403686523 0
vertex -15.75 -25.22829818725586 0
vertex -15.75 -25.22829818725586 1.7000000476837158
endloop
endfacet
facet normal 0 0 -1
outer loop
vertex -15.75 -23.958297729492188 1.7000000476837158
vertex -15.75 -23.231155395507812 1.7000000476837158
vertex -15.050000190734863 -26.484725952148438 1.7000000476837158
endloop
endfacet
facet normal 0 0 -1
outer loop
vertex -15.75 -25.771154403686523 1.7000000476837158
vertex -15.75 -25.22829818725586 1.7000000476837158
vertex -15.050000190734863 -26.484725952148438 1.7000000476837158
endloop
endfacet
facet normal 0 0 -1
outer loop
vertex -15.72968864440918 -26.484725952148438 1.7000000476837158
vertex -15.75 -25.771154403686523 1.7000000476837158
vertex -15.050000190734863 -26.484725952148438 1.7000000476837158
endloop
endfacet
facet normal 0 -1 0
outer loop
vertex -15.75 -19.484725952148438 1.7000000476837158
vertex -15.050000190734863 -19.484725952148438 0
vertex -15.050000190734863 -19.484725952148438 1.7000000476837158
endloop
endfacet
facet normal 0 0 -1
outer loop
vertex -15.75 -23.231155395507812 1.7000000476837158
vertex -15.75 -22.688297271728516 1.7000000476837158
vertex -15.050000190734863 -26.484725952148438 1.7000000476837158
endloop
endfacet
facet normal 0 0 -1
outer loop
vertex -15.050000190734863 -26.484725952148438 1.7000000476837158
vertex -15.75 -22.688297271728516 1.7000000476837158
vertex -15.75 -21.96115493774414 1.7000000476837158
endloop
endfacet
facet normal 1 0 0
outer loop
vertex -15.75 -21.96115493774414 1.7000000476837158
vertex -15.75 -21.96115493774414 0
vertex -15.75 -19.484725952148438 1.7000000476837158
endloop
endfacet
facet normal 1 0 0
outer loop
vertex -15.75 -24.501155853271484 1.7000000476837158
vertex -15.75 -24.501155853271484 0
vertex -15.75 -23.958297729492188 1.7000000476837158
endloop
endfacet
facet normal 1 0 0
outer loop
vertex -15.75 -25.771154403686523 1.7000000476837158
vertex -15.75 -25.771154403686523 0
vertex -15.75 -25.22829818725586 1.7000000476837158
endloop
endfacet
facet normal 0 1 0
outer loop
vertex -15.050000190734863 -26.484725952148438 1.7000000476837158
vertex -15.050000190734863 -26.484725952148438 0
vertex -15.72968864440918 -26.484725952148438 1.7000000476837158
endloop
endfacet
facet normal 1 0 0
outer loop
vertex -15.75 -23.231155395507812 1.7000000476837158
vertex -15.75 -23.231155395507812 0
vertex -15.75 -22.688297271728516 1.7000000476837158
endloop
endfacet
facet normal 0 0 -1
outer loop
vertex -15.050000190734863 -26.484725952148438 1.7000000476837158
vertex -15.75 -21.96115493774414 1.7000000476837158
vertex -15.75 -19.484725952148438 1.7000000476837158
endloop
endfacet
facet normal 0 0 -1
outer loop
vertex -15.050000190734863 -19.484725952148438 1.7000000476837158
vertex -15.050000190734863 -26.484725952148438 1.7000000476837158
vertex -15.75 -19.484725952148438 1.7000000476837158
endloop
endfacet
facet normal 0 -1 0
outer loop
vertex -0.25 -19.484725952148438 0
vertex -0.25 -19.484725952148438 1.7000000476837158
vertex -0.949999988079071 -19.484725952148438 0
endloop
endfacet
facet normal -1 0 0
outer loop
vertex -0.25 -19.484725952148438 0
vertex -0.25 -26.484725952148438 0
vertex -0.25 -26.484725952148438 1.7000000476837158
endloop
endfacet
facet normal 0 -1 0
outer loop
vertex -15.75 -19.484725952148438 1.7000000476837158
vertex -15.75 -19.484725952148438 0
vertex -15.050000190734863 -19.484725952148438 0
endloop
endfacet
facet normal 0 0 -1
outer loop
vertex -15.75 -24.501155853271484 1.7000000476837158
vertex -15.75 -23.958297729492188 1.7000000476837158
vertex -15.050000190734863 -26.484725952148438 1.7000000476837158
endloop
endfacet
facet normal 1 0 0
outer loop
vertex -15.75 -21.96115493774414 0
vertex -15.75 -19.484725952148438 0
vertex -15.75 -19.484725952148438 1.7000000476837158
endloop
endfacet
facet normal 0 0 -1
outer loop
vertex -0.25 -19.484725952148438 1.7000000476837158
vertex -0.949999988079071 -26.484725952148438 1.7000000476837158
vertex -0.949999988079071 -19.484725952148438 1.7000000476837158
endloop
endfacet
facet normal 0 1 0
outer loop
vertex -0.25 -26.484725952148438 1.7000000476837158
vertex -0.949999988079071 -26.484725952148438 0
vertex -0.949999988079071 -26.484725952148438 1.7000000476837158
endloop
endfacet
facet normal 1 0 0
outer loop
vertex -15.75 -22.688297271728516 0
vertex -15.75 -22.688297271728516 1.7000000476837158
vertex -15.75 -23.231155395507812 0
endloop
endfacet
facet normal 1 0 0
outer loop
vertex -15.75 -23.958297729492188 0
vertex -15.75 -23.958297729492188 1.7000000476837158
vertex -15.75 -24.501155853271484 0
endloop
endfacet
facet normal 0 0 -1
outer loop
vertex -0.25 -26.484725952148438 1.7000000476837158
vertex -0.949999988079071 -26.484725952148438 1.7000000476837158
vertex -0.25 -19.484725952148438 1.7000000476837158
endloop
endfacet
facet normal 0 -1 0
outer loop
vertex -0.949999988079071 -19.484725952148438 1.7000000476837158
vertex -0.949999988079071 -19.484725952148438 0
vertex -0.25 -19.484725952148438 1.7000000476837158
endloop
endfacet
facet normal -1 0 0
outer loop
vertex -0.25 -19.484725952148438 1.7000000476837158
vertex -0.25 -19.484725952148438 0
vertex -0.25 -26.484725952148438 1.7000000476837158
endloop
endfacet
facet normal 0 1 0
outer loop
vertex -0.25 -26.484725952148438 0
vertex -0.949999988079071 -26.484725952148438 0
vertex -0.25 -26.484725952148438 1.7000000476837158
endloop
endfacet
facet normal 0 1 0
outer loop
vertex -15.050000190734863 -26.484725952148438 0
vertex -15.72968864440918 -26.484725952148438 0
vertex -15.72968864440918 -26.484725952148438 1.7000000476837158
endloop
endfacet
facet normal 0 1 0
outer loop
vertex -16.27089500427246 -26.484725952148438 0
vertex -16.950000762939453 -26.484725952148438 0
vertex -16.950000762939453 -26.484725952148438 1.7000000476837158
endloop
endfacet
facet normal 0 0 -1
outer loop
vertex -31.75 -23.958492279052734 1.7000000476837158
vertex -31.75 -23.230960845947266 1.7000000476837158
vertex -31.049999237060547 -26.484725952148438 1.7000000476837158
endloop
endfacet
facet normal -1 0 0
outer loop
vertex -16.25 -23.958688735961914 0
vertex -16.25 -24.500764846801758 0
vertex -16.25 -24.500764846801758 1.7000000476837158
endloop
endfacet
facet normal -1 0 0
outer loop
vertex -16.25 -22.688688278198242 0
vertex -16.25 -23.230764389038086 0
vertex -16.25 -23.230764389038086 1.7000000476837158
endloop
endfacet
facet normal 0 0 -1
outer loop
vertex -31.049999237060547 -19.484725952148438 1.7000000476837158
vertex -31.049999237060547 -26.484725952148438 1.7000000476837158
vertex -31.75 -19.484725952148438 1.7000000476837158
endloop
endfacet
facet normal 0 0 -1
outer loop
vertex -31.049999237060547 -26.484725952148438 1.7000000476837158
vertex -31.75 -21.960960388183594 1.7000000476837158
vertex -31.75 -19.484725952148438 1.7000000476837158
endloop
endfacet
facet normal -1 0 0
outer loop
vertex -16.25 -19.484725952148438 0
vertex -16.25 -21.960765838623047 0
vertex -16.25 -21.960765838623047 1.7000000476837158
endloop
endfacet
facet normal 0 -1 0
outer loop
vertex -16.25 -19.484725952148438 0
vertex -16.25 -19.484725952148438 1.7000000476837158
vertex -16.950000762939453 -19.484725952148438 0
endloop
endfacet
facet normal 0 -1 0
outer loop
vertex -31.75 -19.484725952148438 1.7000000476837158
vertex -31.75 -19.484725952148438 0
vertex -31.049999237060547 -19.484725952148438 0
endloop
endfacet
facet normal 1 0 0
outer loop
vertex -31.75 -21.960960388183594 0
vertex -31.75 -19.484725952148438 0
vertex -31.75 -19.484725952148438 1.7000000476837158
endloop
endfacet
facet normal 1 0 0
outer loop
vertex -31.75 -22.688493728637695 0
vertex -31.75 -22.688493728637695 1.7000000476837158
vertex -31.75 -23.230960845947266 0
endloop
endfacet
facet normal -1 0 0
outer loop
vertex -16.25 -23.958688735961914 0
vertex -16.25 -24.500764846801758 1.7000000476837158
vertex -16.25 -23.958688735961914 1.7000000476837158
endloop
endfacet
facet normal -1 0 0
outer loop
vertex -16.25 -22.688688278198242 0
vertex -16.25 -23.230764389038086 1.7000000476837158
vertex -16.25 -22.688688278198242 1.7000000476837158
endloop
endfacet
facet normal 1 0 0
outer loop
vertex -31.75 -23.958492279052734 0
vertex -31.75 -23.958492279052734 1.7000000476837158
vertex -31.75 -24.500959396362305 0
endloop
endfacet
facet normal 0 1 0
outer loop
vertex -31.049999237060547 -26.484725952148438 1.7000000476837158
vertex -31.049999237060547 -26.484725952148438 0
vertex -31.72939682006836 -26.484725952148438 1.7000000476837158
endloop
endfacet
facet normal 1 0 0
outer loop
vertex -31.75 -25.770959854125977 1.7000000476837158
vertex -31.75 -25.770959854125977 0
vertex -31.75 -25.228492736816406 1.7000000476837158
endloop
endfacet
facet normal 1 0 0
outer loop
vertex -31.75 -25.770959854125977 0
vertex -31.75 -25.228492736816406 0
vertex -31.75 -25.228492736816406 1.7000000476837158
endloop
endfacet
facet normal 0 1 0
outer loop
vertex -31.049999237060547 -26.484725952148438 0
vertex -31.72939682006836 -26.484725952148438 0
vertex -31.72939682006836 -26.484725952148438 1.7000000476837158
endloop
endfacet
facet normal 0 0 -1
outer loop
vertex -31.049999237060547 -26.484725952148438 1.7000000476837158
vertex -31.75 -22.688493728637695 1.7000000476837158
vertex -31.75 -21.960960388183594 1.7000000476837158
endloop
endfacet
facet normal 0 0 -1
outer loop
vertex -16.25 -19.484725952148438 1.7000000476837158
vertex -16.950000762939453 -26.484725952148438 1.7000000476837158
vertex -16.950000762939453 -19.484725952148438 1.7000000476837158
endloop
endfacet
facet normal 0 0 -1
outer loop
vertex -16.25 -19.484725952148438 1.7000000476837158
vertex -16.25 -21.960765838623047 1.7000000476837158
vertex -16.950000762939453 -26.484725952148438 1.7000000476837158
endloop
endfacet
facet normal 0 1 0
outer loop
vertex -16.27089500427246 -26.484725952148438 0
vertex -16.950000762939453 -26.484725952148438 1.7000000476837158
vertex -16.27089500427246 -26.484725952148438 1.7000000476837158
endloop
endfacet
facet normal 1 0 0
outer loop
vertex -31.75 -24.500959396362305 1.7000000476837158
vertex -31.75 -24.500959396362305 0
vertex -31.75 -23.958492279052734 1.7000000476837158
endloop
endfacet
facet normal -1 0 0
outer loop
vertex -16.25 -25.228689193725586 0
vertex -16.25 -25.77076530456543 1.7000000476837158
vertex -16.25 -25.228689193725586 1.7000000476837158
endloop
endfacet
facet normal 0 0 -1
outer loop
vertex -31.75 -23.230960845947266 1.7000000476837158
vertex -31.75 -22.688493728637695 1.7000000476837158
vertex -31.049999237060547 -26.484725952148438 1.7000000476837158
endloop
endfacet
facet normal 0 0 -1
outer loop
vertex -31.72939682006836 -26.484725952148438 1.7000000476837158
vertex -31.75 -25.770959854125977 1.7000000476837158
vertex -31.049999237060547 -26.484725952148438 1.7000000476837158
endloop
endfacet
facet normal -1 0 0
outer loop
vertex -16.25 -19.484725952148438 1.7000000476837158
vertex -16.25 -19.484725952148438 0
vertex -16.25 -21.960765838623047 1.7000000476837158
endloop
endfacet
facet normal 0 -1 0
outer loop
vertex -31.75 -19.484725952148438 1.7000000476837158
vertex -31.049999237060547 -19.484725952148438 0
vertex -31.049999237060547 -19.484725952148438 1.7000000476837158
endloop
endfacet
facet normal 0 -1 0
outer loop
vertex -16.950000762939453 -19.484725952148438 1.7000000476837158
vertex -16.950000762939453 -19.484725952148438 0
vertex -16.25 -19.484725952148438 1.7000000476837158
endloop
endfacet
facet normal 1 0 0
outer loop
vertex -31.75 -21.960960388183594 1.7000000476837158
vertex -31.75 -21.960960388183594 0
vertex -31.75 -19.484725952148438 1.7000000476837158
endloop
endfacet
facet normal 1 0 0
outer loop
vertex -31.75 -23.230960845947266 1.7000000476837158
vertex -31.75 -23.230960845947266 0
vertex -31.75 -22.688493728637695 1.7000000476837158
endloop
endfacet
facet normal 0 0 -1
outer loop
vertex -16.25 -22.688688278198242 1.7000000476837158
vertex -16.950000762939453 -26.484725952148438 1.7000000476837158
vertex -16.25 -21.960765838623047 1.7000000476837158
endloop
endfacet
facet normal 0 0 -1
outer loop
vertex -16.25 -23.230764389038086 1.7000000476837158
vertex -16.950000762939453 -26.484725952148438 1.7000000476837158
vertex -16.25 -22.688688278198242 1.7000000476837158
endloop
endfacet
facet normal 0 0 -1
outer loop
vertex -16.27089500427246 -26.484725952148438 1.7000000476837158
vertex -16.950000762939453 -26.484725952148438 1.7000000476837158
vertex -16.25 -25.77076530456543 1.7000000476837158
endloop
endfacet
facet normal 0 0 -1
outer loop
vertex -16.25 -25.228689193725586 1.7000000476837158
vertex -16.25 -25.77076530456543 1.7000000476837158
vertex -16.950000762939453 -26.484725952148438 1.7000000476837158
endloop
endfacet
facet normal 0 0 -1
outer loop
vertex -31.75 -25.770959854125977 1.7000000476837158
vertex -31.75 -25.228492736816406 1.7000000476837158
vertex -31.049999237060547 -26.484725952148438 1.7000000476837158
endloop
endfacet
facet normal 0 0 -1
outer loop
vertex -31.75 -25.228492736816406 1.7000000476837158
vertex -31.75 -24.500959396362305 1.7000000476837158
vertex -31.049999237060547 -26.484725952148438 1.7000000476837158
endloop
endfacet
facet normal 0 0 -1
outer loop
vertex -16.25 -25.228689193725586 1.7000000476837158
vertex -16.950000762939453 -26.484725952148438 1.7000000476837158
vertex -16.25 -24.500764846801758 1.7000000476837158
endloop
endfacet
facet normal 0 0 -1
outer loop
vertex -16.25 -24.500764846801758 1.7000000476837158
vertex -16.950000762939453 -26.484725952148438 1.7000000476837158
vertex -16.25 -23.958688735961914 1.7000000476837158
endloop
endfacet
facet normal 0 0 -1
outer loop
vertex -31.75 -24.500959396362305 1.7000000476837158
vertex -31.75 -23.958492279052734 1.7000000476837158
vertex -31.049999237060547 -26.484725952148438 1.7000000476837158
endloop
endfacet
facet normal 0 0 -1
outer loop
vertex -16.25 -23.958688735961914 1.7000000476837158
vertex -16.950000762939453 -26.484725952148438 1.7000000476837158
vertex -16.25 -23.230764389038086 1.7000000476837158
endloop
endfacet
facet normal -1 0 0
outer loop
vertex -16.25 -25.228689193725586 0
vertex -16.25 -25.77076530456543 0
vertex -16.25 -25.77076530456543 1.7000000476837158
endloop
endfacet
facet normal -1 0 0
outer loop
vertex -32.25 -22.688493728637695 0
vertex -32.25 -23.230960845947266 1.7000000476837158
vertex -32.25 -22.688493728637695 1.7000000476837158
endloop
endfacet
facet normal 0 -1 0
outer loop
vertex -32.25 -19.484725952148438 0
vertex -32.25 -19.484725952148438 1.7000000476837158
vertex -32.95000076293945 -19.484725952148438 0
endloop
endfacet
facet normal -1 0 0
outer loop
vertex -32.25 -25.228492736816406 0
vertex -32.25 -25.770959854125977 1.7000000476837158
vertex -32.25 -25.228492736816406 1.7000000476837158
endloop
endfacet
facet normal 0 0 -1
outer loop
vertex -32.27060317993164 -26.484725952148438 1.7000000476837158
vertex -32.95000076293945 -26.484725952148438 1.7000000476837158
vertex -32.25 -25.770959854125977 1.7000000476837158
endloop
endfacet
facet normal 0 1 0
outer loop
vertex -47.04999923706055 -26.484725952148438 1.7000000476837158
vertex -47.75 -26.484725952148438 0
vertex -47.75 -26.484725952148438 1.7000000476837158
endloop
endfacet
facet normal 0 0 -1
outer loop
vertex -32.25 -25.228492736816406 1.7000000476837158
vertex -32.25 -25.770959854125977 1.7000000476837158
vertex -32.95000076293945 -26.484725952148438 1.7000000476837158
endloop
endfacet
facet normal 0 0 -1
outer loop
vertex -32.25 -25.228492736816406 1.7000000476837158
vertex -32.95000076293945 -26.484725952148438 1.7000000476837158
vertex -32.25 -24.500959396362305 1.7000000476837158
endloop
endfacet
facet normal 0 0 -1
outer loop
vertex -32.25 -24.500959396362305 1.7000000476837158
vertex -32.95000076293945 -26.484725952148438 1.7000000476837158
vertex -32.25 -23.958492279052734 1.7000000476837158
endloop
endfacet
facet normal 0 0 -1
outer loop
vertex -32.25 -23.958492279052734 1.7000000476837158
vertex -32.95000076293945 -26.484725952148438 1.7000000476837158
vertex -32.25 -23.230960845947266 1.7000000476837158
endloop
endfacet
facet normal 0 1 0
outer loop
vertex -47.04999923706055 -26.484725952148438 0
vertex -47.75 -26.484725952148438 0
vertex -47.04999923706055 -26.484725952148438 1.7000000476837158
endloop
endfacet
facet normal 0 0 -1
outer loop
vertex -32.25 -19.484725952148438 1.7000000476837158
vertex -32.95000076293945 -26.484725952148438 1.7000000476837158
vertex -32.95000076293945 -19.484725952148438 1.7000000476837158
endloop
endfacet
facet normal 0 0 -1
outer loop
vertex -32.25 -19.484725952148438 1.7000000476837158
vertex -32.25 -21.960960388183594 1.7000000476837158
vertex -32.95000076293945 -26.484725952148438 1.7000000476837158
endloop
endfacet
facet normal 0 1 0
outer loop
vertex -32.27060317993164 -26.484725952148438 0
vertex -32.95000076293945 -26.484725952148438 0
vertex -32.95000076293945 -26.484725952148438 1.7000000476837158
endloop
endfacet
facet normal 0 0 -1
outer loop
vertex -32.25 -22.688493728637695 1.7000000476837158
vertex -32.95000076293945 -26.484725952148438 1.7000000476837158
vertex -32.25 -21.960960388183594 1.7000000476837158
endloop
endfacet
facet normal -1 0 0
outer loop
vertex -32.25 -25.228492736816406 0
vertex -32.25 -25.770959854125977 0
vertex -32.25 -25.770959854125977 1.7000000476837158
endloop
endfacet
facet normal 0 0 -1
outer loop
vertex -32.25 -23.230960845947266 1.7000000476837158
vertex -32.95000076293945 -26.484725952148438 1.7000000476837158
vertex -32.25 -22.688493728637695 1.7000000476837158
endloop
endfacet
facet normal 0 1 0
outer loop
vertex -32.27060317993164 -26.484725952148438 0
vertex -32.95000076293945 -26.484725952148438 1.7000000476837158
vertex -32.27060317993164 -26.484725952148438 1.7000000476837158
endloop
endfacet
facet normal -1 0 0
outer loop
vertex -32.25 -23.958492279052734 0
vertex -32.25 -24.500959396362305 1.7000000476837158
vertex -32.25 -23.958492279052734 1.7000000476837158
endloop
endfacet
facet normal -1 0 0
outer loop
vertex -32.25 -23.958492279052734 0
vertex -32.25 -24.500959396362305 0
vertex -32.25 -24.500959396362305 1.7000000476837158
endloop
endfacet
facet normal 0 0 -1
outer loop
vertex -47.04999923706055 -19.484725952148438 1.7000000476837158
vertex -47.04999923706055 -26.484725952148438 1.7000000476837158
vertex -47.75 -19.484725952148438 1.7000000476837158
endloop
endfacet
facet normal 0 0 -1
outer loop
vertex -47.04999923706055 -26.484725952148438 1.7000000476837158
vertex -47.75 -26.484725952148438 1.7000000476837158
vertex -47.75 -19.484725952148438 1.7000000476837158
endloop
endfacet
facet normal 1 0 0
outer loop
vertex -47.75 -26.484725952148438 0
vertex -47.75 -19.484725952148438 0
vertex -47.75 -19.484725952148438 1.7000000476837158
endloop
endfacet
facet normal -1 0 0
outer loop
vertex -32.25 -19.484725952148438 1.7000000476837158
vertex -32.25 -19.484725952148438 0
vertex -32.25 -21.960960388183594 1.7000000476837158
endloop
endfacet
facet normal -1 0 0
outer loop
vertex -32.25 -19.484725952148438 0
vertex -32.25 -21.960960388183594 0
vertex -32.25 -21.960960388183594 1.7000000476837158
endloop
endfacet
facet normal 0 -1 0
outer loop
vertex -47.75 -19.484725952148438 1.7000000476837158
vertex -47.75 -19.484725952148438 0
vertex -47.04999923706055 -19.484725952148438 0
endloop
endfacet
facet normal 0 -1 0
outer loop
vertex -47.75 -19.484725952148438 1.7000000476837158
vertex -47.04999923706055 -19.484725952148438 0
vertex -47.04999923706055 -19.484725952148438 1.7000000476837158
endloop
endfacet
facet normal 0 -1 0
outer loop
vertex -32.95000076293945 -19.484725952148438 1.7000000476837158
vertex -32.95000076293945 -19.484725952148438 0
vertex -32.25 -19.484725952148438 1.7000000476837158
endloop
endfacet
facet normal 1 0 0
outer loop
vertex -47.75 -26.484725952148438 1.7000000476837158
vertex -47.75 -26.484725952148438 0
vertex -47.75 -19.484725952148438 1.7000000476837158
endloop
endfacet
facet normal -1 0 0
outer loop
vertex -32.25 -22.688493728637695 0
vertex -32.25 -23.230960845947266 0
vertex -32.25 -23.230960845947266 1.7000000476837158
endloop
endfacet
facet normal -1 0 0
outer loop
vertex 47.75 -10.484726905822754 0
vertex 47.75 -10.484726905822754 1.7000000476837158
vertex 47.75 -3.484726667404175 0
endloop
endfacet
facet normal 0 0 -1
outer loop
vertex 47.75 -3.484726667404175 1.7000000476837158
vertex 47.04999923706055 -10.484726905822754 1.7000000476837158
vertex 47.04999923706055 -3.484726667404175 1.7000000476837158
endloop
endfacet
facet normal 1 0 0
outer loop
vertex 32.25 -10.484726905822754 0
vertex 32.25 -3.484726667404175 0
vertex 32.25 -3.484726667404175 1.7000000476837158
endloop
endfacet
facet normal 0 0 -1
outer loop
vertex 32.95000076293945 -10.484726905822754 1.7000000476837158
vertex 32.25 -10.484726905822754 1.7000000476837158
vertex 32.25 -3.484726667404175 1.7000000476837158
endloop
endfacet
facet normal 0 -1 0
outer loop
vertex 47.04999923706055 -3.484726667404175 1.7000000476837158
vertex 47.04999923706055 -3.484726667404175 0
vertex 47.75 -3.484726667404175 1.7000000476837158
endloop
endfacet
facet normal 0 -1 0
outer loop
vertex 32.25 -3.484726667404175 1.7000000476837158
vertex 32.25 -3.484726667404175 0
vertex 32.95000076293945 -3.484726667404175 0
endloop
endfacet
facet normal -1 0 0
outer loop
vertex 47.75 -3.484726667404175 1.7000000476837158
vertex 47.75 -3.484726667404175 0
vertex 47.75 -10.484726905822754 1.7000000476837158
endloop
endfacet
facet normal 0 1 0
outer loop
vertex 32.95000076293945 -10.484726905822754 0
vertex 32.25 -10.484726905822754 0
vertex 32.25 -10.484726905822754 1.7000000476837158
endloop
endfacet
facet normal 0 0 -1
outer loop
vertex 47.75 -10.484726905822754 1.7000000476837158
vertex 47.04999923706055 -10.484726905822754 1.7000000476837158
vertex 47.75 -3.484726667404175 1.7000000476837158
endloop
endfacet
facet normal 0 1 0
outer loop
vertex 47.75 -10.484726905822754 0
vertex 47.04999923706055 -10.484726905822754 0
vertex 47.75 -10.484726905822754 1.7000000476837158
endloop
endfacet
facet normal 1 0 0
outer loop
vertex 32.25 -10.484726905822754 1.7000000476837158
vertex 32.25 -10.484726905822754 0
vertex 32.25 -3.484726667404175 1.7000000476837158
endloop
endfacet
facet normal 0 -1 0
outer loop
vertex 47.75 -3.484726667404175 0
vertex 47.75 -3.484726667404175 1.7000000476837158
vertex 47.04999923706055 -3.484726667404175 0
endloop
endfacet
facet normal 0 1 0
outer loop
vertex 47.75 -10.484726905822754 1.7000000476837158
vertex 47.04999923706055 -10.484726905822754 0
vertex 47.04999923706055 -10.484726905822754 1.7000000476837158
endloop
endfacet
facet normal 0 0 -1
outer loop
vertex 32.95000076293945 -3.484726667404175 1.7000000476837158
vertex 32.95000076293945 -10.484726905822754 1.7000000476837158
vertex 32.25 -3.484726667404175 1.7000000476837158
endloop
endfacet
facet normal 0 1 0
outer loop
vertex 32.95000076293945 -10.484726905822754 1.7000000476837158
vertex 32.95000076293945 -10.484726905822754 0
vertex 32.25 -10.484726905822754 1.7000000476837158
endloop
endfacet
facet normal 0 -1 0
outer loop
vertex 32.25 -3.484726667404175 1.7000000476837158
vertex 32.95000076293945 -3.484726667404175 0
vertex 32.95000076293945 -3.484726667404175 1.7000000476837158
endloop
endfacet
facet normal -1 0 0
outer loop
vertex 31.75 -3.484726667404175 1.7000000476837158
vertex 31.75 -3.484726667404175 0
vertex 31.75 -10.484726905822754 1.7000000476837158
endloop
endfacet
facet normal 0 -1 0
outer loop
vertex 31.049999237060547 -3.484726667404175 1.7000000476837158
vertex 31.049999237060547 -3.484726667404175 0
vertex 31.75 -3.484726667404175 1.7000000476837158
endloop
endfacet
facet normal 0 1 0
outer loop
vertex 16.950000762939453 -10.484726905822754 0
vertex 16.25 -10.484726905822754 0
vertex 16.25 -10.484726905822754 1.7000000476837158
endloop
endfacet
facet normal 0 1 0
outer loop
vertex 16.950000762939453 -10.484726905822754 1.7000000476837158
vertex 16.950000762939453 -10.484726905822754 0
vertex 16.25 -10.484726905822754 1.7000000476837158
endloop
endfacet
facet normal 1 0 0
outer loop
vertex 16.25 -10.484726905822754 1.7000000476837158
vertex 16.25 -10.484726905822754 0
vertex 16.25 -3.484726667404175 1.7000000476837158
endloop
endfacet
facet normal 0 0 -1
outer loop
vertex 31.75 -3.484726667404175 1.7000000476837158
vertex 31.049999237060547 -10.484726905822754 1.7000000476837158
vertex 31.049999237060547 -3.484726667404175 1.7000000476837158
endloop
endfacet
facet normal 0 0 -1
outer loop
vertex 16.950000762939453 -10.484726905822754 1.7000000476837158
vertex 16.25 -10.484726905822754 1.7000000476837158
vertex 16.25 -3.484726667404175 1.7000000476837158
endloop
endfacet
facet normal 0 1 0
outer loop
vertex 31.75 -10.484726905822754 1.7000000476837158
vertex 31.049999237060547 -10.484726905822754 0
vertex 31.049999237060547 -10.484726905822754 1.7000000476837158
endloop
endfacet
facet normal 0 0 -1
outer loop
vertex 16.950000762939453 -3.484726667404175 1.7000000476837158
vertex 16.950000762939453 -10.484726905822754 1.7000000476837158
vertex 16.25 -3.484726667404175 1.7000000476837158
endloop
endfacet
facet normal 0 0 -1
outer loop
vertex 31.75 -10.484726905822754 1.7000000476837158
vertex 31.049999237060547 -10.484726905822754 1.7000000476837158
vertex 31.75 -3.484726667404175 1.7000000476837158
endloop
endfacet
facet normal 0 -1 0
outer loop
vertex 16.25 -3.484726667404175 1.7000000476837158
vertex 16.25 -3.484726667404175 0
vertex 16.950000762939453 -3.484726667404175 0
endloop
endfacet
facet normal 0 -1 0
outer loop
vertex 16.25 -3.484726667404175 1.7000000476837158
vertex 16.950000762939453 -3.484726667404175 0
vertex 16.950000762939453 -3.484726667404175 1.7000000476837158
endloop
endfacet
facet normal 0 1 0
outer loop
vertex 31.75 -10.484726905822754 0
vertex 31.049999237060547 -10.484726905822754 0
vertex 31.75 -10.484726905822754 1.7000000476837158
endloop
endfacet
facet normal -1 0 0
outer loop
vertex 31.75 -3.484726667404175 0
vertex 31.75 -10.484726905822754 0
vertex 31.75 -10.484726905822754 1.7000000476837158
endloop
endfacet
facet normal 0 -1 0
outer loop
vertex 31.75 -3.484726667404175 0
vertex 31.75 -3.484726667404175 1.7000000476837158
vertex 31.049999237060547 -3.484726667404175 0
endloop
endfacet
facet normal 1 0 0
outer loop
vertex 16.25 -10.484726905822754 0
vertex 16.25 -3.484726667404175 0
vertex 16.25 -3.484726667404175 1.7000000476837158
endloop
endfacet
facet normal 0 -1 0
outer loop
vertex 0.25 -3.484726667404175 1.7000000476837158
vertex 0.949999988079071 -3.484726667404175 0
vertex 0.949999988079071 -3.484726667404175 1.7000000476837158
endloop
endfacet
facet normal -1 0 0
outer loop
vertex 15.75 -3.484726667404175 0
vertex 15.75 -10.484726905822754 0
vertex 15.75 -10.484726905822754 1.7000000476837158
endloop
endfacet
facet normal 0 0 -1
outer loop
vertex 0.949999988079071 -3.484726667404175 1.7000000476837158
vertex 0.949999988079071 -10.484726905822754 1.7000000476837158
vertex 0.25 -3.484726667404175 1.7000000476837158
endloop
endfacet
facet normal 0 0 -1
outer loop
vertex 0.949999988079071 -10.484726905822754 1.7000000476837158
vertex 0.25 -10.484726905822754 1.7000000476837158
vertex 0.25 -3.484726667404175 1.7000000476837158
endloop
endfacet
facet normal 1 0 0
outer loop
vertex 0.25 -10.484726905822754 1.7000000476837158
vertex 0.25 -10.484726905822754 0
vertex 0.25 -3.484726667404175 1.7000000476837158
endloop
endfacet
facet normal -1 0 0
outer loop
vertex 15.75 -3.484726667404175 1.7000000476837158
vertex 15.75 -3.484726667404175 0
vertex 15.75 -10.484726905822754 1.7000000476837158
endloop
endfacet
facet normal 0 1 0
outer loop
vertex 15.75 -10.484726905822754 1.7000000476837158
vertex 15.050000190734863 -10.484726905822754 0
vertex 15.050000190734863 -10.484726905822754 1.7000000476837158
endloop
endfacet
facet normal 0 1 0
outer loop
vertex 0.949999988079071 -10.484726905822754 1.7000000476837158
vertex 0.949999988079071 -10.484726905822754 0
vertex 0.25 -10.484726905822754 1.7000000476837158
endloop
endfacet
facet normal 0 1 0
outer loop
vertex 15.75 -10.484726905822754 0
vertex 15.050000190734863 -10.484726905822754 0
vertex 15.75 -10.484726905822754 1.7000000476837158
endloop
endfacet
facet normal 0 0 -1
outer loop
vertex 15.75 -10.484726905822754 1.7000000476837158
vertex 15.050000190734863 -10.484726905822754 1.7000000476837158
vertex 15.75 -3.484726667404175 1.7000000476837158
endloop
endfacet
facet normal 0 1 0
outer loop
vertex 0.949999988079071 -10.484726905822754 0
vertex 0.25 -10.484726905822754 0
vertex 0.25 -10.484726905822754 1.7000000476837158
endloop
endfacet
facet normal 0 -1 0
outer loop
vertex 15.75 -3.484726667404175 0
vertex 15.75 -3.484726667404175 1.7000000476837158
vertex 15.050000190734863 -3.484726667404175 0
endloop
endfacet
facet normal 0 -1 0
outer loop
vertex 15.050000190734863 -3.484726667404175 1.7000000476837158
vertex 15.050000190734863 -3.484726667404175 0
vertex 15.75 -3.484726667404175 1.7000000476837158
endloop
endfacet
facet normal 1 0 0
outer loop
vertex 0.25 -10.484726905822754 0
vertex 0.25 -3.484726667404175 0
vertex 0.25 -3.484726667404175 1.7000000476837158
endloop
endfacet
facet normal 0 0 -1
outer loop
vertex 15.75 -3.484726667404175 1.7000000476837158
vertex 15.050000190734863 -10.484726905822754 1.7000000476837158
vertex 15.050000190734863 -3.484726667404175 1.7000000476837158
endloop
endfacet
facet normal 0 -1 0
outer loop
vertex 0.25 -3.484726667404175 1.7000000476837158
vertex 0.25 -3.484726667404175 0
vertex 0.949999988079071 -3.484726667404175 0
endloop
endfacet
facet normal 0 -1 0
outer loop
vertex -0.949999988079071 -3.484726667404175 1.7000000476837158
vertex -0.949999988079071 -3.484726667404175 0
vertex -0.25 -3.484726667404175 1.7000000476837158
endloop
endfacet
facet normal 0 -1 0
outer loop
vertex -0.25 -3.484726667404175 0
vertex -0.25 -3.484726667404175 1.7000000476837158
vertex -0.949999988079071 -3.484726667404175 0
endloop
endfacet
facet normal 0 0 -1
outer loop
vertex -15.050000190734863 -10.484726905822754 1.7000000476837158
vertex -15.75 -10.484726905822754 1.7000000476837158
vertex -15.75 -3.484726667404175 1.7000000476837158
endloop
endfacet
facet normal 0 0 -1
outer loop
vertex -0.25 -3.484726667404175 1.7000000476837158
vertex -0.949999988079071 -10.484726905822754 1.7000000476837158
vertex -0.949999988079071 -3.484726667404175 1.7000000476837158
endloop
endfacet
facet normal 0 0 -1
outer loop
vertex -0.25 -10.484726905822754 1.7000000476837158
vertex -0.949999988079071 -10.484726905822754 1.7000000476837158
vertex -0.25 -3.484726667404175 1.7000000476837158
endloop
endfacet
facet normal 0 1 0
outer loop
vertex -0.25 -10.484726905822754 1.7000000476837158
vertex -0.949999988079071 -10.484726905822754 0
vertex -0.949999988079071 -10.484726905822754 1.7000000476837158
endloop
endfacet
facet normal 0 1 0
outer loop
vertex -15.050000190734863 -10.484726905822754 0
vertex -15.75 -10.484726905822754 0
vertex -15.75 -10.484726905822754 1.7000000476837158
endloop
endfacet
facet normal 0 1 0
outer loop
vertex -15.050000190734863 -10.484726905822754 1.7000000476837158
vertex -15.050000190734863 -10.484726905822754 0
vertex -15.75 -10.484726905822754 1.7000000476837158
endloop
endfacet
facet normal 1 0 0
outer loop
vertex -15.75 -10.484726905822754 0
vertex -15.75 -3.484726667404175 0
vertex -15.75 -3.484726667404175 1.7000000476837158
endloop
endfacet
facet normal 0 -1 0
outer loop
vertex -15.75 -3.484726667404175 1.7000000476837158
vertex -15.75 -3.484726667404175 0
vertex -15.050000190734863 -3.484726667404175 0
endloop
endfacet
facet normal 0 1 0
outer loop
vertex -0.25 -10.484726905822754 0
vertex -0.949999988079071 -10.484726905822754 0
vertex -0.25 -10.484726905822754 1.7000000476837158
endloop
endfacet
facet normal -1 0 0
outer loop
vertex -0.25 -3.484726667404175 0
vertex -0.25 -10.484726905822754 0
vertex -0.25 -10.484726905822754 1.7000000476837158
endloop
endfacet
facet normal 0 -1 0
outer loop
vertex -15.75 -3.484726667404175 1.7000000476837158
vertex -15.050000190734863 -3.484726667404175 0
vertex -15.050000190734863 -3.484726667404175 1.7000000476837158
endloop
endfacet
facet normal 0 0 -1
outer loop
vertex -15.050000190734863 -10.484726905822754 1.7000000476837158
vertex -15.75 -3.484726667404175 1.7000000476837158
vertex -15.050000190734863 -3.484726667404175 1.7000000476837158
endloop
endfacet
facet normal -1 0 0
outer loop
vertex -0.25 -3.484726667404175 1.7000000476837158
vertex -0.25 -3.484726667404175 0
vertex -0.25 -10.484726905822754 1.7000000476837158
endloop
endfacet
facet normal 1 0 0
outer loop
vertex -15.75 -10.484726905822754 1.7000000476837158
vertex -15.75 -10.484726905822754 0
vertex -15.75 -3.484726667404175 1.7000000476837158
endloop
endfacet
facet normal 0 0 -1
outer loop
vertex -16.25 -3.484726667404175 1.7000000476837158
vertex -16.950000762939453 -10.484726905822754 1.7000000476837158
vertex -16.950000762939453 -3.484726667404175 1.7000000476837158
endloop
endfacet
facet normal 1 0 0
outer loop
vertex -31.75 -10.484726905822754 1.7000000476837158
vertex -31.75 -10.484726905822754 0
vertex -31.75 -3.484726667404175 1.7000000476837158
endloop
endfacet
facet normal 0 1 0
outer loop
vertex -31.049999237060547 -10.484726905822754 1.7000000476837158
vertex -31.049999237060547 -10.484726905822754 0
vertex -31.75 -10.484726905822754 1.7000000476837158
endloop
endfacet
facet normal 0 -1 0
outer loop
vertex -31.75 -3.484726667404175 1.7000000476837158
vertex -31.75 -3.484726667404175 0
vertex -31.049999237060547 -3.484726667404175 0
endloop
endfacet
facet normal 1 0 0
outer loop
vertex -31.75 -10.484726905822754 0
vertex -31.75 -3.484726667404175 0
vertex -31.75 -3.484726667404175 1.7000000476837158
endloop
endfacet
facet normal 0 0 -1
outer loop
vertex -31.049999237060547 -10.484726905822754 1.7000000476837158
vertex -31.75 -10.484726905822754 1.7000000476837158
vertex -31.75 -3.484726667404175 1.7000000476837158
endloop
endfacet
facet normal 0 1 0
outer loop
vertex -31.049999237060547 -10.484726905822754 0
vertex -31.75 -10.484726905822754 0
vertex -31.75 -10.484726905822754 1.7000000476837158
endloop
endfacet
facet normal 0 -1 0
outer loop
vertex -16.25 -3.484726667404175 0
vertex -16.25 -3.484726667404175 1.7000000476837158
vertex -16.950000762939453 -3.484726667404175 0
endloop
endfacet
facet normal 0 -1 0
outer loop
vertex -16.950000762939453 -3.484726667404175 1.7000000476837158
vertex -16.950000762939453 -3.484726667404175 0
vertex -16.25 -3.484726667404175 1.7000000476837158
endloop
endfacet
facet normal -1 0 0
outer loop
vertex -16.25 -3.484726667404175 0
vertex -16.25 -10.484726905822754 0
vertex -16.25 -10.484726905822754 1.7000000476837158
endloop
endfacet
facet normal 0 1 0
outer loop
vertex -16.25 -10.484726905822754 1.7000000476837158
vertex -16.950000762939453 -10.484726905822754 0
vertex -16.950000762939453 -10.484726905822754 1.7000000476837158
endloop
endfacet
facet normal -1 0 0
outer loop
vertex -16.25 -3.484726667404175 1.7000000476837158
vertex -16.25 -3.484726667404175 0
vertex -16.25 -10.484726905822754 1.7000000476837158
endloop
endfacet
facet normal 0 -1 0
outer loop
vertex -31.75 -3.484726667404175 1.7000000476837158
vertex -31.049999237060547 -3.484726667404175 0
vertex -31.049999237060547 -3.484726667404175 1.7000000476837158
endloop
endfacet
facet normal 0 1 0
outer loop
vertex -16.25 -10.484726905822754 0
vertex -16.950000762939453 -10.484726905822754 0
vertex -16.25 -10.484726905822754 1.7000000476837158
endloop
endfacet
facet normal 0 0 -1
outer loop
vertex -31.049999237060547 -3.484726667404175 1.7000000476837158
vertex -31.049999237060547 -10.484726905822754 1.7000000476837158
vertex -31.75 -3.484726667404175 1.7000000476837158
endloop
endfacet
facet normal 0 0 -1
outer loop
vertex -16.25 -10.484726905822754 1.7000000476837158
vertex -16.950000762939453 -10.484726905822754 1.7000000476837158
vertex -16.25 -3.484726667404175 1.7000000476837158
endloop
endfacet
facet normal 0 0 -1
outer loop
vertex -47.04999923706055 -10.484726905822754 1.7000000476837158
vertex -47.75 -10.484726905822754 1.7000000476837158
vertex -47.75 -3.484726667404175 1.7000000476837158
endloop
endfacet
facet normal 0 -1 0
outer loop
vertex -47.75 -3.484726667404175 1.7000000476837158
vertex -47.75 -3.484726667404175 0
vertex -47.04999923706055 -3.484726667404175 0
endloop
endfacet
facet normal 0 -1 0
outer loop
vertex -47.75 -3.484726667404175 1.7000000476837158
vertex -47.04999923706055 -3.484726667404175 0
vertex -47.04999923706055 -3.484726667404175 1.7000000476837158
endloop
endfacet
facet normal 0 0 -1
outer loop
vertex -47.04999923706055 -3.484726667404175 1.7000000476837158
vertex -47.04999923706055 -10.484726905822754 1.7000000476837158
vertex -47.75 -3.484726667404175 1.7000000476837158
endloop
endfacet
facet normal 0 0 -1
outer loop
vertex -32.25 -3.484726667404175 1.7000000476837158
vertex -32.95000076293945 -10.484726905822754 1.7000000476837158
vertex -32.95000076293945 -3.484726667404175 1.7000000476837158
endloop
endfacet
facet normal 0 1 0
outer loop
vertex -47.04999923706055 -10.484726905822754 1.7000000476837158
vertex -47.04999923706055 -10.484726905822754 0
vertex -47.75 -10.484726905822754 1.7000000476837158
endloop
endfacet
facet normal 0 1 0
outer loop
vertex -32.25 -10.484726905822754 1.7000000476837158
vertex -32.95000076293945 -10.484726905822754 0
vertex -32.95000076293945 -10.484726905822754 1.7000000476837158
endloop
endfacet
facet normal 0 0 -1
outer loop
vertex -32.25 -10.484726905822754 1.7000000476837158
vertex -32.95000076293945 -10.484726905822754 1.7000000476837158
vertex -32.25 -3.484726667404175 1.7000000476837158
endloop
endfacet
facet normal 0 1 0
outer loop
vertex -47.04999923706055 -10.484726905822754 0
vertex -47.75 -10.484726905822754 0
vertex -47.75 -10.484726905822754 1.7000000476837158
endloop
endfacet
facet normal 1 0 0
outer loop
vertex -47.75 -10.484726905822754 1.7000000476837158
vertex -47.75 -10.484726905822754 0
vertex -47.75 -3.484726667404175 1.7000000476837158
endloop
endfacet
facet normal 0 -1 0
outer loop
vertex -32.25 -3.484726667404175 0
vertex -32.25 -3.484726667404175 1.7000000476837158
vertex -32.95000076293945 -3.484726667404175 0
endloop
endfacet
facet normal 1 0 0
outer loop
vertex -47.75 -10.484726905822754 0
vertex -47.75 -3.484726667404175 0
vertex -47.75 -3.484726667404175 1.7000000476837158
endloop
endfacet
facet normal -1 0 0
outer loop
vertex -32.25 -3.484726667404175 0
vertex -32.25 -10.484726905822754 0
vertex -32.25 -10.484726905822754 1.7000000476837158
endloop
endfacet
facet normal -1 0 0
outer loop
vertex -32.25 -3.484726667404175 1.7000000476837158
vertex -32.25 -3.484726667404175 0
vertex -32.25 -10.484726905822754 1.7000000476837158
endloop
endfacet
facet normal 0 -1 0
outer loop
vertex -32.95000076293945 -3.484726667404175 1.7000000476837158
vertex -32.95000076293945 -3.484726667404175 0
vertex -32.25 -3.484726667404175 1.7000000476837158
endloop
endfacet
facet normal 0 1 0
outer loop
vertex -32.25 -10.484726905822754 0
vertex -32.95000076293945 -10.484726905822754 0
vertex -32.25 -10.484726905822754 1.7000000476837158
endloop
endfacet
facet normal 0 1 0
outer loop
vertex 32.95000076293945 5.515273094177246 1.7000000476837158
vertex 32.95000076293945 5.515273094177246 0
vertex 32.25 5.515273094177246 1.7000000476837158
endloop
endfacet
facet normal 0 1 0
outer loop
vertex 47.75 5.515273094177246 1.7000000476837158
vertex 47.04999923706055 5.515273094177246 0
vertex 47.04999923706055 5.515273094177246 1.7000000476837158
endloop
endfacet
facet normal 0 1 0
outer loop
vertex 32.95000076293945 5.515273094177246 0
vertex 32.25 5.515273094177246 0
vertex 32.25 5.515273094177246 1.7000000476837158
endloop
endfacet
facet normal -1 0 0
outer loop
vertex 47.75 5.515273094177246 0
vertex 47.75 5.515273094177246 1.7000000476837158
vertex 47.75 12.515273094177246 0
endloop
endfacet
facet normal 0 -1 0
outer loop
vertex 47.04999923706055 12.515273094177246 0
vertex 47.75 12.515273094177246 0
vertex 47.75 12.515273094177246 1.7000000476837158
endloop
endfacet
facet normal 0 0 -1
outer loop
vertex 47.75 5.515273094177246 1.7000000476837158
vertex 47.04999923706055 5.515273094177246 1.7000000476837158
vertex 47.75 12.515273094177246 1.7000000476837158
endloop
endfacet
facet normal 0 -1 0
outer loop
vertex 47.04999923706055 12.515273094177246 1.7000000476837158
vertex 47.04999923706055 12.515273094177246 0
vertex 47.75 12.515273094177246 1.7000000476837158
endloop
endfacet
facet normal -1 0 0
outer loop
vertex 47.75 12.515273094177246 1.7000000476837158
vertex 47.75 12.515273094177246 0
vertex 47.75 5.515273094177246 1.7000000476837158
endloop
endfacet
facet normal 0 0 -1
outer loop
vertex 47.75 12.515273094177246 1.7000000476837158
vertex 47.04999923706055 5.515273094177246 1.7000000476837158
vertex 47.04999923706055 12.515273094177246 1.7000000476837158
endloop
endfacet
facet normal 1 0 0
outer loop
vertex 32.25 5.515273094177246 0
vertex 32.25 12.515273094177246 0
vertex 32.25 12.515273094177246 1.7000000476837158
endloop
endfacet
facet normal 0 0 -1
outer loop
vertex 32.95000076293945 12.515273094177246 1.7000000476837158
vertex 32.95000076293945 5.515273094177246 1.7000000476837158
vertex 32.25 12.515273094177246 1.7000000476837158
endloop
endfacet
facet normal 0 -1 0
outer loop
vertex 32.25 12.515273094177246 1.7000000476837158
vertex 32.25 12.515273094177246 0
vertex 32.95000076293945 12.515273094177246 0
endloop
endfacet
facet normal 0 -1 0
outer loop
vertex 32.25 12.515273094177246 1.7000000476837158
vertex 32.95000076293945 12.515273094177246 0
vertex 32.95000076293945 12.515273094177246 1.7000000476837158
endloop
endfacet
facet normal 0 0 -1
outer loop
vertex 32.95000076293945 5.515273094177246 1.7000000476837158
vertex 32.25 5.515273094177246 1.7000000476837158
vertex 32.25 12.515273094177246 1.7000000476837158
endloop
endfacet
facet normal 1 0 0
outer loop
vertex 32.25 5.515273094177246 1.7000000476837158
vertex 32.25 5.515273094177246 0
vertex 32.25 12.515273094177246 1.7000000476837158
endloop
endfacet
facet normal 0 1 0
outer loop
vertex 47.75 5.515273094177246 0
vertex 47.04999923706055 5.515273094177246 0
vertex 47.75 5.515273094177246 1.7000000476837158
endloop
endfacet
facet normal 1 0 0
outer loop
vertex 16.25 5.515273094177246 0
vertex 16.25 12.515273094177246 0
vertex 16.25 12.515273094177246 1.7000000476837158
endloop
endfacet
facet normal 0 1 0
outer loop
vertex 16.950000762939453 5.515273094177246 1.7000000476837158
vertex 16.950000762939453 5.515273094177246 0
vertex 16.25 5.515273094177246 1.7000000476837158
endloop
endfacet
facet normal 0 0 -1
outer loop
vertex 31.75 12.515273094177246 1.7000000476837158
vertex 31.049999237060547 5.515273094177246 1.7000000476837158
vertex 31.049999237060547 12.515273094177246 1.7000000476837158
endloop
endfacet
facet normal 0 1 0
outer loop
vertex 16.950000762939453 5.515273094177246 0
vertex 16.25 5.515273094177246 0
vertex 16.25 5.515273094177246 1.7000000476837158
endloop
endfacet
facet normal 0 -1 0
outer loop
vertex 31.049999237060547 12.515273094177246 1.7000000476837158
vertex 31.049999237060547 12.515273094177246 0
vertex 31.75 12.515273094177246 1.7000000476837158
endloop
endfacet
facet normal -1 0 0
outer loop
vertex 31.75 12.515273094177246 1.7000000476837158
vertex 31.75 12.515273094177246 0
vertex 31.75 5.515273094177246 1.7000000476837158
endloop
endfacet
facet normal 0 0 -1
outer loop
vertex 31.75 5.515273094177246 1.7000000476837158
vertex 31.049999237060547 5.515273094177246 1.7000000476837158
vertex 31.75 12.515273094177246 1.7000000476837158
endloop
endfacet
facet normal 0 1 0
outer loop
vertex 31.75 5.515273094177246 1.7000000476837158
vertex 31.049999237060547 5.515273094177246 0
vertex 31.049999237060547 5.515273094177246 1.7000000476837158
endloop
endfacet
facet normal 0 0 -1
outer loop
vertex 16.950000762939453 12.515273094177246 1.7000000476837158
vertex 16.950000762939453 5.515273094177246 1.7000000476837158
vertex 16.25 12.515273094177246 1.7000000476837158
endloop
endfacet
facet normal 0 -1 0
outer loop
vertex 16.25 12.515273094177246 1.7000000476837158
vertex 16.25 12.515273094177246 0
vertex 16.950000762939453 12.515273094177246 0
endloop
endfacet
facet normal 0 -1 0
outer loop
vertex 16.25 12.515273094177246 1.7000000476837158
vertex 16.950000762939453 12.515273094177246 0
vertex 16.950000762939453 12.515273094177246 1.7000000476837158
endloop
endfacet
facet normal 0 1 0
outer loop
vertex 31.75 5.515273094177246 0
vertex 31.049999237060547 5.515273094177246 0
vertex 31.75 5.515273094177246 1.7000000476837158
endloop
endfacet
facet normal -1 0 0
outer loop
vertex 31.75 12.515273094177246 0
vertex 31.75 5.515273094177246 0
vertex 31.75 5.515273094177246 1.7000000476837158
endloop
endfacet
facet normal 0 0 -1
outer loop
vertex 16.950000762939453 5.515273094177246 1.7000000476837158
vertex 16.25 5.515273094177246 1.7000000476837158
vertex 16.25 12.515273094177246 1.7000000476837158
endloop
endfacet
facet normal 0 -1 0
outer loop
vertex 31.75 12.515273094177246 0
vertex 31.75 12.515273094177246 1.7000000476837158
vertex 31.049999237060547 12.515273094177246 0
endloop
endfacet
facet normal 1 0 0
outer loop
vertex 16.25 5.515273094177246 1.7000000476837158
vertex 16.25 5.515273094177246 0
vertex 16.25 12.515273094177246 1.7000000476837158
endloop
endfacet
facet normal 0 1 0
outer loop
vertex 0.949999988079071 5.515273094177246 0
vertex 0.25 5.515273094177246 0
vertex 0.25 5.515273094177246 1.7000000476837158
endloop
endfacet
facet normal 0 1 0
outer loop
vertex 15.75 5.515273094177246 1.7000000476837158
vertex 15.050000190734863 5.515273094177246 0
vertex 15.050000190734863 5.515273094177246 1.7000000476837158
endloop
endfacet
facet normal 0 0 -1
outer loop
vertex 0.949999988079071 12.515273094177246 1.7000000476837158
vertex 0.949999988079071 5.515273094177246 1.7000000476837158
vertex 0.25 12.515273094177246 1.7000000476837158
endloop
endfacet
facet normal 0 -1 0
outer loop
vertex 0.25 12.515273094177246 1.7000000476837158
vertex 0.949999988079071 12.515273094177246 0
vertex 0.949999988079071 12.515273094177246 1.7000000476837158
endloop
endfacet
facet normal 0 0 -1
outer loop
vertex 0.949999988079071 5.515273094177246 1.7000000476837158
vertex 0.25 5.515273094177246 1.7000000476837158
vertex 0.25 12.515273094177246 1.7000000476837158
endloop
endfacet
facet normal 0 1 0
outer loop
vertex 0.949999988079071 5.515273094177246 1.7000000476837158
vertex 0.949999988079071 5.515273094177246 0
vertex 0.25 5.515273094177246 1.7000000476837158
endloop
endfacet
facet normal 0 0 -1
outer loop
vertex 15.75 5.515273094177246 1.7000000476837158
vertex 15.050000190734863 5.515273094177246 1.7000000476837158
vertex 15.75 12.515273094177246 1.7000000476837158
endloop
endfacet
facet normal -1 0 0
outer loop
vertex 15.75 12.515273094177246 1.7000000476837158
vertex 15.75 12.515273094177246 0
vertex 15.75 5.515273094177246 1.7000000476837158
endloop
endfacet
facet normal 0 -1 0
outer loop
vertex 15.050000190734863 12.515273094177246 1.7000000476837158
vertex 15.050000190734863 12.515273094177246 0
vertex 15.75 12.515273094177246 1.7000000476837158
endloop
endfacet
facet normal 0 0 -1
outer loop
vertex 15.75 12.515273094177246 1.7000000476837158
vertex 15.050000190734863 5.515273094177246 1.7000000476837158
vertex 15.050000190734863 12.515273094177246 1.7000000476837158
endloop
endfacet
facet normal 0 -1 0
outer loop
vertex 15.75 12.515273094177246 0
vertex 15.75 12.515273094177246 1.7000000476837158
vertex 15.050000190734863 12.515273094177246 0
endloop
endfacet
facet normal -1 0 0
outer loop
vertex 15.75 12.515273094177246 0
vertex 15.75 5.515273094177246 0
vertex 15.75 5.515273094177246 1.7000000476837158
endloop
endfacet
facet normal 1 0 0
outer loop
vertex 0.25 5.515273094177246 1.7000000476837158
vertex 0.25 5.515273094177246 0
vertex 0.25 12.515273094177246 1.7000000476837158
endloop
endfacet
facet normal 0 1 0
outer loop
vertex 15.75 5.515273094177246 0
vertex 15.050000190734863 5.515273094177246 0
vertex 15.75 5.515273094177246 1.7000000476837158
endloop
endfacet
facet normal 0 -1 0
outer loop
vertex 0.25 12.515273094177246 1.7000000476837158
vertex 0.25 12.515273094177246 0
vertex 0.949999988079071 12.515273094177246 0
endloop
endfacet
facet normal 1 0 0
outer loop
vertex 0.25 5.515273094177246 0
vertex 0.25 12.515273094177246 0
vertex 0.25 12.515273094177246 1.7000000476837158
endloop
endfacet
facet normal 1 0 0
outer loop
vertex -15.75 5.515273094177246 0
vertex -15.75 12.515273094177246 0
vertex -15.75 12.515273094177246 1.7000000476837158
endloop
endfacet
facet normal 0 1 0
outer loop
vertex -15.050000190734863 5.515273094177246 1.7000000476837158
vertex -15.050000190734863 5.515273094177246 0
vertex -15.75 5.515273094177246 1.7000000476837158
endloop
endfacet
facet normal 0 1 0
outer loop
vertex -0.25 5.515273094177246 0
vertex -0.949999988079071 5.515273094177246 0
vertex -0.25 5.515273094177246 1.7000000476837158
endloop
endfacet
facet normal 0 1 0
outer loop
vertex -0.25 5.515273094177246 1.7000000476837158
vertex -0.949999988079071 5.515273094177246 0
vertex -0.949999988079071 5.515273094177246 1.7000000476837158
endloop
endfacet
facet normal -1 0 0
outer loop
vertex -0.25 12.515273094177246 0
vertex -0.25 5.515273094177246 0
vertex -0.25 5.515273094177246 1.7000000476837158
endloop
endfacet
facet normal 0 -1 0
outer loop
vertex -15.75 12.515273094177246 1.7000000476837158
vertex -15.75 12.515273094177246 0
vertex -15.050000190734863 12.515273094177246 0
endloop
endfacet
facet normal 0 1 0
outer loop
vertex -15.050000190734863 5.515273094177246 0
vertex -15.75 5.515273094177246 0
vertex -15.75 5.515273094177246 1.7000000476837158
endloop
endfacet
facet normal 0 0 -1
outer loop
vertex -0.25 5.515273094177246 1.7000000476837158
vertex -0.949999988079071 5.515273094177246 1.7000000476837158
vertex -0.25 12.515273094177246 1.7000000476837158
endloop
endfacet
facet normal 0 0 -1
outer loop
vertex -15.050000190734863 5.515273094177246 1.7000000476837158
vertex -15.75 12.515273094177246 1.7000000476837158
vertex -15.050000190734863 12.515273094177246 1.7000000476837158
endloop
endfacet
facet normal 0 -1 0
outer loop
vertex -15.75 12.515273094177246 1.7000000476837158
vertex -15.050000190734863 12.515273094177246 0
vertex -15.050000190734863 12.515273094177246 1.7000000476837158
endloop
endfacet
facet normal 0 0 -1
outer loop
vertex -15.050000190734863 5.515273094177246 1.7000000476837158
vertex -15.75 5.515273094177246 1.7000000476837158
vertex -15.75 12.515273094177246 1.7000000476837158
endloop
endfacet
facet normal -1 0 0
outer loop
vertex -0.25 12.515273094177246 1.7000000476837158
vertex -0.25 12.515273094177246 0
vertex -0.25 5.515273094177246 1.7000000476837158
endloop
endfacet
facet normal 0 -1 0
outer loop
vertex -0.949999988079071 12.515273094177246 1.7000000476837158
vertex -0.949999988079071 12.515273094177246 0
vertex -0.25 12.515273094177246 1.7000000476837158
endloop
endfacet
facet normal 0 0 -1
outer loop
vertex -0.25 12.515273094177246 1.7000000476837158
vertex -0.949999988079071 5.515273094177246 1.7000000476837158
vertex -0.949999988079071 12.515273094177246 1.7000000476837158
endloop
endfacet
facet normal 0 -1 0
outer loop
vertex -0.25 12.515273094177246 0
vertex -0.25 12.515273094177246 1.7000000476837158
vertex -0.949999988079071 12.515273094177246 0
endloop
endfacet
facet normal 1 0 0
outer loop
vertex -15.75 5.515273094177246 1.7000000476837158
vertex -15.75 5.515273094177246 0
vertex -15.75 12.515273094177246 1.7000000476837158
endloop
endfacet
facet normal 0 1 0
outer loop
vertex -16.25 5.515273094177246 0
vertex -16.950000762939453 5.515273094177246 0
vertex -16.25 5.515273094177246 1.7000000476837158
endloop
endfacet
facet normal 0 0 -1
outer loop
vertex -31.049999237060547 12.515273094177246 1.7000000476837158
vertex -31.049999237060547 5.515273094177246 1.7000000476837158
vertex -31.75 12.515273094177246 1.7000000476837158
endloop
endfacet
facet normal 0 -1 0
outer loop
vertex -31.75 12.515273094177246 1.7000000476837158
vertex -31.049999237060547 12.515273094177246 0
vertex -31.049999237060547 12.515273094177246 1.7000000476837158
endloop
endfacet
facet normal 0 -1 0
outer loop
vertex -16.25 12.515273094177246 0
vertex -16.25 12.515273094177246 1.7000000476837158
vertex -16.950000762939453 12.515273094177246 0
endloop
endfacet
facet normal 0 1 0
outer loop
vertex -31.049999237060547 5.515273094177246 0
vertex -31.75 5.515273094177246 0
vertex -31.75 5.515273094177246 1.7000000476837158
endloop
endfacet
facet normal 0 0 -1
outer loop
vertex -31.049999237060547 5.515273094177246 1.7000000476837158
vertex -31.75 5.515273094177246 1.7000000476837158
vertex -31.75 12.515273094177246 1.7000000476837158
endloop
endfacet
facet normal -1 0 0
outer loop
vertex -16.25 12.515273094177246 0
vertex -16.25 5.515273094177246 0
vertex -16.25 5.515273094177246 1.7000000476837158
endloop
endfacet
facet normal 1 0 0
outer loop
vertex -31.75 5.515273094177246 1.7000000476837158
vertex -31.75 5.515273094177246 0
vertex -31.75 12.515273094177246 1.7000000476837158
endloop
endfacet
facet normal 0 1 0
outer loop
vertex -31.049999237060547 5.515273094177246 1.7000000476837158
vertex -31.049999237060547 5.515273094177246 0
vertex -31.75 5.515273094177246 1.7000000476837158
endloop
endfacet
facet normal 0 0 -1
outer loop
vertex -16.25 12.515273094177246 1.7000000476837158
vertex -16.950000762939453 5.515273094177246 1.7000000476837158
vertex -16.950000762939453 12.515273094177246 1.7000000476837158
endloop
endfacet
facet normal 1 0 0
outer loop
vertex -31.75 5.515273094177246 0
vertex -31.75 12.515273094177246 0
vertex -31.75 12.515273094177246 1.7000000476837158
endloop
endfacet
facet normal 0 -1 0
outer loop
vertex -31.75 12.515273094177246 1.7000000476837158
vertex -31.75 12.515273094177246 0
vertex -31.049999237060547 12.515273094177246 0
endloop
endfacet
facet normal 0 -1 0
outer loop
vertex -16.950000762939453 12.515273094177246 1.7000000476837158
vertex -16.950000762939453 12.515273094177246 0
vertex -16.25 12.515273094177246 1.7000000476837158
endloop
endfacet
facet normal -1 0 0
outer loop
vertex -16.25 12.515273094177246 1.7000000476837158
vertex -16.25 12.515273094177246 0
vertex -16.25 5.515273094177246 1.7000000476837158
endloop
endfacet
facet normal 0 0 -1
outer loop
vertex -16.25 5.515273094177246 1.7000000476837158
vertex -16.950000762939453 5.515273094177246 1.7000000476837158
vertex -16.25 12.515273094177246 1.7000000476837158
endloop
endfacet
facet normal 0 1 0
outer loop
vertex -16.25 5.515273094177246 1.7000000476837158
vertex -16.950000762939453 5.515273094177246 0
vertex -16.950000762939453 5.515273094177246 1.7000000476837158
endloop
endfacet
facet normal 0 -1 0
outer loop
vertex -47.75 12.515273094177246 1.7000000476837158
vertex -47.04999923706055 12.515273094177246 0
vertex -47.04999923706055 12.515273094177246 1.7000000476837158
endloop
endfacet
facet normal 0 0 -1
outer loop
vertex -32.25 12.515273094177246 1.7000000476837158
vertex -32.95000076293945 5.515273094177246 1.7000000476837158
vertex -32.95000076293945 12.515273094177246 1.7000000476837158
endloop
endfacet
facet normal -1 0 0
outer loop
vertex -32.25 12.515273094177246 1.7000000476837158
vertex -32.25 12.515273094177246 0
vertex -32.25 5.515273094177246 1.7000000476837158
endloop
endfacet
facet normal 0 -1 0
outer loop
vertex -32.95000076293945 12.515273094177246 1.7000000476837158
vertex -32.95000076293945 12.515273094177246 0
vertex -32.25 12.515273094177246 1.7000000476837158
endloop
endfacet
facet normal -1 0 0
outer loop
vertex -32.25 12.515273094177246 0
vertex -32.25 5.515273094177246 0
vertex -32.25 5.515273094177246 1.7000000476837158
endloop
endfacet
facet normal 0 0 -1
outer loop
vertex -32.25 5.515273094177246 1.7000000476837158
vertex -32.95000076293945 5.515273094177246 1.7000000476837158
vertex -32.25 12.515273094177246 1.7000000476837158
endloop
endfacet
facet normal 0 1 0
outer loop
vertex -32.25 5.515273094177246 0
vertex -32.95000076293945 5.515273094177246 0
vertex -32.25 5.515273094177246 1.7000000476837158
endloop
endfacet
facet normal 0 1 0
outer loop
vertex -32.25 5.515273094177246 1.7000000476837158
vertex -32.95000076293945 5.515273094177246 0
vertex -32.95000076293945 5.515273094177246 1.7000000476837158
endloop
endfacet
facet normal 0 -1 0
outer loop
vertex -32.25 12.515273094177246 0
vertex -32.25 12.515273094177246 1.7000000476837158
vertex -32.95000076293945 12.515273094177246 0
endloop
endfacet
facet normal 0 -1 0
outer loop
vertex -47.75 12.515273094177246 1.7000000476837158
vertex -47.75 12.515273094177246 0
vertex -47.04999923706055 12.515273094177246 0
endloop
endfacet
facet normal 0 1 0
outer loop
vertex -47.04999923706055 5.515273094177246 1.7000000476837158
vertex -47.04999923706055 5.515273094177246 0
vertex -47.75 5.515273094177246 1.7000000476837158
endloop
endfacet
facet normal 1 0 0
outer loop
vertex -47.75 5.515273094177246 1.7000000476837158
vertex -47.75 5.515273094177246 0
vertex -47.75 12.515273094177246 1.7000000476837158
endloop
endfacet
facet normal 0 0 -1
outer loop
vertex -47.04999923706055 12.515273094177246 1.7000000476837158
vertex -47.04999923706055 5.515273094177246 1.7000000476837158
vertex -47.75 12.515273094177246 1.7000000476837158
endloop
endfacet
facet normal 0 1 0
outer loop
vertex -47.04999923706055 5.515273094177246 0
vertex -47.75 5.515273094177246 0
vertex -47.75 5.515273094177246 1.7000000476837158
endloop
endfacet
facet normal 0 0 -1
outer loop
vertex -47.04999923706055 5.515273094177246 1.7000000476837158
vertex -47.75 5.515273094177246 1.7000000476837158
vertex -47.75 12.515273094177246 1.7000000476837158
endloop
endfacet
facet normal 1 0 0
outer loop
vertex -47.75 5.515273094177246 0
vertex -47.75 12.515273094177246 0
vertex -47.75 12.515273094177246 1.7000000476837158
endloop
endfacet
facet normal 1 0 0
outer loop
vertex 32.25 21.515274047851562 0
vertex 32.25 28.515274047851562 0
vertex 32.25 28.515274047851562 1.7000000476837158
endloop
endfacet
facet normal 0 -1 0
outer loop
vertex 32.25 28.515274047851562 1.7000000476837158
vertex 32.95000076293945 28.515274047851562 0
vertex 32.95000076293945 28.515274047851562 1.7000000476837158
endloop
endfacet
facet normal 0 -1 0
outer loop
vertex 47.04999923706055 28.515274047851562 1.7000000476837158
vertex 47.75 28.515274047851562 0
vertex 47.75 28.515274047851562 1.7000000476837158
endloop
endfacet
facet normal 0 0 -1
outer loop
vertex 47.75 28.515274047851562 1.7000000476837158
vertex 47.04999923706055 21.515274047851562 1.7000000476837158
vertex 47.04999923706055 28.515274047851562 1.7000000476837158
endloop
endfacet
facet normal 0 0 -1
outer loop
vertex 47.75 21.515274047851562 1.7000000476837158
vertex 47.04999923706055 21.515274047851562 1.7000000476837158
vertex 47.75 28.515274047851562 1.7000000476837158
endloop
endfacet
facet normal -1 0 0
outer loop
vertex 47.75 28.515274047851562 0
vertex 47.75 21.515274047851562 1.7000000476837158
vertex 47.75 28.515274047851562 1.7000000476837158
endloop
endfacet
facet normal 0 1 0
outer loop
vertex 47.75 21.515274047851562 1.7000000476837158
vertex 47.04999923706055 21.515274047851562 0
vertex 47.04999923706055 21.515274047851562 1.7000000476837158
endloop
endfacet
facet normal 0 1 0
outer loop
vertex 32.95000076293945 21.515274047851562 0
vertex 32.25 21.515274047851562 0
vertex 32.25 21.515274047851562 1.7000000476837158
endloop
endfacet
facet normal 1 0 0
outer loop
vertex 32.25 21.515274047851562 1.7000000476837158
vertex 32.25 21.515274047851562 0
vertex 32.25 28.515274047851562 1.7000000476837158
endloop
endfacet
facet normal 0 -1 0
outer loop
vertex 47.04999923706055 28.515274047851562 0
vertex 47.75 28.515274047851562 0
vertex 47.04999923706055 28.515274047851562 1.7000000476837158
endloop
endfacet
facet normal 0 -1 0
outer loop
vertex 32.25 28.515274047851562 1.7000000476837158
vertex 32.25 28.515274047851562 0
vertex 32.95000076293945 28.515274047851562 0
endloop
endfacet
facet normal -1 0 0
outer loop
vertex 47.75 21.515274047851562 0
vertex 47.75 21.515274047851562 1.7000000476837158
vertex 47.75 28.515274047851562 0
endloop
endfacet
facet normal 0 0 -1
outer loop
vertex 32.95000076293945 28.515274047851562 1.7000000476837158
vertex 32.95000076293945 21.515274047851562 1.7000000476837158
vertex 32.25 28.515274047851562 1.7000000476837158
endloop
endfacet
facet normal 0 1 0
outer loop
vertex 47.75 21.515274047851562 0
vertex 47.04999923706055 21.515274047851562 0
vertex 47.75 21.515274047851562 1.7000000476837158
endloop
endfacet
facet normal 0 0 -1
outer loop
vertex 32.95000076293945 21.515274047851562 1.7000000476837158
vertex 32.25 21.515274047851562 1.7000000476837158
vertex 32.25 28.515274047851562 1.7000000476837158
endloop
endfacet
facet normal 0 1 0
outer loop
vertex 32.95000076293945 21.515274047851562 1.7000000476837158
vertex 32.95000076293945 21.515274047851562 0
vertex 32.25 21.515274047851562 1.7000000476837158
endloop
endfacet
facet normal 1 0 0
outer loop
vertex 16.25 21.515274047851562 0
vertex 16.25 28.515274047851562 0
vertex 16.25 28.515274047851562 1.7000000476837158
endloop
endfacet
facet normal 0 1 0
outer loop
vertex 31.75 21.515274047851562 1.7000000476837158
vertex 31.049999237060547 21.515274047851562 0
vertex 31.049999237060547 21.515274047851562 1.7000000476837158
endloop
endfacet
facet normal 0 0 -1
outer loop
vertex 16.950000762939453 21.515274047851562 1.7000000476837158
vertex 16.25 21.515274047851562 1.7000000476837158
vertex 16.25 28.515274047851562 1.7000000476837158
endloop
endfacet
facet normal 0 0 -1
outer loop
vertex 16.950000762939453 28.515274047851562 1.7000000476837158
vertex 16.950000762939453 21.515274047851562 1.7000000476837158
vertex 16.25 28.515274047851562 1.7000000476837158
endloop
endfacet
facet normal 0 0 -1
outer loop
vertex 31.75 21.515274047851562 1.7000000476837158
vertex 31.049999237060547 21.515274047851562 1.7000000476837158
vertex 31.75 28.515274047851562 1.7000000476837158
endloop
endfacet
facet normal 0 1 0
outer loop
vertex 16.950000762939453 21.515274047851562 0
vertex 16.25 21.515274047851562 0
vertex 16.25 21.515274047851562 1.7000000476837158
endloop
endfacet
facet normal 0 1 0
outer loop
vertex 31.75 21.515274047851562 0
vertex 31.049999237060547 21.515274047851562 0
vertex 31.75 21.515274047851562 1.7000000476837158
endloop
endfacet
facet normal 0 -1 0
outer loop
vertex 31.049999237060547 28.515274047851562 1.7000000476837158
vertex 31.049999237060547 28.515274047851562 0
vertex 31.75 28.515274047851562 1.7000000476837158
endloop
endfacet
facet normal 0 -1 0
outer loop
vertex 16.25 28.515274047851562 1.7000000476837158
vertex 16.950000762939453 28.515274047851562 0
vertex 16.950000762939453 28.515274047851562 1.7000000476837158
endloop
endfacet
facet normal -1 0 0
outer loop
vertex 31.75 28.515274047851562 0
vertex 31.75 21.515274047851562 0
vertex 31.75 21.515274047851562 1.7000000476837158
endloop
endfacet
facet normal 1 0 0
outer loop
vertex 16.25 21.515274047851562 1.7000000476837158
vertex 16.25 21.515274047851562 0
vertex 16.25 28.515274047851562 1.7000000476837158
endloop
endfacet
facet normal -1 0 0
outer loop
vertex 31.75 28.515274047851562 1.7000000476837158
vertex 31.75 28.515274047851562 0
vertex 31.75 21.515274047851562 1.7000000476837158
endloop
endfacet
facet normal 0 -1 0
outer loop
vertex 16.25 28.515274047851562 1.7000000476837158
vertex 16.25 28.515274047851562 0
vertex 16.950000762939453 28.515274047851562 0
endloop
endfacet
facet normal 0 -1 0
outer loop
vertex 31.75 28.515274047851562 0
vertex 31.75 28.515274047851562 1.7000000476837158
vertex 31.049999237060547 28.515274047851562 0
endloop
endfacet
facet normal 0 1 0
outer loop
vertex 16.950000762939453 21.515274047851562 1.7000000476837158
vertex 16.950000762939453 21.515274047851562 0
vertex 16.25 21.515274047851562 1.7000000476837158
endloop
endfacet
facet normal 0 0 -1
outer loop
vertex 31.75 28.515274047851562 1.7000000476837158
vertex 31.049999237060547 21.515274047851562 1.7000000476837158
vertex 31.049999237060547 28.515274047851562 1.7000000476837158
endloop
endfacet
facet normal 0 -1 0
outer loop
vertex 0.25 28.515274047851562 1.7000000476837158
vertex 0.949999988079071 28.515274047851562 0
vertex 0.949999988079071 28.515274047851562 1.7000000476837158
endloop
endfacet
facet normal 0 1 0
outer loop
vertex 15.75 21.515274047851562 1.7000000476837158
vertex 15.050000190734863 21.515274047851562 0
vertex 15.050000190734863 21.515274047851562 1.7000000476837158
endloop
endfacet
facet normal 0 0 -1
outer loop
vertex 0.949999988079071 28.515274047851562 1.7000000476837158
vertex 0.949999988079071 21.515274047851562 1.7000000476837158
vertex 0.25 28.515274047851562 1.7000000476837158
endloop
endfacet
facet normal 0 0 -1
outer loop
vertex 0.949999988079071 21.515274047851562 1.7000000476837158
vertex 0.25 21.515274047851562 1.7000000476837158
vertex 0.25 28.515274047851562 1.7000000476837158
endloop
endfacet
facet normal -1 0 0
outer loop
vertex 15.75 28.515274047851562 0
vertex 15.75 21.515274047851562 0
vertex 15.75 21.515274047851562 1.7000000476837158
endloop
endfacet
facet normal 0 1 0
outer loop
vertex 0.949999988079071 21.515274047851562 0
vertex 0.25 21.515274047851562 0
vertex 0.25 21.515274047851562 1.7000000476837158
endloop
endfacet
facet normal 1 0 0
outer loop
vertex 0.25 21.515274047851562 1.7000000476837158
vertex 0.25 21.515274047851562 0
vertex 0.25 28.515274047851562 1.7000000476837158
endloop
endfacet
facet normal 1 0 0
outer loop
vertex 0.25 21.515274047851562 0
vertex 0.25 28.515274047851562 0
vertex 0.25 28.515274047851562 1.7000000476837158
endloop
endfacet
facet normal 0 1 0
outer loop
vertex 0.949999988079071 21.515274047851562 1.7000000476837158
vertex 0.949999988079071 21.515274047851562 0
vertex 0.25 21.515274047851562 1.7000000476837158
endloop
endfacet
facet normal 0 -1 0
outer loop
vertex 15.75 28.515274047851562 0
vertex 15.75 28.515274047851562 1.7000000476837158
vertex 15.050000190734863 28.515274047851562 0
endloop
endfacet
facet normal 0 -1 0
outer loop
vertex 15.050000190734863 28.515274047851562 1.7000000476837158
vertex 15.050000190734863 28.515274047851562 0
vertex 15.75 28.515274047851562 1.7000000476837158
endloop
endfacet
facet normal -1 0 0
outer loop
vertex 15.75 28.515274047851562 1.7000000476837158
vertex 15.75 28.515274047851562 0
vertex 15.75 21.515274047851562 1.7000000476837158
endloop
endfacet
facet normal 0 -1 0
outer loop
vertex 0.25 28.515274047851562 1.7000000476837158
vertex 0.25 28.515274047851562 0
vertex 0.949999988079071 28.515274047851562 0
endloop
endfacet
facet normal 0 0 -1
outer loop
vertex 15.75 28.515274047851562 1.7000000476837158
vertex 15.050000190734863 21.515274047851562 1.7000000476837158
vertex 15.050000190734863 28.515274047851562 1.7000000476837158
endloop
endfacet
facet normal 0 1 0
outer loop
vertex 15.75 21.515274047851562 0
vertex 15.050000190734863 21.515274047851562 0
vertex 15.75 21.515274047851562 1.7000000476837158
endloop
endfacet
facet normal 0 0 -1
outer loop
vertex 15.75 21.515274047851562 1.7000000476837158
vertex 15.050000190734863 21.515274047851562 1.7000000476837158
vertex 15.75 28.515274047851562 1.7000000476837158
endloop
endfacet
facet normal 0 0 -1
outer loop
vertex -0.25 21.515274047851562 1.7000000476837158
vertex -0.949999988079071 21.515274047851562 1.7000000476837158
vertex -0.25 28.515274047851562 1.7000000476837158
endloop
endfacet
facet normal 0 -1 0
outer loop
vertex -0.25 28.515274047851562 0
vertex -0.25 28.515274047851562 1.7000000476837158
vertex -0.949999988079071 28.515274047851562 0
endloop
endfacet
facet normal -1 0 0
outer loop
vertex -0.25 28.515274047851562 0
vertex -0.25 21.515274047851562 0
vertex -0.25 21.515274047851562 1.7000000476837158
endloop
endfacet
facet normal 0 0 -1
outer loop
vertex -15.050000190734863 21.515274047851562 1.7000000476837158
vertex -15.75 21.515274047851562 1.7000000476837158
vertex -15.75 28.515274047851562 1.7000000476837158
endloop
endfacet
facet normal 0 -1 0
outer loop
vertex -15.75 28.515274047851562 1.7000000476837158
vertex -15.75 28.515274047851562 0
vertex -15.050000190734863 28.515274047851562 0
endloop
endfacet
facet normal 0 1 0
outer loop
vertex -0.25 21.515274047851562 0
vertex -0.949999988079071 21.515274047851562 0
vertex -0.25 21.515274047851562 1.7000000476837158
endloop
endfacet
facet normal -1 0 0
outer loop
vertex -0.25 28.515274047851562 1.7000000476837158
vertex -0.25 28.515274047851562 0
vertex -0.25 21.515274047851562 1.7000000476837158
endloop
endfacet
facet normal 0 1 0
outer loop
vertex -15.050000190734863 21.515274047851562 1.7000000476837158
vertex -15.050000190734863 21.515274047851562 0
vertex -15.75 21.515274047851562 1.7000000476837158
endloop
endfacet
facet normal 0 1 0
outer loop
vertex -15.050000190734863 21.515274047851562 0
vertex -15.75 21.515274047851562 0
vertex -15.75 21.515274047851562 1.7000000476837158
endloop
endfacet
facet normal 1 0 0
outer loop
vertex -15.75 21.515274047851562 0
vertex -15.75 28.515274047851562 0
vertex -15.75 28.515274047851562 1.7000000476837158
endloop
endfacet
facet normal 0 0 -1
outer loop
vertex -0.25 28.515274047851562 1.7000000476837158
vertex -0.949999988079071 21.515274047851562 1.7000000476837158
vertex -0.949999988079071 28.515274047851562 1.7000000476837158
endloop
endfacet
facet normal 0 -1 0
outer loop
vertex -0.949999988079071 28.515274047851562 1.7000000476837158
vertex -0.949999988079071 28.515274047851562 0
vertex -0.25 28.515274047851562 1.7000000476837158
endloop
endfacet
facet normal 0 -1 0
outer loop
vertex -15.75 28.515274047851562 1.7000000476837158
vertex -15.050000190734863 28.515274047851562 0
vertex -15.050000190734863 28.515274047851562 1.7000000476837158
endloop
endfacet
facet normal 1 0 0
outer loop
vertex -15.75 21.515274047851562 1.7000000476837158
vertex -15.75 21.515274047851562 0
vertex -15.75 28.515274047851562 1.7000000476837158
endloop
endfacet
facet normal 0 1 0
outer loop
vertex -0.25 21.515274047851562 1.7000000476837158
vertex -0.949999988079071 21.515274047851562 0
vertex -0.949999988079071 21.515274047851562 1.7000000476837158
endloop
endfacet
facet normal 0 0 -1
outer loop
vertex -15.050000190734863 21.515274047851562 1.7000000476837158
vertex -15.75 28.515274047851562 1.7000000476837158
vertex -15.050000190734863 28.515274047851562 1.7000000476837158
endloop
endfacet
facet normal 0 1 0
outer loop
vertex -16.25 21.515274047851562 1.7000000476837158
vertex -16.950000762939453 21.515274047851562 0
vertex -16.950000762939453 21.515274047851562 1.7000000476837158
endloop
endfacet
facet normal 0 0 -1
outer loop
vertex -31.049999237060547 28.515274047851562 1.7000000476837158
vertex -31.049999237060547 21.515274047851562 1.7000000476837158
vertex -31.75 28.515274047851562 1.7000000476837158
endloop
endfacet
facet normal 0 -1 0
outer loop
vertex -16.25 28.515274047851562 0
vertex -16.25 28.515274047851562 1.7000000476837158
vertex -16.950000762939453 28.515274047851562 0
endloop
endfacet
facet normal 0 1 0
outer loop
vertex -31.049999237060547 21.515274047851562 1.7000000476837158
vertex -31.049999237060547 21.515274047851562 0
vertex -31.75 21.515274047851562 1.7000000476837158
endloop
endfacet
facet normal 0 1 0
outer loop
vertex -31.049999237060547 21.515274047851562 0
vertex -31.75 21.515274047851562 0
vertex -31.75 21.515274047851562 1.7000000476837158
endloop
endfacet
facet normal 0 1 0
outer loop
vertex -16.25 21.515274047851562 0
vertex -16.950000762939453 21.515274047851562 0
vertex -16.25 21.515274047851562 1.7000000476837158
endloop
endfacet
facet normal 0 -1 0
outer loop
vertex -31.75 28.515274047851562 1.7000000476837158
vertex -31.75 28.515274047851562 0
vertex -31.049999237060547 28.515274047851562 0
endloop
endfacet
facet normal -1 0 0
outer loop
vertex -16.25 28.515274047851562 0
vertex -16.25 21.515274047851562 0
vertex -16.25 21.515274047851562 1.7000000476837158
endloop
endfacet
facet normal 1 0 0
outer loop
vertex -31.75 21.515274047851562 1.7000000476837158
vertex -31.75 21.515274047851562 0
vertex -31.75 28.515274047851562 1.7000000476837158
endloop
endfacet
facet normal 0 -1 0
outer loop
vertex -16.950000762939453 28.515274047851562 1.7000000476837158
vertex -16.950000762939453 28.515274047851562 0
vertex -16.25 28.515274047851562 1.7000000476837158
endloop
endfacet
facet normal -1 0 0
outer loop
vertex -16.25 28.515274047851562 1.7000000476837158
vertex -16.25 28.515274047851562 0
vertex -16.25 21.515274047851562 1.7000000476837158
endloop
endfacet
facet normal 0 0 -1
outer loop
vertex -16.25 21.515274047851562 1.7000000476837158
vertex -16.950000762939453 21.515274047851562 1.7000000476837158
vertex -16.25 28.515274047851562 1.7000000476837158
endloop
endfacet
facet normal 1 0 0
outer loop
vertex -31.75 21.515274047851562 0
vertex -31.75 28.515274047851562 0
vertex -31.75 28.515274047851562 1.7000000476837158
endloop
endfacet
facet normal 0 0 -1
outer loop
vertex -31.049999237060547 21.515274047851562 1.7000000476837158
vertex -31.75 21.515274047851562 1.7000000476837158
vertex -31.75 28.515274047851562 1.7000000476837158
endloop
endfacet
facet normal 0 -1 0
outer loop
vertex -31.75 28.515274047851562 1.7000000476837158
vertex -31.049999237060547 28.515274047851562 0
vertex -31.049999237060547 28.515274047851562 1.7000000476837158
endloop
endfacet
facet normal 0 0 -1
outer loop
vertex -16.25 28.515274047851562 1.7000000476837158
vertex -16.950000762939453 21.515274047851562 1.7000000476837158
vertex -16.950000762939453 28.515274047851562 1.7000000476837158
endloop
endfacet
facet normal 1 0 0
outer loop
vertex -47.75 21.515274047851562 1.7000000476837158
vertex -47.75 21.515274047851562 0
vertex -47.75 28.515274047851562 1.7000000476837158
endloop
endfacet
facet normal 1 0 0
outer loop
vertex -47.75 21.515274047851562 0
vertex -47.75 28.515274047851562 0
vertex -47.75 28.515274047851562 1.7000000476837158
endloop
endfacet
facet normal 0 0 -1
outer loop
vertex -32.25 28.515274047851562 1.7000000476837158
vertex -32.95000076293945 21.515274047851562 1.7000000476837158
vertex -32.95000076293945 28.515274047851562 1.7000000476837158
endloop
endfacet
facet normal 0 1 0
outer loop
vertex -47.04999923706055 21.515274047851562 0
vertex -47.75 21.515274047851562 0
vertex -47.75 21.515274047851562 1.7000000476837158
endloop
endfacet
facet normal 0 -1 0
outer loop
vertex -32.95000076293945 28.515274047851562 1.7000000476837158
vertex -32.95000076293945 28.515274047851562 0
vertex -32.25 28.515274047851562 1.7000000476837158
endloop
endfacet
facet normal 0 -1 0
outer loop
vertex -47.75 28.515274047851562 1.7000000476837158
vertex -47.75 28.515274047851562 0
vertex -47.04999923706055 28.515274047851562 0
endloop
endfacet
facet normal -1 0 0
outer loop
vertex -32.25 28.515274047851562 0
vertex -32.25 21.515274047851562 0
vertex -32.25 21.515274047851562 1.7000000476837158
endloop
endfacet
facet normal 0 0 -1
outer loop
vertex -32.25 21.515274047851562 1.7000000476837158
vertex -32.95000076293945 21.515274047851562 1.7000000476837158
vertex -32.25 28.515274047851562 1.7000000476837158
endloop
endfacet
facet normal -1 0 0
outer loop
vertex -32.25 28.515274047851562 1.7000000476837158
vertex -32.25 28.515274047851562 0
vertex -32.25 21.515274047851562 1.7000000476837158
endloop
endfacet
facet normal 0 -1 0
outer loop
vertex -32.25 28.515274047851562 0
vertex -32.25 28.515274047851562 1.7000000476837158
vertex -32.95000076293945 28.515274047851562 0
endloop
endfacet
facet normal 0 1 0
outer loop
vertex -32.25 21.515274047851562 0
vertex -32.95000076293945 21.515274047851562 0
vertex -32.25 21.515274047851562 1.7000000476837158
endloop
endfacet
facet normal 0 1 0
outer loop
vertex -32.25 21.515274047851562 1.7000000476837158
vertex -32.95000076293945 21.515274047851562 0
vertex -32.95000076293945 21.515274047851562 1.7000000476837158
endloop
endfacet
facet normal 0 -1 0
outer loop
vertex -47.75 28.515274047851562 1.7000000476837158
vertex -47.04999923706055 28.515274047851562 0
vertex -47.04999923706055 28.515274047851562 1.7000000476837158
endloop
endfacet
facet normal 0 0 -1
outer loop
vertex -47.04999923706055 28.515274047851562 1.7000000476837158
vertex -47.04999923706055 21.515274047851562 1.7000000476837158
vertex -47.75 28.515274047851562 1.7000000476837158
endloop
endfacet
facet normal 0 0 -1
outer loop
vertex -47.04999923706055 21.515274047851562 1.7000000476837158
vertex -47.75 21.515274047851562 1.7000000476837158
vertex -47.75 28.515274047851562 1.7000000476837158
endloop
endfacet
facet normal 0 1 0
outer loop
vertex -47.04999923706055 21.515274047851562 1.7000000476837158
vertex -47.04999923706055 21.515274047851562 0
vertex -47.75 21.515274047851562 1.7000000476837158
endloop
endfacet
facet normal 0.09802328462763399 0.9951841214925056 0
outer loop
vertex -14.5 -38.73472595214844 7.199999809265137
vertex -14.5 -38.73472595214844 0
vertex -14.646317481994629 -38.720314025878906 7.199999809265137
endloop
endfacet
facet normal 0.4713852739059721 0.8819273913109807 0
outer loop
vertex -14.787012100219727 -38.677635192871094 7.199999809265137
vertex -14.787012100219727 -38.677635192871094 0
vertex -14.916677474975586 -38.60832977294922 7.199999809265137
endloop
endfacet
facet normal 0.9951849411802953 0.09801496236785621 0
outer loop
vertex -15.25 -37.98472595214844 0
vertex -15.25 -37.98472595214844 7.199999809265137
vertex -15.235589027404785 -38.131046295166016 0
endloop
endfacet
facet normal 0.7730175007500122 -0.6343846968001396 0
outer loop
vertex -15.123601913452148 -37.568050384521484 7.199999809265137
vertex -15.123601913452148 -37.568050384521484 0
vertex -15.030329704284668 -37.45439529418945 7.199999809265137
endloop
endfacet
facet normal 0.29028210596386 -0.9569411157209132 0
outer loop
vertex -14.646317481994629 -37.24913787841797 0
vertex -14.646317481994629 -37.24913787841797 7.199999809265137
vertex -14.787012100219727 -37.29181671142578 0
endloop
endfacet
facet normal 0.9569387672783725 0.2902898477035478 0
outer loop
vertex -15.235589027404785 -38.131046295166016 0
vertex -15.235589027404785 -38.131046295166016 7.199999809265137
vertex -15.192909240722656 -38.2717399597168 0
endloop
endfacet
facet normal 0.4714054541579619 -0.8819166047819519 0
outer loop
vertex -14.787012100219727 -37.29181671142578 0
vertex -14.787012100219727 -37.29181671142578 7.199999809265137
vertex -14.916677474975586 -37.36112594604492 0
endloop
endfacet
facet normal 0.7730070588633648 0.6343974203505326 0
outer loop
vertex -15.123601913452148 -38.401405334472656 0
vertex -15.123601913452148 -38.401405334472656 7.199999809265137
vertex -15.030329704284668 -38.51505661010742 0
endloop
endfacet
facet normal 0.8819219980712054 -0.47139536412452404 0
outer loop
vertex -15.192909240722656 -37.697715759277344 7.199999809265137
vertex -15.192909240722656 -37.697715759277344 0
vertex -15.123601913452148 -37.568050384521484 7.199999809265137
endloop
endfacet
facet normal 0.9569387672783725 -0.2902898477035478 0
outer loop
vertex -15.192909240722656 -37.697715759277344 0
vertex -15.192909240722656 -37.697715759277344 7.199999809265137
vertex -15.235589027404785 -37.838409423828125 0
endloop
endfacet
facet normal -0.6343826113995858 -0.7730192121505403 0
outer loop
vertex -14.083322525024414 -37.36112594604492 7.199999809265137
vertex -14.083322525024414 -37.36112594604492 0
vertex -13.969670295715332 -37.45439529418945 7.199999809265137
endloop
endfacet
facet normal 0.6343826113995858 -0.7730192121505403 0
outer loop
vertex -14.916677474975586 -37.36112594604492 0
vertex -14.916677474975586 -37.36112594604492 7.199999809265137
vertex -15.030329704284668 -37.45439529418945 0
endloop
endfacet
facet normal -0.7730175007500122 -0.6343846968001396 0
outer loop
vertex -13.969670295715332 -37.45439529418945 7.199999809265137
vertex -13.969670295715332 -37.45439529418945 0
vertex -13.876398086547852 -37.568050384521484 7.199999809265137
endloop
endfacet
facet normal 0.8819219980712054 0.47139536412452404 0
outer loop
vertex -15.192909240722656 -38.2717399597168 0
vertex -15.192909240722656 -38.2717399597168 7.199999809265137
vertex -15.123601913452148 -38.401405334472656 0
endloop
endfacet
facet normal 0.09802328462763399 -0.9951841214925056 0
outer loop
vertex -14.5 -37.23472595214844 0
vertex -14.5 -37.23472595214844 7.199999809265137
vertex -14.646317481994629 -37.24913787841797 0
endloop
endfacet
facet normal -0.4714054541579619 -0.8819166047819519 0
outer loop
vertex -14.212987899780273 -37.29181671142578 7.199999809265137
vertex -14.212987899780273 -37.29181671142578 0
vertex -14.083322525024414 -37.36112594604492 7.199999809265137
endloop
endfacet
facet normal -0.7730070588633648 0.6343974203505326 0
outer loop
vertex -13.969670295715332 -38.51505661010742 0
vertex -13.969670295715332 -38.51505661010742 7.199999809265137
vertex -13.876398086547852 -38.401405334472656 0
endloop
endfacet
facet normal -0.09802328462763399 -0.9951841214925056 0
outer loop
vertex -14.353682518005371 -37.24913787841797 0
vertex -14.353682518005371 -37.24913787841797 7.199999809265137
vertex -14.5 -37.23472595214844 0
endloop
endfacet
facet normal -0.8819219980712054 0.47139536412452404 0
outer loop
vertex -13.876398086547852 -38.401405334472656 0
vertex -13.876398086547852 -38.401405334472656 7.199999809265137
vertex -13.807090759277344 -38.2717399597168 0
endloop
endfacet
facet normal -0.9569387672783725 0.2902898477035478 0
outer loop
vertex -13.807090759277344 -38.2717399597168 0
vertex -13.807090759277344 -38.2717399597168 7.199999809265137
vertex -13.764410972595215 -38.131046295166016 0
endloop
endfacet
facet normal -0.9951849411802953 0.09801496236785621 0
outer loop
vertex -13.764410972595215 -38.131046295166016 0
vertex -13.764410972595215 -38.131046295166016 7.199999809265137
vertex -13.75 -37.98472595214844 0
endloop
endfacet
facet normal -0.6343981153460406 0.7730064884885455 0
outer loop
vertex -14.083322525024414 -38.60832977294922 0
vertex -14.083322525024414 -38.60832977294922 7.199999809265137
vertex -13.969670295715332 -38.51505661010742 0
endloop
endfacet
facet normal 0.6343826113995858 -0.7730192121505403 0
outer loop
vertex -15.030329704284668 -37.45439529418945 7.199999809265137
vertex -15.030329704284668 -37.45439529418945 0
vertex -14.916677474975586 -37.36112594604492 7.199999809265137
endloop
endfacet
facet normal 0.8819219980712054 -0.47139536412452404 0
outer loop
vertex -15.123601913452148 -37.568050384521484 0
vertex -15.123601913452148 -37.568050384521484 7.199999809265137
vertex -15.192909240722656 -37.697715759277344 0
endloop
endfacet
facet normal 0.4714054541579619 -0.8819166047819519 0
outer loop
vertex -14.916677474975586 -37.36112594604492 7.199999809265137
vertex -14.916677474975586 -37.36112594604492 0
vertex -14.787012100219727 -37.29181671142578 7.199999809265137
endloop
endfacet
facet normal 0.7730175007500122 -0.6343846968001396 0
outer loop
vertex -15.030329704284668 -37.45439529418945 0
vertex -15.030329704284668 -37.45439529418945 7.199999809265137
vertex -15.123601913452148 -37.568050384521484 0
endloop
endfacet
facet normal -0.29028210596386 0.9569411157209132 0
outer loop
vertex -14.212987899780273 -38.677635192871094 7.199999809265137
vertex -14.212987899780273 -38.677635192871094 0
vertex -14.353682518005371 -38.720314025878906 7.199999809265137
endloop
endfacet
facet normal -0.09802328462763399 0.9951841214925056 0
outer loop
vertex -14.353682518005371 -38.720314025878906 7.199999809265137
vertex -14.353682518005371 -38.720314025878906 0
vertex -14.5 -38.73472595214844 7.199999809265137
endloop
endfacet
facet normal 0.29028210596386 -0.9569411157209132 0
outer loop
vertex -14.787012100219727 -37.29181671142578 7.199999809265137
vertex -14.787012100219727 -37.29181671142578 0
vertex -14.646317481994629 -37.24913787841797 7.199999809265137
endloop
endfacet
facet normal 0.09802328462763399 -0.9951841214925056 0
outer loop
vertex -14.646317481994629 -37.24913787841797 7.199999809265137
vertex -14.646317481994629 -37.24913787841797 0
vertex -14.5 -37.23472595214844 7.199999809265137
endloop
endfacet
facet normal -0.4713852739059721 0.8819273913109807 0
outer loop
vertex -14.212987899780273 -38.677635192871094 0
vertex -14.212987899780273 -38.677635192871094 7.199999809265137
vertex -14.083322525024414 -38.60832977294922 0
endloop
endfacet
facet normal -0.09802328462763399 -0.9951841214925056 0
outer loop
vertex -14.5 -37.23472595214844 7.199999809265137
vertex -14.5 -37.23472595214844 0
vertex -14.353682518005371 -37.24913787841797 7.199999809265137
endloop
endfacet
facet normal -0.7730175007500122 -0.6343846968001396 0
outer loop
vertex -13.876398086547852 -37.568050384521484 0
vertex -13.876398086547852 -37.568050384521484 7.199999809265137
vertex -13.969670295715332 -37.45439529418945 0
endloop
endfacet
facet normal -0.29028210596386 -0.9569411157209132 0
outer loop
vertex -14.353682518005371 -37.24913787841797 7.199999809265137
vertex -14.353682518005371 -37.24913787841797 0
vertex -14.212987899780273 -37.29181671142578 7.199999809265137
endloop
endfacet
facet normal -0.7730070588633648 0.6343974203505326 0
outer loop
vertex -13.876398086547852 -38.401405334472656 7.199999809265137
vertex -13.876398086547852 -38.401405334472656 0
vertex -13.969670295715332 -38.51505661010742 7.199999809265137
endloop
endfacet
facet normal -0.8819219980712054 0.47139536412452404 0
outer loop
vertex -13.807090759277344 -38.2717399597168 7.199999809265137
vertex -13.807090759277344 -38.2717399597168 0
vertex -13.876398086547852 -38.401405334472656 7.199999809265137
endloop
endfacet
facet normal -0.29028210596386 0.9569411157209132 0
outer loop
vertex -14.353682518005371 -38.720314025878906 0
vertex -14.353682518005371 -38.720314025878906 7.199999809265137
vertex -14.212987899780273 -38.677635192871094 0
endloop
endfacet
facet normal -0.9569387672783725 0.2902898477035478 0
outer loop
vertex -13.764410972595215 -38.131046295166016 7.199999809265137
vertex -13.764410972595215 -38.131046295166016 0
vertex -13.807090759277344 -38.2717399597168 7.199999809265137
endloop
endfacet
facet normal -0.9951849411802953 0.09801496236785621 0
outer loop
vertex -13.75 -37.98472595214844 7.199999809265137
vertex -13.75 -37.98472595214844 0
vertex -13.764410972595215 -38.131046295166016 7.199999809265137
endloop
endfacet
facet normal -0.6343826113995858 -0.7730192121505403 0
outer loop
vertex -13.969670295715332 -37.45439529418945 0
vertex -13.969670295715332 -37.45439529418945 7.199999809265137
vertex -14.083322525024414 -37.36112594604492 0
endloop
endfacet
facet normal -0.09802328462763399 0.9951841214925056 0
outer loop
vertex -14.5 -38.73472595214844 0
vertex -14.5 -38.73472595214844 7.199999809265137
vertex -14.353682518005371 -38.720314025878906 0
endloop
endfacet
facet normal 0.09802328462763399 0.9951841214925056 0
outer loop
vertex -14.5 -38.73472595214844 0
vertex -14.646317481994629 -38.720314025878906 0
vertex -14.646317481994629 -38.720314025878906 7.199999809265137
endloop
endfacet
facet normal 0.29028210596386 0.9569411157209132 0
outer loop
vertex -14.646317481994629 -38.720314025878906 0
vertex -14.787012100219727 -38.677635192871094 0
vertex -14.787012100219727 -38.677635192871094 7.199999809265137
endloop
endfacet
facet normal 0.6343981153460406 0.7730064884885455 0
outer loop
vertex -14.916677474975586 -38.60832977294922 0
vertex -15.030329704284668 -38.51505661010742 0
vertex -15.030329704284668 -38.51505661010742 7.199999809265137
endloop
endfacet
facet normal -0.6343981153460406 0.7730064884885455 0
outer loop
vertex -13.969670295715332 -38.51505661010742 7.199999809265137
vertex -13.969670295715332 -38.51505661010742 0
vertex -14.083322525024414 -38.60832977294922 7.199999809265137
endloop
endfacet
facet normal -0.9951846919156186 -0.09801749321838117 0
outer loop
vertex -13.764410972595215 -37.838409423828125 7.199999809265137
vertex -13.764410972595215 -37.838409423828125 0
vertex -13.75 -37.98472595214844 7.199999809265137
endloop
endfacet
facet normal -0.8819219980712054 -0.47139536412452404 0
outer loop
vertex -13.807090759277344 -37.697715759277344 0
vertex -13.807090759277344 -37.697715759277344 7.199999809265137
vertex -13.876398086547852 -37.568050384521484 0
endloop
endfacet
facet normal 0.8819219980712054 0.47139536412452404 0
outer loop
vertex -15.123601913452148 -38.401405334472656 7.199999809265137
vertex -15.123601913452148 -38.401405334472656 0
vertex -15.192909240722656 -38.2717399597168 7.199999809265137
endloop
endfacet
facet normal -0.9569387672783725 -0.2902898477035478 0
outer loop
vertex -13.807090759277344 -37.697715759277344 7.199999809265137
vertex -13.807090759277344 -37.697715759277344 0
vertex -13.764410972595215 -37.838409423828125 7.199999809265137
endloop
endfacet
facet normal -0.8819219980712054 -0.47139536412452404 0
outer loop
vertex -13.876398086547852 -37.568050384521484 7.199999809265137
vertex -13.876398086547852 -37.568050384521484 0
vertex -13.807090759277344 -37.697715759277344 7.199999809265137
endloop
endfacet
facet normal -0.29028210596386 -0.9569411157209132 0
outer loop
vertex -14.212987899780273 -37.29181671142578 0
vertex -14.212987899780273 -37.29181671142578 7.199999809265137
vertex -14.353682518005371 -37.24913787841797 0
endloop
endfacet
facet normal 0.9569387672783725 0.2902898477035478 0
outer loop
vertex -15.192909240722656 -38.2717399597168 7.199999809265137
vertex -15.192909240722656 -38.2717399597168 0
vertex -15.235589027404785 -38.131046295166016 7.199999809265137
endloop
endfacet
facet normal 0.9569387672783725 -0.2902898477035478 0
outer loop
vertex -15.235589027404785 -37.838409423828125 7.199999809265137
vertex -15.235589027404785 -37.838409423828125 0
vertex -15.192909240722656 -37.697715759277344 7.199999809265137
endloop
endfacet
facet normal 0.4713852739059721 0.8819273913109807 0
outer loop
vertex -14.916677474975586 -38.60832977294922 0
vertex -14.916677474975586 -38.60832977294922 7.199999809265137
vertex -14.787012100219727 -38.677635192871094 0
endloop
endfacet
facet normal -0.4714054541579619 -0.8819166047819519 0
outer loop
vertex -14.083322525024414 -37.36112594604492 0
vertex -14.083322525024414 -37.36112594604492 7.199999809265137
vertex -14.212987899780273 -37.29181671142578 0
endloop
endfacet
facet normal -0.4713852739059721 0.8819273913109807 0
outer loop
vertex -14.083322525024414 -38.60832977294922 7.199999809265137
vertex -14.083322525024414 -38.60832977294922 0
vertex -14.212987899780273 -38.677635192871094 7.199999809265137
endloop
endfacet
facet normal 0.9951846919156186 -0.09801749321838117 0
outer loop
vertex -15.25 -37.98472595214844 7.199999809265137
vertex -15.25 -37.98472595214844 0
vertex -15.235589027404785 -37.838409423828125 7.199999809265137
endloop
endfacet
facet normal 0.9951849411802953 0.09801496236785621 0
outer loop
vertex -15.235589027404785 -38.131046295166016 7.199999809265137
vertex -15.235589027404785 -38.131046295166016 0
vertex -15.25 -37.98472595214844 7.199999809265137
endloop
endfacet
facet normal -0.9951846919156186 -0.09801749321838117 0
outer loop
vertex -13.75 -37.98472595214844 0
vertex -13.75 -37.98472595214844 7.199999809265137
vertex -13.764410972595215 -37.838409423828125 0
endloop
endfacet
facet normal 0.6343981153460406 0.7730064884885455 0
outer loop
vertex -14.916677474975586 -38.60832977294922 7.199999809265137
vertex -14.916677474975586 -38.60832977294922 0
vertex -15.030329704284668 -38.51505661010742 7.199999809265137
endloop
endfacet
facet normal -0.9569387672783725 -0.2902898477035478 0
outer loop
vertex -13.764410972595215 -37.838409423828125 0
vertex -13.764410972595215 -37.838409423828125 7.199999809265137
vertex -13.807090759277344 -37.697715759277344 0
endloop
endfacet
facet normal 0.29028210596386 0.9569411157209132 0
outer loop
vertex -14.646317481994629 -38.720314025878906 7.199999809265137
vertex -14.646317481994629 -38.720314025878906 0
vertex -14.787012100219727 -38.677635192871094 7.199999809265137
endloop
endfacet
facet normal 0.7730070588633648 0.6343974203505326 0
outer loop
vertex -15.030329704284668 -38.51505661010742 7.199999809265137
vertex -15.030329704284668 -38.51505661010742 0
vertex -15.123601913452148 -38.401405334472656 7.199999809265137
endloop
endfacet
facet normal 0.9951846919156186 -0.09801749321838117 0
outer loop
vertex -15.235589027404785 -37.838409423828125 0
vertex -15.235589027404785 -37.838409423828125 7.199999809265137
vertex -15.25 -37.98472595214844 0
endloop
endfacet
facet normal 0 1 0
outer loop
vertex -58.5 -44.48472595214844 -5.699999809265137
vertex -53.20000076293945 -44.48472595214844 -1.9500000476837158
vertex -30 -44.48472595214844 -5.699999809265137
endloop
endfacet
facet normal 0 -1 0
outer loop
vertex 51 41.51527404785156 -2.8499999046325684
vertex 58.5 41.51527404785156 -5.699999809265137
vertex 58.5 41.51527404785156 0
endloop
endfacet
facet normal 0 1 0
outer loop
vertex -53.20000076293945 -44.48472595214844 -1.9500000476837158
vertex -58.5 -44.48472595214844 -5.699999809265137
vertex -58.5 -44.48472595214844 0
endloop
endfacet
facet normal 0 1 0
outer loop
vertex 53.20000076293945 -44.48472595214844 -0.15000000596046448
vertex 45.20000076293945 -44.48472595214844 -0.15000000596046448
vertex 58.5 -44.48472595214844 0
endloop
endfacet
facet normal 0 1 0
outer loop
vertex 45.20000076293945 -44.48472595214844 -1.9500000476837158
vertex 53.20000076293945 -44.48472595214844 -1.9500000476837158
vertex 58.5 -44.48472595214844 -5.699999809265137
endloop
endfacet
facet normal 0 0 -1
outer loop
vertex 58.5 -44.48472595214844 0
vertex -15.682093620300293 -32.80292510986328 0
vertex 48.70000076293945 -31.68472671508789 0
endloop
endfacet
facet normal 0 1 0
outer loop
vertex 58.5 -44.48472595214844 0
vertex 53.20000076293945 -44.48472595214844 -1.9500000476837158
vertex 53.20000076293945 -44.48472595214844 -0.15000000596046448
endloop
endfacet
facet normal -1 0 0
outer loop
vertex 58.5 41.51527404785156 -5.699999809265137
vertex 58.5 -44.48472595214844 -5.699999809265137
vertex 58.5 -44.48472595214844 0
endloop
endfacet
facet normal 0 0 -1
outer loop
vertex 58.5 -44.48472595214844 0
vertex 48.70000076293945 -31.68472671508789 0
vertex 58.5 41.51527404785156 0
endloop
endfacet
facet normal 0 0 -1
outer loop
vertex -32 -32.034725189208984 0
vertex -48.70000076293945 -31.68472671508789 0
vertex -32 -31.66472625732422 0
endloop
endfacet
facet normal 0 0 -1
outer loop
vertex -32.17220687866211 -32.0689811706543 0
vertex -48.70000076293945 -31.68472671508789 0
vertex -32 -32.034725189208984 0
endloop
endfacet
facet normal 0 0 -1
outer loop
vertex -32.318199157714844 -32.166526794433594 0
vertex -48.70000076293945 -31.68472671508789 0
vertex -32.17220687866211 -32.0689811706543 0
endloop
endfacet
facet normal 0 0 -1
outer loop
vertex -32.41574478149414 -32.31251907348633 0
vertex -48.70000076293945 -31.68472671508789 0
vertex -32.318199157714844 -32.166526794433594 0
endloop
endfacet
facet normal 0 0 -1
outer loop
vertex -48.70000076293945 -31.68472671508789 0
vertex -32.17220687866211 -32.90047073364258 0
vertex -32 -32.93472671508789 0
endloop
endfacet
facet normal 0 0 -1
outer loop
vertex -32.45000076293945 -32.48472595214844 0
vertex -48.70000076293945 -31.68472671508789 0
vertex -32.41574478149414 -32.31251907348633 0
endloop
endfacet
facet normal 0 0 -1
outer loop
vertex -32.41574478149414 -32.65693283081055 0
vertex -48.70000076293945 -31.68472671508789 0
vertex -32.45000076293945 -32.48472595214844 0
endloop
endfacet
facet normal 0 0 -1
outer loop
vertex -32.318199157714844 -32.80292510986328 0
vertex -48.70000076293945 -31.68472671508789 0
vertex -32.41574478149414 -32.65693283081055 0
endloop
endfacet
facet normal 0 0 -1
outer loop
vertex -48.70000076293945 -31.68472671508789 0
vertex -32.318199157714844 -32.80292510986328 0
vertex -32.17220687866211 -32.90047073364258 0
endloop
endfacet
facet normal 0 0 -1
outer loop
vertex -58.5 -44.48472595214844 0
vertex -48.70000076293945 -31.68472671508789 0
vertex -15.192909240722656 -37.697715759277344 0
endloop
endfacet
facet normal 0 1 0
outer loop
vertex 45.20000076293945 -44.48472595214844 -0.15000000596046448
vertex -45.20000076293945 -44.48472595214844 -0.15000000596046448
vertex 58.5 -44.48472595214844 0
endloop
endfacet
facet normal 0 1 0
outer loop
vertex -30 -44.48472595214844 -5.699999809265137
vertex -53.20000076293945 -44.48472595214844 -1.9500000476837158
vertex -30 -44.48472595214844 -4.949999809265137
endloop
endfacet
facet normal 0 1 0
outer loop
vertex -30 -44.48472595214844 -4.949999809265137
vertex -53.20000076293945 -44.48472595214844 -1.9500000476837158
vertex -29.885818481445312 -44.48472595214844 -4.375974655151367
endloop
endfacet
facet normal 0 1 0
outer loop
vertex -29.885818481445312 -44.48472595214844 -4.375974655151367
vertex -53.20000076293945 -44.48472595214844 -1.9500000476837158
vertex -29.560659408569336 -44.48472595214844 -3.8893399238586426
endloop
endfacet
facet normal 0 1 0
outer loop
vertex -29.560659408569336 -44.48472595214844 -3.8893399238586426
vertex -53.20000076293945 -44.48472595214844 -1.9500000476837158
vertex -29.074024200439453 -44.48472595214844 -3.564180612564087
endloop
endfacet
facet normal 0 1 0
outer loop
vertex -29.074024200439453 -44.48472595214844 -3.564180612564087
vertex -53.20000076293945 -44.48472595214844 -1.9500000476837158
vertex -28.5 -44.48472595214844 -3.450000047683716
endloop
endfacet
facet normal 0 1 0
outer loop
vertex -28.5 -44.48472595214844 -3.450000047683716
vertex -53.20000076293945 -44.48472595214844 -1.9500000476837158
vertex -16.5 -44.48472595214844 -3.450000047683716
endloop
endfacet
facet normal 0 0 -1
outer loop
vertex 48.70000076293945 -31.68472671508789 0
vertex -15.584546089172363 -32.31251907348633 0
vertex -15.682093620300293 -32.166526794433594 0
endloop
endfacet
facet normal 0 0 -1
outer loop
vertex -15.682093620300293 -32.166526794433594 0
vertex -15.828083992004395 -32.0689811706543 0
vertex 48.70000076293945 -31.68472671508789 0
endloop
endfacet
facet normal 0 0 -1
outer loop
vertex 48.70000076293945 -31.68472671508789 0
vertex -15.550292015075684 -32.48472595214844 0
vertex -15.584546089172363 -32.31251907348633 0
endloop
endfacet
facet normal 0 0 -1
outer loop
vertex 48.70000076293945 -31.68472671508789 0
vertex -15.584546089172363 -32.65693283081055 0
vertex -15.550292015075684 -32.48472595214844 0
endloop
endfacet
facet normal 0 0 -1
outer loop
vertex -15.682093620300293 -32.80292510986328 0
vertex -15.584546089172363 -32.65693283081055 0
vertex 48.70000076293945 -31.68472671508789 0
endloop
endfacet
facet normal 0 0 -1
outer loop
vertex -15.828083992004395 -32.0689811706543 0
vertex -16.00029182434082 -32.034725189208984 0
vertex 48.70000076293945 -31.68472671508789 0
endloop
endfacet
facet normal 0 0 -1
outer loop
vertex -16.00029182434082 -32.034725189208984 0
vertex -31.82779312133789 -32.0689811706543 0
vertex 48.70000076293945 -31.68472671508789 0
endloop
endfacet
facet normal 0 0 -1
outer loop
vertex -32 -32.034725189208984 0
vertex -16.00029182434082 -31.66472625732422 0
vertex 48.70000076293945 -31.68472671508789 0
endloop
endfacet
facet normal 0 0 -1
outer loop
vertex 58.5 -44.48472595214844 0
vertex -15.828083992004395 -32.90047073364258 0
vertex -15.682093620300293 -32.80292510986328 0
endloop
endfacet
facet normal 0 0 -1
outer loop
vertex 58.5 -44.48472595214844 0
vertex -16.00029182434082 -32.93472671508789 0
vertex -15.828083992004395 -32.90047073364258 0
endloop
endfacet
facet normal 0 0 -1
outer loop
vertex 58.5 -44.48472595214844 0
vertex -13.969670295715332 -37.45439529418945 0
vertex -14.083322525024414 -37.36112594604492 0
endloop
endfacet
facet normal 0 0 -1
outer loop
vertex 58.5 -44.48472595214844 0
vertex -13.876398086547852 -37.568050384521484 0
vertex -13.969670295715332 -37.45439529418945 0
endloop
endfacet
facet normal 0 0 -1
outer loop
vertex -14.083322525024414 -37.36112594604492 0
vertex -14.212987899780273 -37.29181671142578 0
vertex 58.5 -44.48472595214844 0
endloop
endfacet
facet normal 0 0 -1
outer loop
vertex -14.212987899780273 -37.29181671142578 0
vertex -14.353682518005371 -37.24913787841797 0
vertex 58.5 -44.48472595214844 0
endloop
endfacet
facet normal 0 0 -1
outer loop
vertex -13.807090759277344 -37.697715759277344 0
vertex -13.876398086547852 -37.568050384521484 0
vertex 58.5 -44.48472595214844 0
endloop
endfacet
facet normal 0 0 -1
outer loop
vertex 58.5 -44.48472595214844 0
vertex -13.764410972595215 -37.838409423828125 0
vertex -13.807090759277344 -37.697715759277344 0
endloop
endfacet
facet normal 0 0 -1
outer loop
vertex 58.5 -44.48472595214844 0
vertex -13.75 -37.98472595214844 0
vertex -13.764410972595215 -37.838409423828125 0
endloop
endfacet
facet normal 0 0 -1
outer loop
vertex 58.5 -44.48472595214844 0
vertex -13.764410972595215 -38.131046295166016 0
vertex -13.75 -37.98472595214844 0
endloop
endfacet
facet normal 0 0 -1
outer loop
vertex 58.5 -44.48472595214844 0
vertex -13.807090759277344 -38.2717399597168 0
vertex -13.764410972595215 -38.131046295166016 0
endloop
endfacet
facet normal 0 0 -1
outer loop
vertex 58.5 -44.48472595214844 0
vertex -13.876398086547852 -38.401405334472656 0
vertex -13.807090759277344 -38.2717399597168 0
endloop
endfacet
facet normal 0 0 -1
outer loop
vertex 58.5 -44.48472595214844 0
vertex -13.969670295715332 -38.51505661010742 0
vertex -13.876398086547852 -38.401405334472656 0
endloop
endfacet
facet normal 0 0 -1
outer loop
vertex 58.5 -44.48472595214844 0
vertex -14.083322525024414 -38.60832977294922 0
vertex -13.969670295715332 -38.51505661010742 0
endloop
endfacet
facet normal 0 0 -1
outer loop
vertex 58.5 -44.48472595214844 0
vertex -14.212987899780273 -38.677635192871094 0
vertex -14.083322525024414 -38.60832977294922 0
endloop
endfacet
facet normal 0 0 -1
outer loop
vertex 58.5 -44.48472595214844 0
vertex -14.353682518005371 -38.720314025878906 0
vertex -14.212987899780273 -38.677635192871094 0
endloop
endfacet
facet normal 0 0 -1
outer loop
vertex 58.5 -44.48472595214844 0
vertex -14.5 -38.73472595214844 0
vertex -14.353682518005371 -38.720314025878906 0
endloop
endfacet
facet normal 0 1 0
outer loop
vertex 45.20000076293945 -44.48472595214844 -1.9500000476837158
vertex -45.20000076293945 -44.48472595214844 -0.15000000596046448
vertex 45.20000076293945 -44.48472595214844 -0.15000000596046448
endloop
endfacet
facet normal 0 0 -1
outer loop
vertex 58.5 -44.48472595214844 0
vertex -32 -32.93472671508789 0
vertex -16.00029182434082 -32.93472671508789 0
endloop
endfacet
facet normal 0 1 0
outer loop
vertex 58.5 -44.48472595214844 -5.699999809265137
vertex -45.20000076293945 -44.48472595214844 -0.15000000596046448
vertex 45.20000076293945 -44.48472595214844 -1.9500000476837158
endloop
endfacet
facet normal 0 1 0
outer loop
vertex 58.5 -44.48472595214844 -5.699999809265137
vertex -15.92597484588623 -44.48472595214844 -3.564180612564087
vertex -16.5 -44.48472595214844 -3.450000047683716
endloop
endfacet
facet normal 0 1 0
outer loop
vertex 58.5 -44.48472595214844 -5.699999809265137
vertex -15.439339637756348 -44.48472595214844 -3.8893399238586426
vertex -15.92597484588623 -44.48472595214844 -3.564180612564087
endloop
endfacet
facet normal 0 1 0
outer loop
vertex -15.114180564880371 -44.48472595214844 -4.375974655151367
vertex -15.439339637756348 -44.48472595214844 -3.8893399238586426
vertex 58.5 -44.48472595214844 -5.699999809265137
endloop
endfacet
facet normal 0 1 0
outer loop
vertex 58.5 -44.48472595214844 -5.699999809265137
vertex -15 -44.48472595214844 -4.949999809265137
vertex -15.114180564880371 -44.48472595214844 -4.375974655151367
endloop
endfacet
facet normal 0 1 0
outer loop
vertex -15 -44.48472595214844 -5.699999809265137
vertex -15 -44.48472595214844 -4.949999809265137
vertex 58.5 -44.48472595214844 -5.699999809265137
endloop
endfacet
facet normal 0 -1 0
outer loop
vertex -58.5 41.51527404785156 -5.699999809265137
vertex 47.400001525878906 41.51527404785156 -2.8499999046325684
vertex 47.400001525878906 41.51527404785156 -1.0499999523162842
endloop
endfacet
facet normal 0 -1 0
outer loop
vertex 47.400001525878906 41.51527404785156 -2.8499999046325684
vertex -58.5 41.51527404785156 -5.699999809265137
vertex 58.5 41.51527404785156 -5.699999809265137
endloop
endfacet
facet normal 0 -1 0
outer loop
vertex 58.5 41.51527404785156 0
vertex -58.5 41.51527404785156 -5.699999809265137
vertex 47.400001525878906 41.51527404785156 -1.0499999523162842
endloop
endfacet
facet normal 0 0 -1
outer loop
vertex 48.70000076293945 33.715274810791016 0
vertex -58.5 41.51527404785156 0
vertex 58.5 41.51527404785156 0
endloop
endfacet
facet normal 1 0 0
outer loop
vertex -58.5 41.51527404785156 0
vertex -58.5 -44.48472595214844 -5.699999809265137
vertex -58.5 41.51527404785156 -5.699999809265137
endloop
endfacet
facet normal 0 1 0
outer loop
vertex 53.20000076293945 -44.48472595214844 -1.9500000476837158
vertex 58.5 -44.48472595214844 0
vertex 58.5 -44.48472595214844 -5.699999809265137
endloop
endfacet
facet normal 0 -1 0
outer loop
vertex -58.5 41.51527404785156 0
vertex -58.5 41.51527404785156 -5.699999809265137
vertex -51 41.51527404785156 -2.8499999046325684
endloop
endfacet
facet normal 0 1 0
outer loop
vertex -53.20000076293945 -44.48472595214844 -1.9500000476837158
vertex -58.5 -44.48472595214844 0
vertex -53.20000076293945 -44.48472595214844 -0.15000000596046448
endloop
endfacet
facet normal 0 -1 0
outer loop
vertex -51 41.51527404785156 -2.8499999046325684
vertex -58.5 41.51527404785156 -5.699999809265137
vertex -47.400001525878906 41.51527404785156 -2.8499999046325684
endloop
endfacet
facet normal 0 -1 0
outer loop
vertex -58.5 41.51527404785156 0
vertex -51 41.51527404785156 -2.8499999046325684
vertex -51 41.51527404785156 -1.0499999523162842
endloop
endfacet
facet normal 0 -1 0
outer loop
vertex -47.400001525878906 41.51527404785156 -2.8499999046325684
vertex -58.5 41.51527404785156 -5.699999809265137
vertex 58.5 41.51527404785156 0
endloop
endfacet
facet normal 0 0 -1
outer loop
vertex -48.70000076293945 33.715274810791016 0
vertex -58.5 41.51527404785156 0
vertex 48.70000076293945 33.715274810791016 0
endloop
endfacet
facet normal 0 -1 0
outer loop
vertex -58.5 41.51527404785156 0
vertex -51 41.51527404785156 -1.0499999523162842
vertex 58.5 41.51527404785156 0
endloop
endfacet
facet normal 0 -1 0
outer loop
vertex -47.400001525878906 41.51527404785156 -1.0499999523162842
vertex -47.400001525878906 41.51527404785156 -2.8499999046325684
vertex 58.5 41.51527404785156 0
endloop
endfacet
facet normal 0 -1 0
outer loop
vertex 58.5 41.51527404785156 0
vertex -51 41.51527404785156 -1.0499999523162842
vertex -47.400001525878906 41.51527404785156 -1.0499999523162842
endloop
endfacet
facet normal -1 0 0
outer loop
vertex 58.5 41.51527404785156 -5.699999809265137
vertex 58.5 -44.48472595214844 0
vertex 58.5 41.51527404785156 0
endloop
endfacet
facet normal 1 0 0
outer loop
vertex -58.5 -44.48472595214844 0
vertex -58.5 -44.48472595214844 -5.699999809265137
vertex -58.5 41.51527404785156 0
endloop
endfacet
facet normal 0 0 -1
outer loop
vertex -48.70000076293945 -31.68472671508789 0
vertex -58.5 -44.48472595214844 0
vertex -48.70000076293945 33.715274810791016 0
endloop
endfacet
facet normal 0 0 -1
outer loop
vertex 58.5 41.51527404785156 0
vertex 48.70000076293945 -31.68472671508789 0
vertex 48.70000076293945 33.715274810791016 0
endloop
endfacet
facet normal 0 1 0
outer loop
vertex -53.20000076293945 -44.48472595214844 -1.9500000476837158
vertex -45.20000076293945 -44.48472595214844 -1.9500000476837158
vertex 58.5 -44.48472595214844 -5.699999809265137
endloop
endfacet
facet normal 0 -1 0
outer loop
vertex 47.400001525878906 41.51527404785156 -2.8499999046325684
vertex 58.5 41.51527404785156 -5.699999809265137
vertex 51 41.51527404785156 -2.8499999046325684
endloop
endfacet
facet normal 0 1 0
outer loop
vertex 58.5 -44.48472595214844 -5.699999809265137
vertex -45.20000076293945 -44.48472595214844 -1.9500000476837158
vertex -45.20000076293945 -44.48472595214844 -0.15000000596046448
endloop
endfacet
facet normal 0 1 0
outer loop
vertex -16.5 -44.48472595214844 -3.450000047683716
vertex -53.20000076293945 -44.48472595214844 -1.9500000476837158
vertex 58.5 -44.48472595214844 -5.699999809265137
endloop
endfacet
facet normal 0 0 -1
outer loop
vertex -58.5 -44.48472595214844 0
vertex -15.123601913452148 -38.401405334472656 0
vertex -15.030329704284668 -38.51505661010742 0
endloop
endfacet
facet normal 0 0 -1
outer loop
vertex -15.123601913452148 -38.401405334472656 0
vertex -58.5 -44.48472595214844 0
vertex -15.192909240722656 -38.2717399597168 0
endloop
endfacet
facet normal 0 0 -1
outer loop
vertex -15.192909240722656 -38.2717399597168 0
vertex -58.5 -44.48472595214844 0
vertex -15.235589027404785 -38.131046295166016 0
endloop
endfacet
facet normal 0 0 -1
outer loop
vertex -15.235589027404785 -38.131046295166016 0
vertex -58.5 -44.48472595214844 0
vertex -15.25 -37.98472595214844 0
endloop
endfacet
facet normal 0 0 -1
outer loop
vertex -15.25 -37.98472595214844 0
vertex -58.5 -44.48472595214844 0
vertex -15.235589027404785 -37.838409423828125 0
endloop
endfacet
facet normal 0 0 -1
outer loop
vertex -15.235589027404785 -37.838409423828125 0
vertex -58.5 -44.48472595214844 0
vertex -15.192909240722656 -37.697715759277344 0
endloop
endfacet
facet normal 0 0 -1
outer loop
vertex -58.5 -44.48472595214844 0
vertex -14.916677474975586 -38.60832977294922 0
vertex -14.787012100219727 -38.677635192871094 0
endloop
endfacet
facet normal 0 0 -1
outer loop
vertex -58.5 -44.48472595214844 0
vertex -14.787012100219727 -38.677635192871094 0
vertex -14.646317481994629 -38.720314025878906 0
endloop
endfacet
facet normal 0 0 -1
outer loop
vertex -58.5 -44.48472595214844 0
vertex -14.646317481994629 -38.720314025878906 0
vertex -14.5 -38.73472595214844 0
endloop
endfacet
facet normal 0 0 -1
outer loop
vertex -14.916677474975586 -38.60832977294922 0
vertex -58.5 -44.48472595214844 0
vertex -15.030329704284668 -38.51505661010742 0
endloop
endfacet
facet normal 0 1 0
outer loop
vertex -53.20000076293945 -44.48472595214844 -0.15000000596046448
vertex -58.5 -44.48472595214844 0
vertex -45.20000076293945 -44.48472595214844 -0.15000000596046448
endloop
endfacet
facet normal 0 0 -1
outer loop
vertex -15.192909240722656 -37.697715759277344 0
vertex -48.70000076293945 -31.68472671508789 0
vertex -15.123601913452148 -37.568050384521484 0
endloop
endfacet
facet normal 0 0 -1
outer loop
vertex -15.123601913452148 -37.568050384521484 0
vertex -48.70000076293945 -31.68472671508789 0
vertex -15.030329704284668 -37.45439529418945 0
endloop
endfacet
facet normal 0 0 -1
outer loop
vertex -15.030329704284668 -37.45439529418945 0
vertex -48.70000076293945 -31.68472671508789 0
vertex -14.916677474975586 -37.36112594604492 0
endloop
endfacet
facet normal 0 0 -1
outer loop
vertex -14.916677474975586 -37.36112594604492 0
vertex -48.70000076293945 -31.68472671508789 0
vertex -14.787012100219727 -37.29181671142578 0
endloop
endfacet
facet normal 0 0 -1
outer loop
vertex -14.787012100219727 -37.29181671142578 0
vertex -48.70000076293945 -31.68472671508789 0
vertex -14.646317481994629 -37.24913787841797 0
endloop
endfacet
facet normal 0 0 -1
outer loop
vertex -14.646317481994629 -37.24913787841797 0
vertex -48.70000076293945 -31.68472671508789 0
vertex -14.5 -37.23472595214844 0
endloop
endfacet
facet normal 0 0 -1
outer loop
vertex -14.5 -37.23472595214844 0
vertex -48.70000076293945 -31.68472671508789 0
vertex -14.353682518005371 -37.24913787841797 0
endloop
endfacet
facet normal 0 0 -1
outer loop
vertex -32 -32.93472671508789 0
vertex -31.82779312133789 -32.90047073364258 0
vertex -16.17249870300293 -32.90047073364258 0
endloop
endfacet
facet normal 0 0 -1
outer loop
vertex -31.82779312133789 -32.90047073364258 0
vertex -31.68180274963379 -32.80292510986328 0
vertex -16.318490982055664 -32.80292510986328 0
endloop
endfacet
facet normal 0 0 -1
outer loop
vertex -31.68180274963379 -32.80292510986328 0
vertex -31.584253311157227 -32.65693283081055 0
vertex -16.416038513183594 -32.65693283081055 0
endloop
endfacet
facet normal 0 0 -1
outer loop
vertex -31.584253311157227 -32.65693283081055 0
vertex -31.549999237060547 -32.48472595214844 0
vertex -16.450292587280273 -32.48472595214844 0
endloop
endfacet
facet normal 0 0 -1
outer loop
vertex -31.549999237060547 -32.48472595214844 0
vertex -31.584253311157227 -32.31251907348633 0
vertex -16.416038513183594 -32.31251907348633 0
endloop
endfacet
facet normal 0 0 -1
outer loop
vertex -31.584253311157227 -32.31251907348633 0
vertex -31.68180274963379 -32.166526794433594 0
vertex -16.318490982055664 -32.166526794433594 0
endloop
endfacet
facet normal 0 0 -1
outer loop
vertex -31.68180274963379 -32.166526794433594 0
vertex -31.82779312133789 -32.0689811706543 0
vertex -16.17249870300293 -32.0689811706543 0
endloop
endfacet
facet normal 0 0 -1
outer loop
vertex -32 -32.034725189208984 0
vertex -32 -31.66472625732422 0
vertex -16.00029182434082 -31.66472625732422 0
endloop
endfacet
facet normal 0 0 -1
outer loop
vertex -16.17249870300293 -32.90047073364258 0
vertex -31.82779312133789 -32.90047073364258 0
vertex -16.318490982055664 -32.80292510986328 0
endloop
endfacet
facet normal 0 0 -1
outer loop
vertex -32 -32.93472671508789 0
vertex -16.17249870300293 -32.90047073364258 0
vertex -16.00029182434082 -32.93472671508789 0
endloop
endfacet
facet normal 0 0 -1
outer loop
vertex -16.318490982055664 -32.80292510986328 0
vertex -31.68180274963379 -32.80292510986328 0
vertex -16.416038513183594 -32.65693283081055 0
endloop
endfacet
facet normal 0 0 -1
outer loop
vertex -16.416038513183594 -32.65693283081055 0
vertex -31.584253311157227 -32.65693283081055 0
vertex -16.450292587280273 -32.48472595214844 0
endloop
endfacet
facet normal 0 0 -1
outer loop
vertex -16.450292587280273 -32.48472595214844 0
vertex -31.549999237060547 -32.48472595214844 0
vertex -16.416038513183594 -32.31251907348633 0
endloop
endfacet
facet normal 0 0 -1
outer loop
vertex -16.416038513183594 -32.31251907348633 0
vertex -31.584253311157227 -32.31251907348633 0
vertex -16.318490982055664 -32.166526794433594 0
endloop
endfacet
facet normal 0 0 -1
outer loop
vertex -16.318490982055664 -32.166526794433594 0
vertex -31.68180274963379 -32.166526794433594 0
vertex -16.17249870300293 -32.0689811706543 0
endloop
endfacet
facet normal 0 0 -1
outer loop
vertex -16.17249870300293 -32.0689811706543 0
vertex -31.82779312133789 -32.0689811706543 0
vertex -16.00029182434082 -32.034725189208984 0
endloop
endfacet
facet normal 0 1 0
outer loop
vertex -45.20000076293945 -44.48472595214844 -0.15000000596046448
vertex -58.5 -44.48472595214844 0
vertex 58.5 -44.48472595214844 0
endloop
endfacet
facet normal 0 0 -1
outer loop
vertex 58.5 -44.48472595214844 0
vertex -58.5 -44.48472595214844 0
vertex -14.5 -38.73472595214844 0
endloop
endfacet
facet normal 0 0 -1
outer loop
vertex -32 -32.93472671508789 0
vertex 58.5 -44.48472595214844 0
vertex -48.70000076293945 -31.68472671508789 0
endloop
endfacet
facet normal 0 0 -1
outer loop
vertex -14.353682518005371 -37.24913787841797 0
vertex -48.70000076293945 -31.68472671508789 0
vertex 58.5 -44.48472595214844 0
endloop
endfacet
facet normal 0 0 -1
outer loop
vertex -31.82779312133789 -32.0689811706543 0
vertex -32 -32.034725189208984 0
vertex 48.70000076293945 -31.68472671508789 0
endloop
endfacet
facet normal 0 -1 0
outer loop
vertex 58.5 41.51527404785156 0
vertex 47.400001525878906 41.51527404785156 -1.0499999523162842
vertex 51 41.51527404785156 -1.0499999523162842
endloop
endfacet
facet normal 0 -1 0
outer loop
vertex 51 41.51527404785156 -1.0499999523162842
vertex 51 41.51527404785156 -2.8499999046325684
vertex 58.5 41.51527404785156 0
endloop
endfacet
facet normal 0 0 -1
outer loop
vertex -48.70000076293945 33.715274810791016 0
vertex -58.5 -44.48472595214844 0
vertex -58.5 41.51527404785156 0
endloop
endfacet
facet normal 0 0 -1
outer loop
vertex -32.41574478149414 -32.65693283081055 1.7000000476837158
vertex -32.45000076293945 -32.48472595214844 1.7000000476837158
vertex -32.41574478149414 -32.31251907348633 1.7000000476837158
endloop
endfacet
facet normal -0.1951007507126451 0.9807832059488795 0
outer loop
vertex -31.82779312133789 -32.90047073364258 1.7000000476837158
vertex -31.82779312133789 -32.90047073364258 0
vertex -32 -32.93472671508789 1.7000000476837158
endloop
endfacet
facet normal -0.5555622638012966 0.8314749371087372 0
outer loop
vertex -31.68180274963379 -32.80292510986328 1.7000000476837158
vertex -31.68180274963379 -32.80292510986328 0
vertex -31.82779312133789 -32.90047073364258 1.7000000476837158
endloop
endfacet
facet normal 0.9807832059488795 0.1951007507126451 0
outer loop
vertex -32.41574478149414 -32.65693283081055 1.7000000476837158
vertex -32.41574478149414 -32.65693283081055 0
vertex -32.45000076293945 -32.48472595214844 1.7000000476837158
endloop
endfacet
facet normal 0.9807832059488795 -0.1951007507126451 0
outer loop
vertex -32.45000076293945 -32.48472595214844 1.7000000476837158
vertex -32.45000076293945 -32.48472595214844 0
vertex -32.41574478149414 -32.31251907348633 1.7000000476837158
endloop
endfacet
facet normal -0.5555622638012966 0.8314749371087372 0
outer loop
vertex -31.82779312133789 -32.90047073364258 0
vertex -31.82779312133789 -32.90047073364258 1.7000000476837158
vertex -31.68180274963379 -32.80292510986328 0
endloop
endfacet
facet normal -0.1951007507126451 0.9807832059488795 0
outer loop
vertex -32 -32.93472671508789 0
vertex -32 -32.93472671508789 1.7000000476837158
vertex -31.82779312133789 -32.90047073364258 0
endloop
endfacet
facet normal 0.1951007507126451 0.9807832059488795 0
outer loop
vertex -32 -32.93472671508789 0
vertex -32.17220687866211 -32.90047073364258 0
vertex -32.17220687866211 -32.90047073364258 1.7000000476837158
endloop
endfacet
facet normal 0.5555572457639897 0.8314782899626002 0
outer loop
vertex -32.17220687866211 -32.90047073364258 1.7000000476837158
vertex -32.17220687866211 -32.90047073364258 0
vertex -32.318199157714844 -32.80292510986328 1.7000000476837158
endloop
endfacet
facet normal 0.5555572457639897 0.8314782899626002 0
outer loop
vertex -32.17220687866211 -32.90047073364258 0
vertex -32.318199157714844 -32.80292510986328 0
vertex -32.318199157714844 -32.80292510986328 1.7000000476837158
endloop
endfacet
facet normal 0.8314782899626002 0.5555572457639897 0
outer loop
vertex -32.318199157714844 -32.80292510986328 1.7000000476837158
vertex -32.318199157714844 -32.80292510986328 0
vertex -32.41574478149414 -32.65693283081055 1.7000000476837158
endloop
endfacet
facet normal 0.8314782899626002 -0.5555572457639897 0
outer loop
vertex -32.41574478149414 -32.31251907348633 1.7000000476837158
vertex -32.41574478149414 -32.31251907348633 0
vertex -32.318199157714844 -32.166526794433594 1.7000000476837158
endloop
endfacet
facet normal 0.5555572457639897 -0.8314782899626002 0
outer loop
vertex -32.318199157714844 -32.166526794433594 1.7000000476837158
vertex -32.318199157714844 -32.166526794433594 0
vertex -32.17220687866211 -32.0689811706543 1.7000000476837158
endloop
endfacet
facet normal 0.1951007507126451 -0.9807832059488795 0
outer loop
vertex -32.17220687866211 -32.0689811706543 1.7000000476837158
vertex -32.17220687866211 -32.0689811706543 0
vertex -32 -32.034725189208984 1.7000000476837158
endloop
endfacet
facet normal -0.8314682539438699 0.5555722659416437 0
outer loop
vertex -31.584253311157227 -32.65693283081055 1.7000000476837158
vertex -31.584253311157227 -32.65693283081055 0
vertex -31.68180274963379 -32.80292510986328 1.7000000476837158
endloop
endfacet
facet normal 0.1951007507126451 -0.9807832059488795 0
outer loop
vertex -32.17220687866211 -32.0689811706543 0
vertex -32 -32.034725189208984 0
vertex -32 -32.034725189208984 1.7000000476837158
endloop
endfacet
facet normal -0.9807852845629332 0.19509030110388895 0
outer loop
vertex -31.549999237060547 -32.48472595214844 1.7000000476837158
vertex -31.549999237060547 -32.48472595214844 0
vertex -31.584253311157227 -32.65693283081055 1.7000000476837158
endloop
endfacet
facet normal -0.5555622638012966 -0.8314749371087372 0
outer loop
vertex -31.82779312133789 -32.0689811706543 1.7000000476837158
vertex -31.82779312133789 -32.0689811706543 0
vertex -31.68180274963379 -32.166526794433594 1.7000000476837158
endloop
endfacet
facet normal -0.9807852845629332 -0.19509030110388895 0
outer loop
vertex -31.584253311157227 -32.31251907348633 1.7000000476837158
vertex -31.584253311157227 -32.31251907348633 0
vertex -31.549999237060547 -32.48472595214844 1.7000000476837158
endloop
endfacet
facet normal -0.8314682539438699 -0.5555722659416437 0
outer loop
vertex -31.68180274963379 -32.166526794433594 1.7000000476837158
vertex -31.68180274963379 -32.166526794433594 0
vertex -31.584253311157227 -32.31251907348633 1.7000000476837158
endloop
endfacet
facet normal -0.8314682539438699 -0.5555722659416437 0
outer loop
vertex -31.584253311157227 -32.31251907348633 0
vertex -31.584253311157227 -32.31251907348633 1.7000000476837158
vertex -31.68180274963379 -32.166526794433594 0
endloop
endfacet
facet normal -0.1951007507126451 -0.9807832059488795 0
outer loop
vertex -32 -32.034725189208984 1.7000000476837158
vertex -32 -32.034725189208984 0
vertex -31.82779312133789 -32.0689811706543 1.7000000476837158
endloop
endfacet
facet normal -0.5555622638012966 -0.8314749371087372 0
outer loop
vertex -31.82779312133789 -32.0689811706543 0
vertex -31.68180274963379 -32.166526794433594 0
vertex -31.68180274963379 -32.166526794433594 1.7000000476837158
endloop
endfacet
facet normal -0.1951007507126451 -0.9807832059488795 0
outer loop
vertex -31.82779312133789 -32.0689811706543 0
vertex -31.82779312133789 -32.0689811706543 1.7000000476837158
vertex -32 -32.034725189208984 0
endloop
endfacet
facet normal -0.9807852845629332 -0.19509030110388895 0
outer loop
vertex -31.549999237060547 -32.48472595214844 0
vertex -31.549999237060547 -32.48472595214844 1.7000000476837158
vertex -31.584253311157227 -32.31251907348633 0
endloop
endfacet
facet normal -0.9807852845629332 0.19509030110388895 0
outer loop
vertex -31.584253311157227 -32.65693283081055 0
vertex -31.584253311157227 -32.65693283081055 1.7000000476837158
vertex -31.549999237060547 -32.48472595214844 0
endloop
endfacet
facet normal -0.8314682539438699 0.5555722659416437 0
outer loop
vertex -31.68180274963379 -32.80292510986328 0
vertex -31.68180274963379 -32.80292510986328 1.7000000476837158
vertex -31.584253311157227 -32.65693283081055 0
endloop
endfacet
facet normal 0.5555572457639897 -0.8314782899626002 0
outer loop
vertex -32.318199157714844 -32.166526794433594 0
vertex -32.17220687866211 -32.0689811706543 0
vertex -32.17220687866211 -32.0689811706543 1.7000000476837158
endloop
endfacet
facet normal 0.8314782899626002 -0.5555572457639897 0
outer loop
vertex -32.41574478149414 -32.31251907348633 0
vertex -32.318199157714844 -32.166526794433594 0
vertex -32.318199157714844 -32.166526794433594 1.7000000476837158
endloop
endfacet
facet normal 0.9807832059488795 0.1951007507126451 0
outer loop
vertex -32.41574478149414 -32.65693283081055 0
vertex -32.45000076293945 -32.48472595214844 0
vertex -32.45000076293945 -32.48472595214844 1.7000000476837158
endloop
endfacet
facet normal 0.9807832059488795 -0.1951007507126451 0
outer loop
vertex -32.45000076293945 -32.48472595214844 0
vertex -32.41574478149414 -32.31251907348633 0
vertex -32.41574478149414 -32.31251907348633 1.7000000476837158
endloop
endfacet
facet normal 0.1951007507126451 0.9807832059488795 0
outer loop
vertex -32 -32.93472671508789 1.7000000476837158
vertex -32 -32.93472671508789 0
vertex -32.17220687866211 -32.90047073364258 1.7000000476837158
endloop
endfacet
facet normal 0.8314782899626002 0.5555572457639897 0
outer loop
vertex -32.318199157714844 -32.80292510986328 0
vertex -32.41574478149414 -32.65693283081055 0
vertex -32.41574478149414 -32.65693283081055 1.7000000476837158
endloop
endfacet
facet normal 0 0 -1
outer loop
vertex -31.68180274963379 -32.166526794433594 1.7000000476837158
vertex -31.82779312133789 -32.90047073364258 1.7000000476837158
vertex -31.82779312133789 -32.0689811706543 1.7000000476837158
endloop
endfacet
facet normal 0 0 -1
outer loop
vertex -31.549999237060547 -32.48472595214844 1.7000000476837158
vertex -31.584253311157227 -32.65693283081055 1.7000000476837158
vertex -31.584253311157227 -32.31251907348633 1.7000000476837158
endloop
endfacet
facet normal 0 0 -1
outer loop
vertex -31.68180274963379 -32.166526794433594 1.7000000476837158
vertex -31.584253311157227 -32.31251907348633 1.7000000476837158
vertex -31.68180274963379 -32.80292510986328 1.7000000476837158
endloop
endfacet
facet normal 0 0 -1
outer loop
vertex -31.584253311157227 -32.65693283081055 1.7000000476837158
vertex -31.68180274963379 -32.80292510986328 1.7000000476837158
vertex -31.584253311157227 -32.31251907348633 1.7000000476837158
endloop
endfacet
facet normal 0 0 -1
outer loop
vertex -31.68180274963379 -32.80292510986328 1.7000000476837158
vertex -31.82779312133789 -32.90047073364258 1.7000000476837158
vertex -31.68180274963379 -32.166526794433594 1.7000000476837158
endloop
endfacet
facet normal 0 0 -1
outer loop
vertex -31.82779312133789 -32.90047073364258 1.7000000476837158
vertex -32 -32.93472671508789 1.7000000476837158
vertex -31.82779312133789 -32.0689811706543 1.7000000476837158
endloop
endfacet
facet normal 0 0 -1
outer loop
vertex -32 -32.034725189208984 1.7000000476837158
vertex -31.82779312133789 -32.0689811706543 1.7000000476837158
vertex -32 -32.93472671508789 1.7000000476837158
endloop
endfacet
facet normal 0 0 -1
outer loop
vertex -32 -32.034725189208984 1.7000000476837158
vertex -32.17220687866211 -32.90047073364258 1.7000000476837158
vertex -32.17220687866211 -32.0689811706543 1.7000000476837158
endloop
endfacet
facet normal 0 0 -1
outer loop
vertex -32.17220687866211 -32.0689811706543 1.7000000476837158
vertex -32.318199157714844 -32.80292510986328 1.7000000476837158
vertex -32.318199157714844 -32.166526794433594 1.7000000476837158
endloop
endfacet
facet normal 0 0 -1
outer loop
vertex -32.318199157714844 -32.166526794433594 1.7000000476837158
vertex -32.41574478149414 -32.65693283081055 1.7000000476837158
vertex -32.41574478149414 -32.31251907348633 1.7000000476837158
endloop
endfacet
facet normal 0 0 -1
outer loop
vertex -32 -32.93472671508789 1.7000000476837158
vertex -32.17220687866211 -32.90047073364258 1.7000000476837158
vertex -32 -32.034725189208984 1.7000000476837158
endloop
endfacet
facet normal 0 0 -1
outer loop
vertex -32.318199157714844 -32.80292510986328 1.7000000476837158
vertex -32.41574478149414 -32.65693283081055 1.7000000476837158
vertex -32.318199157714844 -32.166526794433594 1.7000000476837158
endloop
endfacet
facet normal 0 0 -1
outer loop
vertex -32.17220687866211 -32.90047073364258 1.7000000476837158
vertex -32.318199157714844 -32.80292510986328 1.7000000476837158
vertex -32.17220687866211 -32.0689811706543 1.7000000476837158
endloop
endfacet
facet normal 0.8314749371087372 -0.5555622638012966 0
outer loop
vertex -32.41574478149414 -31.042518615722656 0
vertex -32.318199157714844 -30.896528244018555 0
vertex -32.318199157714844 -30.896528244018555 1.7000000476837158
endloop
endfacet
facet normal 0.5555647559208026 -0.8314732719568675 0
outer loop
vertex -32.318199157714844 -30.896528244018555 1.7000000476837158
vertex -32.318199157714844 -30.896528244018555 0
vertex -32.17220687866211 -30.798980712890625 1.7000000476837158
endloop
endfacet
facet normal 0.9807832059488795 0.1951007507126451 0
outer loop
vertex -32.41574478149414 -31.386934280395508 0
vertex -32.45000076293945 -31.2147274017334 0
vertex -32.45000076293945 -31.2147274017334 1.7000000476837158
endloop
endfacet
facet normal -0.19509030110388895 -0.9807852845629332 0
outer loop
vertex -32 -30.764726638793945 0
vertex -31.82779312133789 -30.798980712890625 0
vertex -31.82779312133789 -30.798980712890625 1.7000000476837158
endloop
endfacet
facet normal 0.9807836194374872 -0.1950986720690384 0
outer loop
vertex -32.45000076293945 -31.2147274017334 0
vertex -32.41574478149414 -31.042518615722656 0
vertex -32.41574478149414 -31.042518615722656 1.7000000476837158
endloop
endfacet
facet normal 0.19509030110388895 -0.9807852845629332 0
outer loop
vertex -32.17220687866211 -30.798980712890625 1.7000000476837158
vertex -32.17220687866211 -30.798980712890625 0
vertex -32 -30.764726638793945 1.7000000476837158
endloop
endfacet
facet normal -0.8314649009491799 0.5555772839934787 0
outer loop
vertex -31.68180274963379 -31.53292465209961 0
vertex -31.68180274963379 -31.53292465209961 1.7000000476837158
vertex -31.584253311157227 -31.386934280395508 0
endloop
endfacet
facet normal 0 0 -1
outer loop
vertex -32.41574478149414 -31.386934280395508 1.7000000476837158
vertex -32.45000076293945 -31.2147274017334 1.7000000476837158
vertex -32.41574478149414 -31.042518615722656 1.7000000476837158
endloop
endfacet
facet normal -0.8314649009491799 0.5555772839934787 0
outer loop
vertex -31.584253311157227 -31.386934280395508 1.7000000476837158
vertex -31.584253311157227 -31.386934280395508 0
vertex -31.68180274963379 -31.53292465209961 1.7000000476837158
endloop
endfacet
facet normal -0.555569773965375 0.8314699190325903 0
outer loop
vertex -31.68180274963379 -31.53292465209961 1.7000000476837158
vertex -31.68180274963379 -31.53292465209961 0
vertex -31.82779312133789 -31.63047218322754 1.7000000476837158
endloop
endfacet
facet normal -0.8314649009491799 -0.5555772839934787 0
outer loop
vertex -31.68180274963379 -30.896528244018555 1.7000000476837158
vertex -31.68180274963379 -30.896528244018555 0
vertex -31.584253311157227 -31.042518615722656 1.7000000476837158
endloop
endfacet
facet normal -0.555569773965375 -0.8314699190325903 0
outer loop
vertex -31.82779312133789 -30.798980712890625 1.7000000476837158
vertex -31.82779312133789 -30.798980712890625 0
vertex -31.68180274963379 -30.896528244018555 1.7000000476837158
endloop
endfacet
facet normal -0.9807856980081253 -0.19508822256280442 0
outer loop
vertex -31.584253311157227 -31.042518615722656 1.7000000476837158
vertex -31.584253311157227 -31.042518615722656 0
vertex -31.549999237060547 -31.2147274017334 1.7000000476837158
endloop
endfacet
facet normal -0.9807852845629332 0.19509030110388895 0
outer loop
vertex -31.549999237060547 -31.2147274017334 1.7000000476837158
vertex -31.549999237060547 -31.2147274017334 0
vertex -31.584253311157227 -31.386934280395508 1.7000000476837158
endloop
endfacet
facet normal -0.555569773965375 -0.8314699190325903 0
outer loop
vertex -31.82779312133789 -30.798980712890625 0
vertex -31.68180274963379 -30.896528244018555 0
vertex -31.68180274963379 -30.896528244018555 1.7000000476837158
endloop
endfacet
facet normal -0.9807856980081253 -0.19508822256280442 0
outer loop
vertex -31.549999237060547 -31.2147274017334 0
vertex -31.549999237060547 -31.2147274017334 1.7000000476837158
vertex -31.584253311157227 -31.042518615722656 0
endloop
endfacet
facet normal -0.8314649009491799 -0.5555772839934787 0
outer loop
vertex -31.584253311157227 -31.042518615722656 0
vertex -31.584253311157227 -31.042518615722656 1.7000000476837158
vertex -31.68180274963379 -30.896528244018555 0
endloop
endfacet
facet normal -0.19509030110388895 -0.9807852845629332 0
outer loop
vertex -32 -30.764726638793945 1.7000000476837158
vertex -32 -30.764726638793945 0
vertex -31.82779312133789 -30.798980712890625 1.7000000476837158
endloop
endfacet
facet normal -0.555569773965375 0.8314699190325903 0
outer loop
vertex -31.82779312133789 -31.63047218322754 0
vertex -31.82779312133789 -31.63047218322754 1.7000000476837158
vertex -31.68180274963379 -31.53292465209961 0
endloop
endfacet
facet normal -0.19509030110388895 0.9807852845629332 0
outer loop
vertex -32 -31.66472625732422 0
vertex -32 -31.66472625732422 1.7000000476837158
vertex -31.82779312133789 -31.63047218322754 0
endloop
endfacet
facet normal 0.19509030110388895 0.9807852845629332 0
outer loop
vertex -32 -31.66472625732422 0
vertex -32.17220687866211 -31.63047218322754 0
vertex -32.17220687866211 -31.63047218322754 1.7000000476837158
endloop
endfacet
facet normal 0.9807832059488795 0.1951007507126451 0
outer loop
vertex -32.41574478149414 -31.386934280395508 1.7000000476837158
vertex -32.41574478149414 -31.386934280395508 0
vertex -32.45000076293945 -31.2147274017334 1.7000000476837158
endloop
endfacet
facet normal 0.9807836194374872 -0.1950986720690384 0
outer loop
vertex -32.45000076293945 -31.2147274017334 1.7000000476837158
vertex -32.45000076293945 -31.2147274017334 0
vertex -32.41574478149414 -31.042518615722656 1.7000000476837158
endloop
endfacet
facet normal -0.19509030110388895 0.9807852845629332 0
outer loop
vertex -31.82779312133789 -31.63047218322754 1.7000000476837158
vertex -31.82779312133789 -31.63047218322754 0
vertex -32 -31.66472625732422 1.7000000476837158
endloop
endfacet
facet normal -0.9807852845629332 0.19509030110388895 0
outer loop
vertex -31.584253311157227 -31.386934280395508 0
vertex -31.584253311157227 -31.386934280395508 1.7000000476837158
vertex -31.549999237060547 -31.2147274017334 0
endloop
endfacet
facet normal 0.5555647559208026 -0.8314732719568675 0
outer loop
vertex -32.318199157714844 -30.896528244018555 0
vertex -32.17220687866211 -30.798980712890625 0
vertex -32.17220687866211 -30.798980712890625 1.7000000476837158
endloop
endfacet
facet normal 0.8314749371087372 0.5555622638012966 0
outer loop
vertex -32.318199157714844 -31.53292465209961 0
vertex -32.41574478149414 -31.386934280395508 0
vertex -32.41574478149414 -31.386934280395508 1.7000000476837158
endloop
endfacet
facet normal 0.5555647559208026 0.8314732719568675 0
outer loop
vertex -32.17220687866211 -31.63047218322754 0
vertex -32.318199157714844 -31.53292465209961 0
vertex -32.318199157714844 -31.53292465209961 1.7000000476837158
endloop
endfacet
facet normal 0.19509030110388895 0.9807852845629332 0
outer loop
vertex -32 -31.66472625732422 1.7000000476837158
vertex -32 -31.66472625732422 0
vertex -32.17220687866211 -31.63047218322754 1.7000000476837158
endloop
endfacet
facet normal 0 0 -1
outer loop
vertex -32 -31.66472625732422 1.7000000476837158
vertex -32.17220687866211 -31.63047218322754 1.7000000476837158
vertex -32 -30.764726638793945 1.7000000476837158
endloop
endfacet
facet normal 0 0 -1
outer loop
vertex -31.82779312133789 -31.63047218322754 1.7000000476837158
vertex -32 -31.66472625732422 1.7000000476837158
vertex -31.82779312133789 -30.798980712890625 1.7000000476837158
endloop
endfacet
facet normal 0 0 -1
outer loop
vertex -31.68180274963379 -31.53292465209961 1.7000000476837158
vertex -31.82779312133789 -31.63047218322754 1.7000000476837158
vertex -31.68180274963379 -30.896528244018555 1.7000000476837158
endloop
endfacet
facet normal 0 0 -1
outer loop
vertex -32.318199157714844 -31.53292465209961 1.7000000476837158
vertex -32.41574478149414 -31.386934280395508 1.7000000476837158
vertex -32.318199157714844 -30.896528244018555 1.7000000476837158
endloop
endfacet
facet normal 0 0 -1
outer loop
vertex -32.17220687866211 -31.63047218322754 1.7000000476837158
vertex -32.318199157714844 -31.53292465209961 1.7000000476837158
vertex -32.17220687866211 -30.798980712890625 1.7000000476837158
endloop
endfacet
facet normal 0 0 -1
outer loop
vertex -32.318199157714844 -30.896528244018555 1.7000000476837158
vertex -32.41574478149414 -31.386934280395508 1.7000000476837158
vertex -32.41574478149414 -31.042518615722656 1.7000000476837158
endloop
endfacet
facet normal 0 0 -1
outer loop
vertex -32.17220687866211 -30.798980712890625 1.7000000476837158
vertex -32.318199157714844 -31.53292465209961 1.7000000476837158
vertex -32.318199157714844 -30.896528244018555 1.7000000476837158
endloop
endfacet
facet normal 0 0 -1
outer loop
vertex -32 -30.764726638793945 1.7000000476837158
vertex -32.17220687866211 -31.63047218322754 1.7000000476837158
vertex -32.17220687866211 -30.798980712890625 1.7000000476837158
endloop
endfacet
facet normal 0 0 -1
outer loop
vertex -31.82779312133789 -30.798980712890625 1.7000000476837158
vertex -32 -31.66472625732422 1.7000000476837158
vertex -32 -30.764726638793945 1.7000000476837158
endloop
endfacet
facet normal 0 0 -1
outer loop
vertex -31.68180274963379 -30.896528244018555 1.7000000476837158
vertex -31.82779312133789 -31.63047218322754 1.7000000476837158
vertex -31.82779312133789 -30.798980712890625 1.7000000476837158
endloop
endfacet
facet normal 0 0 -1
outer loop
vertex -31.584253311157227 -31.386934280395508 1.7000000476837158
vertex -31.68180274963379 -31.53292465209961 1.7000000476837158
vertex -31.584253311157227 -31.042518615722656 1.7000000476837158
endloop
endfacet
facet normal 0.19509030110388895 -0.9807852845629332 0
outer loop
vertex -32.17220687866211 -30.798980712890625 0
vertex -32 -30.764726638793945 0
vertex -32 -30.764726638793945 1.7000000476837158
endloop
endfacet
facet normal 0 0 -1
outer loop
vertex -31.549999237060547 -31.2147274017334 1.7000000476837158
vertex -31.584253311157227 -31.386934280395508 1.7000000476837158
vertex -31.584253311157227 -31.042518615722656 1.7000000476837158
endloop
endfacet
facet normal 0.5555647559208026 0.8314732719568675 0
outer loop
vertex -32.17220687866211 -31.63047218322754 1.7000000476837158
vertex -32.17220687866211 -31.63047218322754 0
vertex -32.318199157714844 -31.53292465209961 1.7000000476837158
endloop
endfacet
facet normal 0 0 -1
outer loop
vertex -31.68180274963379 -30.896528244018555 1.7000000476837158
vertex -31.584253311157227 -31.042518615722656 1.7000000476837158
vertex -31.68180274963379 -31.53292465209961 1.7000000476837158
endloop
endfacet
facet normal 0.8314749371087372 0.5555622638012966 0
outer loop
vertex -32.318199157714844 -31.53292465209961 1.7000000476837158
vertex -32.318199157714844 -31.53292465209961 0
vertex -32.41574478149414 -31.386934280395508 1.7000000476837158
endloop
endfacet
facet normal 0.8314749371087372 -0.5555622638012966 0
outer loop
vertex -32.41574478149414 -31.042518615722656 1.7000000476837158
vertex -32.41574478149414 -31.042518615722656 0
vertex -32.318199157714844 -30.896528244018555 1.7000000476837158
endloop
endfacet
facet normal 0 0 -1
outer loop
vertex -32.17220687866211 -30.360471725463867 1.7000000476837158
vertex -32.318199157714844 -30.262924194335938 1.7000000476837158
vertex -32.17220687866211 -29.528980255126953 1.7000000476837158
endloop
endfacet
facet normal 0 0 -1
outer loop
vertex -31.82779312133789 -30.360471725463867 1.7000000476837158
vertex -32 -30.394725799560547 1.7000000476837158
vertex -31.82779312133789 -29.528980255126953 1.7000000476837158
endloop
endfacet
facet normal 0 0 -1
outer loop
vertex -31.68180274963379 -30.262924194335938 1.7000000476837158
vertex -31.82779312133789 -30.360471725463867 1.7000000476837158
vertex -31.68180274963379 -29.626527786254883 1.7000000476837158
endloop
endfacet
facet normal 0 0 -1
outer loop
vertex -32.318199157714844 -30.262924194335938 1.7000000476837158
vertex -32.41574478149414 -30.116933822631836 1.7000000476837158
vertex -32.318199157714844 -29.626527786254883 1.7000000476837158
endloop
endfacet
facet normal 0 0 -1
outer loop
vertex -31.584253311157227 -30.116933822631836 1.7000000476837158
vertex -31.68180274963379 -30.262924194335938 1.7000000476837158
vertex -31.584253311157227 -29.772520065307617 1.7000000476837158
endloop
endfacet
facet normal 0 0 -1
outer loop
vertex -31.549999237060547 -29.944726943969727 1.7000000476837158
vertex -31.584253311157227 -30.116933822631836 1.7000000476837158
vertex -31.584253311157227 -29.772520065307617 1.7000000476837158
endloop
endfacet
facet normal 0.9807832059488795 0.1951007507126451 0
outer loop
vertex -32.41574478149414 -30.116933822631836 0
vertex -32.45000076293945 -29.944726943969727 0
vertex -32.45000076293945 -29.944726943969727 1.7000000476837158
endloop
endfacet
facet normal 0.9807832059488795 -0.1951007507126451 0
outer loop
vertex -32.45000076293945 -29.944726943969727 1.7000000476837158
vertex -32.45000076293945 -29.944726943969727 0
vertex -32.41574478149414 -29.772520065307617 1.7000000476837158
endloop
endfacet
facet normal 0.5555647559208026 0.8314732719568675 0
outer loop
vertex -32.17220687866211 -30.360471725463867 0
vertex -32.318199157714844 -30.262924194335938 0
vertex -32.318199157714844 -30.262924194335938 1.7000000476837158
endloop
endfacet
facet normal 0.9807832059488795 -0.1951007507126451 0
outer loop
vertex -32.45000076293945 -29.944726943969727 0
vertex -32.41574478149414 -29.772520065307617 0
vertex -32.41574478149414 -29.772520065307617 1.7000000476837158
endloop
endfacet
facet normal 0.9807832059488795 0.1951007507126451 0
outer loop
vertex -32.41574478149414 -30.116933822631836 1.7000000476837158
vertex -32.41574478149414 -30.116933822631836 0
vertex -32.45000076293945 -29.944726943969727 1.7000000476837158
endloop
endfacet
facet normal 0.5555647559208026 0.8314732719568675 0
outer loop
vertex -32.17220687866211 -30.360471725463867 1.7000000476837158
vertex -32.17220687866211 -30.360471725463867 0
vertex -32.318199157714844 -30.262924194335938 1.7000000476837158
endloop
endfacet
facet normal 0.8314782899626002 -0.5555572457639897 0
outer loop
vertex -32.41574478149414 -29.772520065307617 1.7000000476837158
vertex -32.41574478149414 -29.772520065307617 0
vertex -32.318199157714844 -29.626527786254883 1.7000000476837158
endloop
endfacet
facet normal 0.5555647559208026 -0.8314732719568675 0
outer loop
vertex -32.318199157714844 -29.626527786254883 1.7000000476837158
vertex -32.318199157714844 -29.626527786254883 0
vertex -32.17220687866211 -29.528980255126953 1.7000000476837158
endloop
endfacet
facet normal 0.19509030110388895 -0.9807852845629332 0
outer loop
vertex -32.17220687866211 -29.528980255126953 1.7000000476837158
vertex -32.17220687866211 -29.528980255126953 0
vertex -32 -29.494726181030273 1.7000000476837158
endloop
endfacet
facet normal -0.19509030110388895 -0.9807852845629332 0
outer loop
vertex -32 -29.494726181030273 1.7000000476837158
vertex -32 -29.494726181030273 0
vertex -31.82779312133789 -29.528980255126953 1.7000000476837158
endloop
endfacet
facet normal -0.9807852845629332 -0.19509030110388895 0
outer loop
vertex -31.584253311157227 -29.772520065307617 1.7000000476837158
vertex -31.584253311157227 -29.772520065307617 0
vertex -31.549999237060547 -29.944726943969727 1.7000000476837158
endloop
endfacet
facet normal -0.8314682539438699 -0.5555722659416437 0
outer loop
vertex -31.68180274963379 -29.626527786254883 1.7000000476837158
vertex -31.68180274963379 -29.626527786254883 0
vertex -31.584253311157227 -29.772520065307617 1.7000000476837158
endloop
endfacet
facet normal -0.555569773965375 -0.8314699190325903 0
outer loop
vertex -31.82779312133789 -29.528980255126953 1.7000000476837158
vertex -31.82779312133789 -29.528980255126953 0
vertex -31.68180274963379 -29.626527786254883 1.7000000476837158
endloop
endfacet
facet normal -0.9807852845629332 0.19509030110388895 0
outer loop
vertex -31.549999237060547 -29.944726943969727 0
vertex -31.584253311157227 -30.116933822631836 0
vertex -31.584253311157227 -30.116933822631836 1.7000000476837158
endloop
endfacet
facet normal -0.8314649009491799 0.5555772839934787 0
outer loop
vertex -31.68180274963379 -30.262924194335938 0
vertex -31.68180274963379 -30.262924194335938 1.7000000476837158
vertex -31.584253311157227 -30.116933822631836 0
endloop
endfacet
facet normal -0.555569773965375 0.8314699190325903 0
outer loop
vertex -31.82779312133789 -30.360471725463867 0
vertex -31.82779312133789 -30.360471725463867 1.7000000476837158
vertex -31.68180274963379 -30.262924194335938 0
endloop
endfacet
facet normal 0.8314749371087372 0.5555622638012966 0
outer loop
vertex -32.318199157714844 -30.262924194335938 0
vertex -32.41574478149414 -30.116933822631836 0
vertex -32.41574478149414 -30.116933822631836 1.7000000476837158
endloop
endfacet
facet normal -0.19509030110388895 0.9807852845629332 0
outer loop
vertex -31.82779312133789 -30.360471725463867 0
vertex -32 -30.394725799560547 0
vertex -32 -30.394725799560547 1.7000000476837158
endloop
endfacet
facet normal 0.19509030110388895 0.9807852845629332 0
outer loop
vertex -32 -30.394725799560547 0
vertex -32.17220687866211 -30.360471725463867 0
vertex -32.17220687866211 -30.360471725463867 1.7000000476837158
endloop
endfacet
facet normal 0 0 -1
outer loop
vertex -31.584253311157227 -29.772520065307617 1.7000000476837158
vertex -31.68180274963379 -30.262924194335938 1.7000000476837158
vertex -31.68180274963379 -29.626527786254883 1.7000000476837158
endloop
endfacet
facet normal 0 0 -1
outer loop
vertex -31.68180274963379 -29.626527786254883 1.7000000476837158
vertex -31.82779312133789 -30.360471725463867 1.7000000476837158
vertex -31.82779312133789 -29.528980255126953 1.7000000476837158
endloop
endfacet
facet normal 0 0 -1
outer loop
vertex -31.82779312133789 -29.528980255126953 1.7000000476837158
vertex -32 -30.394725799560547 1.7000000476837158
vertex -32 -29.494726181030273 1.7000000476837158
endloop
endfacet
facet normal 0 0 -1
outer loop
vertex -32 -29.494726181030273 1.7000000476837158
vertex -32.17220687866211 -30.360471725463867 1.7000000476837158
vertex -32.17220687866211 -29.528980255126953 1.7000000476837158
endloop
endfacet
facet normal 0 0 -1
outer loop
vertex -32.41574478149414 -30.116933822631836 1.7000000476837158
vertex -32.45000076293945 -29.944726943969727 1.7000000476837158
vertex -32.41574478149414 -29.772520065307617 1.7000000476837158
endloop
endfacet
facet normal 0 0 -1
outer loop
vertex -32.17220687866211 -29.528980255126953 1.7000000476837158
vertex -32.318199157714844 -30.262924194335938 1.7000000476837158
vertex -32.318199157714844 -29.626527786254883 1.7000000476837158
endloop
endfacet
facet normal 0 0 -1
outer loop
vertex -32.318199157714844 -29.626527786254883 1.7000000476837158
vertex -32.41574478149414 -30.116933822631836 1.7000000476837158
vertex -32.41574478149414 -29.772520065307617 1.7000000476837158
endloop
endfacet
facet normal 0.8314782899626002 -0.5555572457639897 0
outer loop
vertex -32.41574478149414 -29.772520065307617 0
vertex -32.318199157714844 -29.626527786254883 0
vertex -32.318199157714844 -29.626527786254883 1.7000000476837158
endloop
endfacet
facet normal 0.5555647559208026 -0.8314732719568675 0
outer loop
vertex -32.318199157714844 -29.626527786254883 0
vertex -32.17220687866211 -29.528980255126953 0
vertex -32.17220687866211 -29.528980255126953 1.7000000476837158
endloop
endfacet
facet normal 0.19509030110388895 -0.9807852845629332 0
outer loop
vertex -32.17220687866211 -29.528980255126953 0
vertex -32 -29.494726181030273 0
vertex -32 -29.494726181030273 1.7000000476837158
endloop
endfacet
facet normal -0.555569773965375 -0.8314699190325903 0
outer loop
vertex -31.82779312133789 -29.528980255126953 0
vertex -31.68180274963379 -29.626527786254883 0
vertex -31.68180274963379 -29.626527786254883 1.7000000476837158
endloop
endfacet
facet normal -0.9807852845629332 -0.19509030110388895 0
outer loop
vertex -31.584253311157227 -29.772520065307617 0
vertex -31.549999237060547 -29.944726943969727 0
vertex -31.549999237060547 -29.944726943969727 1.7000000476837158
endloop
endfacet
facet normal -0.8314682539438699 -0.5555722659416437 0
outer loop
vertex -31.68180274963379 -29.626527786254883 0
vertex -31.584253311157227 -29.772520065307617 0
vertex -31.584253311157227 -29.772520065307617 1.7000000476837158
endloop
endfacet
facet normal 0.19509030110388895 0.9807852845629332 0
outer loop
vertex -32 -30.394725799560547 1.7000000476837158
vertex -32 -30.394725799560547 0
vertex -32.17220687866211 -30.360471725463867 1.7000000476837158
endloop
endfacet
facet normal -0.9807852845629332 0.19509030110388895 0
outer loop
vertex -31.549999237060547 -29.944726943969727 1.7000000476837158
vertex -31.549999237060547 -29.944726943969727 0
vertex -31.584253311157227 -30.116933822631836 1.7000000476837158
endloop
endfacet
facet normal -0.8314649009491799 0.5555772839934787 0
outer loop
vertex -31.584253311157227 -30.116933822631836 1.7000000476837158
vertex -31.584253311157227 -30.116933822631836 0
vertex -31.68180274963379 -30.262924194335938 1.7000000476837158
endloop
endfacet
facet normal -0.19509030110388895 -0.9807852845629332 0
outer loop
vertex -32 -29.494726181030273 0
vertex -31.82779312133789 -29.528980255126953 0
vertex -31.82779312133789 -29.528980255126953 1.7000000476837158
endloop
endfacet
facet normal 0.8314749371087372 0.5555622638012966 0
outer loop
vertex -32.318199157714844 -30.262924194335938 1.7000000476837158
vertex -32.318199157714844 -30.262924194335938 0
vertex -32.41574478149414 -30.116933822631836 1.7000000476837158
endloop
endfacet
facet normal -0.555569773965375 0.8314699190325903 0
outer loop
vertex -31.68180274963379 -30.262924194335938 1.7000000476837158
vertex -31.68180274963379 -30.262924194335938 0
vertex -31.82779312133789 -30.360471725463867 1.7000000476837158
endloop
endfacet
facet normal -0.19509030110388895 0.9807852845629332 0
outer loop
vertex -31.82779312133789 -30.360471725463867 1.7000000476837158
vertex -31.82779312133789 -30.360471725463867 0
vertex -32 -30.394725799560547 1.7000000476837158
endloop
endfacet
facet normal 0 0 -1
outer loop
vertex -32 -30.394725799560547 1.7000000476837158
vertex -32.17220687866211 -30.360471725463867 1.7000000476837158
vertex -32 -29.494726181030273 1.7000000476837158
endloop
endfacet
facet normal 0.19509030110388895 -0.9807852845629332 0
outer loop
vertex -32.17220687866211 -28.258981704711914 0
vertex -32 -28.224727630615234 0
vertex -32 -28.224727630615234 1.7000000476837158
endloop
endfacet
facet normal 0.19509030110388895 -0.9807852845629332 0
outer loop
vertex -32.17220687866211 -28.258981704711914 1.7000000476837158
vertex -32.17220687866211 -28.258981704711914 0
vertex -32 -28.224727630615234 1.7000000476837158
endloop
endfacet
facet normal 0.5555647559208026 -0.8314732719568675 0
outer loop
vertex -32.318199157714844 -28.356529235839844 0
vertex -32.17220687866211 -28.258981704711914 0
vertex -32.17220687866211 -28.258981704711914 1.7000000476837158
endloop
endfacet
facet normal 0.9807832059488795 0.1951007507126451 0
outer loop
vertex -32.41574478149414 -28.846933364868164 1.7000000476837158
vertex -32.41574478149414 -28.846933364868164 0
vertex -32.45000076293945 -28.674726486206055 1.7000000476837158
endloop
endfacet
facet normal 0.9807832059488795 -0.1951007507126451 0
outer loop
vertex -32.45000076293945 -28.674726486206055 1.7000000476837158
vertex -32.45000076293945 -28.674726486206055 0
vertex -32.41574478149414 -28.502519607543945 1.7000000476837158
endloop
endfacet
facet normal 0.9807832059488795 0.1951007507126451 0
outer loop
vertex -32.41574478149414 -28.846933364868164 0
vertex -32.45000076293945 -28.674726486206055 0
vertex -32.45000076293945 -28.674726486206055 1.7000000476837158
endloop
endfacet
facet normal 0.9807832059488795 -0.1951007507126451 0
outer loop
vertex -32.45000076293945 -28.674726486206055 0
vertex -32.41574478149414 -28.502519607543945 0
vertex -32.41574478149414 -28.502519607543945 1.7000000476837158
endloop
endfacet
facet normal 0.5555647559208026 0.8314732719568675 0
outer loop
vertex -32.17220687866211 -29.090473175048828 1.7000000476837158
vertex -32.17220687866211 -29.090473175048828 0
vertex -32.318199157714844 -28.9929256439209 1.7000000476837158
endloop
endfacet
facet normal 0.8314782899626002 0.5555572457639897 0
outer loop
vertex -32.318199157714844 -28.9929256439209 1.7000000476837158
vertex -32.318199157714844 -28.9929256439209 0
vertex -32.41574478149414 -28.846933364868164 1.7000000476837158
endloop
endfacet
facet normal 0.19509030110388895 0.9807852845629332 0
outer loop
vertex -32 -29.124727249145508 1.7000000476837158
vertex -32 -29.124727249145508 0
vertex -32.17220687866211 -29.090473175048828 1.7000000476837158
endloop
endfacet
facet normal -0.19509030110388895 0.9807852845629332 0
outer loop
vertex -31.82779312133789 -29.090473175048828 1.7000000476837158
vertex -31.82779312133789 -29.090473175048828 0
vertex -32 -29.124727249145508 1.7000000476837158
endloop
endfacet
facet normal -0.555569773965375 0.8314699190325903 0
outer loop
vertex -31.68180274963379 -28.9929256439209 1.7000000476837158
vertex -31.68180274963379 -28.9929256439209 0
vertex -31.82779312133789 -29.090473175048828 1.7000000476837158
endloop
endfacet
facet normal -0.8314649009491799 -0.5555772839934787 0
outer loop
vertex -31.68180274963379 -28.356529235839844 0
vertex -31.584253311157227 -28.502519607543945 0
vertex -31.584253311157227 -28.502519607543945 1.7000000476837158
endloop
endfacet
facet normal -0.19509030110388895 -0.9807852845629332 0
outer loop
vertex -32 -28.224727630615234 0
vertex -31.82779312133789 -28.258981704711914 0
vertex -31.82779312133789 -28.258981704711914 1.7000000476837158
endloop
endfacet
facet normal -0.555569773965375 -0.8314699190325903 0
outer loop
vertex -31.82779312133789 -28.258981704711914 0
vertex -31.68180274963379 -28.356529235839844 0
vertex -31.68180274963379 -28.356529235839844 1.7000000476837158
endloop
endfacet
facet normal 0 0 -1
outer loop
vertex -31.549999237060547 -28.674726486206055 1.7000000476837158
vertex -31.584253311157227 -28.846933364868164 1.7000000476837158
vertex -31.584253311157227 -28.502519607543945 1.7000000476837158
endloop
endfacet
facet normal 0 0 -1
outer loop
vertex -31.68180274963379 -28.356529235839844 1.7000000476837158
vertex -31.584253311157227 -28.502519607543945 1.7000000476837158
vertex -31.68180274963379 -28.9929256439209 1.7000000476837158
endloop
endfacet
facet normal 0 0 -1
outer loop
vertex -31.584253311157227 -28.846933364868164 1.7000000476837158
vertex -31.68180274963379 -28.9929256439209 1.7000000476837158
vertex -31.584253311157227 -28.502519607543945 1.7000000476837158
endloop
endfacet
facet normal 0 0 -1
outer loop
vertex -31.68180274963379 -28.356529235839844 1.7000000476837158
vertex -31.82779312133789 -29.090473175048828 1.7000000476837158
vertex -31.82779312133789 -28.258981704711914 1.7000000476837158
endloop
endfacet
facet normal 0.8314749371087372 -0.5555622638012966 0
outer loop
vertex -32.41574478149414 -28.502519607543945 0
vertex -32.318199157714844 -28.356529235839844 0
vertex -32.318199157714844 -28.356529235839844 1.7000000476837158
endloop
endfacet
facet normal -0.9807852845629332 -0.19509030110388895 0
outer loop
vertex -31.584253311157227 -28.502519607543945 0
vertex -31.549999237060547 -28.674726486206055 0
vertex -31.549999237060547 -28.674726486206055 1.7000000476837158
endloop
endfacet
facet normal -0.9807852845629332 0.19509030110388895 0
outer loop
vertex -31.549999237060547 -28.674726486206055 0
vertex -31.584253311157227 -28.846933364868164 0
vertex -31.584253311157227 -28.846933364868164 1.7000000476837158
endloop
endfacet
facet normal -0.8314682539438699 0.5555722659416437 0
outer loop
vertex -31.584253311157227 -28.846933364868164 0
vertex -31.68180274963379 -28.9929256439209 0
vertex -31.68180274963379 -28.9929256439209 1.7000000476837158
endloop
endfacet
facet normal -0.555569773965375 0.8314699190325903 0
outer loop
vertex -31.68180274963379 -28.9929256439209 0
vertex -31.82779312133789 -29.090473175048828 0
vertex -31.82779312133789 -29.090473175048828 1.7000000476837158
endloop
endfacet
facet normal -0.19509030110388895 0.9807852845629332 0
outer loop
vertex -31.82779312133789 -29.090473175048828 0
vertex -32 -29.124727249145508 0
vertex -32 -29.124727249145508 1.7000000476837158
endloop
endfacet
facet normal 0.19509030110388895 0.9807852845629332 0
outer loop
vertex -32 -29.124727249145508 0
vertex -32.17220687866211 -29.090473175048828 0
vertex -32.17220687866211 -29.090473175048828 1.7000000476837158
endloop
endfacet
facet normal 0.5555647559208026 0.8314732719568675 0
outer loop
vertex -32.17220687866211 -29.090473175048828 0
vertex -32.318199157714844 -28.9929256439209 0
vertex -32.318199157714844 -28.9929256439209 1.7000000476837158
endloop
endfacet
facet normal 0.8314782899626002 0.5555572457639897 0
outer loop
vertex -32.318199157714844 -28.9929256439209 0
vertex -32.41574478149414 -28.846933364868164 0
vertex -32.41574478149414 -28.846933364868164 1.7000000476837158
endloop
endfacet
facet normal 0 0 -1
outer loop
vertex -31.68180274963379 -28.9929256439209 1.7000000476837158
vertex -31.82779312133789 -29.090473175048828 1.7000000476837158
vertex -31.68180274963379 -28.356529235839844 1.7000000476837158
endloop
endfacet
facet normal 0 0 -1
outer loop
vertex -31.82779312133789 -29.090473175048828 1.7000000476837158
vertex -32 -29.124727249145508 1.7000000476837158
vertex -31.82779312133789 -28.258981704711914 1.7000000476837158
endloop
endfacet
facet normal 0 0 -1
outer loop
vertex -32 -28.224727630615234 1.7000000476837158
vertex -31.82779312133789 -28.258981704711914 1.7000000476837158
vertex -32 -29.124727249145508 1.7000000476837158
endloop
endfacet
facet normal -0.8314649009491799 -0.5555772839934787 0
outer loop
vertex -31.68180274963379 -28.356529235839844 1.7000000476837158
vertex -31.68180274963379 -28.356529235839844 0
vertex -31.584253311157227 -28.502519607543945 1.7000000476837158
endloop
endfacet
facet normal 0 0 -1
outer loop
vertex -32 -28.224727630615234 1.7000000476837158
vertex -32.17220687866211 -29.090473175048828 1.7000000476837158
vertex -32.17220687866211 -28.258981704711914 1.7000000476837158
endloop
endfacet
facet normal 0 0 -1
outer loop
vertex -32 -29.124727249145508 1.7000000476837158
vertex -32.17220687866211 -29.090473175048828 1.7000000476837158
vertex -32 -28.224727630615234 1.7000000476837158
endloop
endfacet
facet normal -0.555569773965375 -0.8314699190325903 0
outer loop
vertex -31.82779312133789 -28.258981704711914 1.7000000476837158
vertex -31.82779312133789 -28.258981704711914 0
vertex -31.68180274963379 -28.356529235839844 1.7000000476837158
endloop
endfacet
facet normal 0 0 -1
outer loop
vertex -32.17220687866211 -28.258981704711914 1.7000000476837158
vertex -32.318199157714844 -28.9929256439209 1.7000000476837158
vertex -32.318199157714844 -28.356529235839844 1.7000000476837158
endloop
endfacet
facet normal -0.19509030110388895 -0.9807852845629332 0
outer loop
vertex -32 -28.224727630615234 1.7000000476837158
vertex -32 -28.224727630615234 0
vertex -31.82779312133789 -28.258981704711914 1.7000000476837158
endloop
endfacet
facet normal 0 0 -1
outer loop
vertex -32.318199157714844 -28.356529235839844 1.7000000476837158
vertex -32.41574478149414 -28.846933364868164 1.7000000476837158
vertex -32.41574478149414 -28.502519607543945 1.7000000476837158
endloop
endfacet
facet normal 0 0 -1
outer loop
vertex -32.17220687866211 -29.090473175048828 1.7000000476837158
vertex -32.318199157714844 -28.9929256439209 1.7000000476837158
vertex -32.17220687866211 -28.258981704711914 1.7000000476837158
endloop
endfacet
facet normal 0 0 -1
outer loop
vertex -32.318199157714844 -28.9929256439209 1.7000000476837158
vertex -32.41574478149414 -28.846933364868164 1.7000000476837158
vertex -32.318199157714844 -28.356529235839844 1.7000000476837158
endloop
endfacet
facet normal -0.8314682539438699 0.5555722659416437 0
outer loop
vertex -31.584253311157227 -28.846933364868164 1.7000000476837158
vertex -31.584253311157227 -28.846933364868164 0
vertex -31.68180274963379 -28.9929256439209 1.7000000476837158
endloop
endfacet
facet normal -0.9807852845629332 0.19509030110388895 0
outer loop
vertex -31.549999237060547 -28.674726486206055 1.7000000476837158
vertex -31.549999237060547 -28.674726486206055 0
vertex -31.584253311157227 -28.846933364868164 1.7000000476837158
endloop
endfacet
facet normal -0.9807852845629332 -0.19509030110388895 0
outer loop
vertex -31.584253311157227 -28.502519607543945 1.7000000476837158
vertex -31.584253311157227 -28.502519607543945 0
vertex -31.549999237060547 -28.674726486206055 1.7000000476837158
endloop
endfacet
facet normal 0.8314749371087372 -0.5555622638012966 0
outer loop
vertex -32.41574478149414 -28.502519607543945 1.7000000476837158
vertex -32.41574478149414 -28.502519607543945 0
vertex -32.318199157714844 -28.356529235839844 1.7000000476837158
endloop
endfacet
facet normal 0.5555647559208026 -0.8314732719568675 0
outer loop
vertex -32.318199157714844 -28.356529235839844 1.7000000476837158
vertex -32.318199157714844 -28.356529235839844 0
vertex -32.17220687866211 -28.258981704711914 1.7000000476837158
endloop
endfacet
facet normal 0 0 -1
outer loop
vertex -32.41574478149414 -28.846933364868164 1.7000000476837158
vertex -32.45000076293945 -28.674726486206055 1.7000000476837158
vertex -32.41574478149414 -28.502519607543945 1.7000000476837158
endloop
endfacet
facet normal -0.9807856980081253 0.19508822256280442 0
outer loop
vertex -31.549999237060547 -27.404726028442383 1.7000000476837158
vertex -31.549999237060547 -27.404726028442383 0
vertex -31.584253311157227 -27.576934814453125 1.7000000476837158
endloop
endfacet
facet normal 0.5555647559208026 0.8314732719568675 0
outer loop
vertex -32.17220687866211 -27.820472717285156 0
vertex -32.318199157714844 -27.722925186157227 0
vertex -32.318199157714844 -27.722925186157227 1.7000000476837158
endloop
endfacet
facet normal 0.5555647559208026 0.8314732719568675 0
outer loop
vertex -32.17220687866211 -27.820472717285156 1.7000000476837158
vertex -32.17220687866211 -27.820472717285156 0
vertex -32.318199157714844 -27.722925186157227 1.7000000476837158
endloop
endfacet
facet normal -0.8314649009491799 0.5555772839934787 0
outer loop
vertex -31.584253311157227 -27.576934814453125 0
vertex -31.68180274963379 -27.722925186157227 0
vertex -31.68180274963379 -27.722925186157227 1.7000000476837158
endloop
endfacet
facet normal -0.555569773965375 -0.8314699190325903 0
outer loop
vertex -31.82779312133789 -26.988981246948242 0
vertex -31.68180274963379 -27.086528778076172 0
vertex -31.68180274963379 -27.086528778076172 1.7000000476837158
endloop
endfacet
facet normal -0.19509030110388895 -0.9807852845629332 0
outer loop
vertex -32 -26.954727172851562 0
vertex -31.82779312133789 -26.988981246948242 0
vertex -31.82779312133789 -26.988981246948242 1.7000000476837158
endloop
endfacet
facet normal 0 0 -1
outer loop
vertex -32.41574478149414 -27.576934814453125 1.7000000476837158
vertex -32.45000076293945 -27.404726028442383 1.7000000476837158
vertex -32.41574478149414 -27.232519149780273 1.7000000476837158
endloop
endfacet
facet normal -0.555569773965375 0.8314699190325903 0
outer loop
vertex -31.68180274963379 -27.722925186157227 0
vertex -31.82779312133789 -27.820472717285156 0
vertex -31.82779312133789 -27.820472717285156 1.7000000476837158
endloop
endfacet
facet normal -0.9807852845629332 -0.19509030110388895 0
outer loop
vertex -31.584253311157227 -27.232519149780273 1.7000000476837158
vertex -31.584253311157227 -27.232519149780273 0
vertex -31.549999237060547 -27.404726028442383 1.7000000476837158
endloop
endfacet
facet normal 0.9807836194374872 0.1950986720690384 0
outer loop
vertex -32.41574478149414 -27.576934814453125 1.7000000476837158
vertex -32.41574478149414 -27.576934814453125 0
vertex -32.45000076293945 -27.404726028442383 1.7000000476837158
endloop
endfacet
facet normal 0.9807832059488795 -0.1951007507126451 0
outer loop
vertex -32.45000076293945 -27.404726028442383 1.7000000476837158
vertex -32.45000076293945 -27.404726028442383 0
vertex -32.41574478149414 -27.232519149780273 1.7000000476837158
endloop
endfacet
facet normal -0.555569773965375 -0.8314699190325903 0
outer loop
vertex -31.82779312133789 -26.988981246948242 1.7000000476837158
vertex -31.82779312133789 -26.988981246948242 0
vertex -31.68180274963379 -27.086528778076172 1.7000000476837158
endloop
endfacet
facet normal 0.5555647559208026 -0.8314732719568675 0
outer loop
vertex -32.318199157714844 -27.086528778076172 0
vertex -32.17220687866211 -26.988981246948242 0
vertex -32.17220687866211 -26.988981246948242 1.7000000476837158
endloop
endfacet
facet normal -0.8314649009491799 -0.5555772839934787 0
outer loop
vertex -31.68180274963379 -27.086528778076172 1.7000000476837158
vertex -31.68180274963379 -27.086528778076172 0
vertex -31.584253311157227 -27.232519149780273 1.7000000476837158
endloop
endfacet
facet normal 0.5555647559208026 -0.8314732719568675 0
outer loop
vertex -32.318199157714844 -27.086528778076172 1.7000000476837158
vertex -32.318199157714844 -27.086528778076172 0
vertex -32.17220687866211 -26.988981246948242 1.7000000476837158
endloop
endfacet
facet normal 0.9807836194374872 0.1950986720690384 0
outer loop
vertex -32.41574478149414 -27.576934814453125 0
vertex -32.45000076293945 -27.404726028442383 0
vertex -32.45000076293945 -27.404726028442383 1.7000000476837158
endloop
endfacet
facet normal 0.9807832059488795 -0.1951007507126451 0
outer loop
vertex -32.45000076293945 -27.404726028442383 0
vertex -32.41574478149414 -27.232519149780273 0
vertex -32.41574478149414 -27.232519149780273 1.7000000476837158
endloop
endfacet
facet normal 0.19509030110388895 0.9807852845629332 0
outer loop
vertex -32 -27.854726791381836 1.7000000476837158
vertex -32 -27.854726791381836 0
vertex -32.17220687866211 -27.820472717285156 1.7000000476837158
endloop
endfacet
facet normal -0.19509030110388895 -0.9807852845629332 0
outer loop
vertex -32 -26.954727172851562 1.7000000476837158
vertex -32 -26.954727172851562 0
vertex -31.82779312133789 -26.988981246948242 1.7000000476837158
endloop
endfacet
facet normal 0.19509030110388895 -0.9807852845629332 0
outer loop
vertex -32.17220687866211 -26.988981246948242 1.7000000476837158
vertex -32.17220687866211 -26.988981246948242 0
vertex -32 -26.954727172851562 1.7000000476837158
endloop
endfacet
facet normal -0.19509030110388895 0.9807852845629332 0
outer loop
vertex -31.82779312133789 -27.820472717285156 1.7000000476837158
vertex -31.82779312133789 -27.820472717285156 0
vertex -32 -27.854726791381836 1.7000000476837158
endloop
endfacet
facet normal 0.8314749371087372 0.5555622638012966 0
outer loop
vertex -32.318199157714844 -27.722925186157227 1.7000000476837158
vertex -32.318199157714844 -27.722925186157227 0
vertex -32.41574478149414 -27.576934814453125 1.7000000476837158
endloop
endfacet
facet normal -0.555569773965375 0.8314699190325903 0
outer loop
vertex -31.68180274963379 -27.722925186157227 1.7000000476837158
vertex -31.68180274963379 -27.722925186157227 0
vertex -31.82779312133789 -27.820472717285156 1.7000000476837158
endloop
endfacet
facet normal 0.19509030110388895 0.9807852845629332 0
outer loop
vertex -32 -27.854726791381836 0
vertex -32.17220687866211 -27.820472717285156 0
vertex -32.17220687866211 -27.820472717285156 1.7000000476837158
endloop
endfacet
facet normal -0.8314649009491799 0.5555772839934787 0
outer loop
vertex -31.584253311157227 -27.576934814453125 1.7000000476837158
vertex -31.584253311157227 -27.576934814453125 0
vertex -31.68180274963379 -27.722925186157227 1.7000000476837158
endloop
endfacet
facet normal -0.8314649009491799 -0.5555772839934787 0
outer loop
vertex -31.584253311157227 -27.232519149780273 0
vertex -31.584253311157227 -27.232519149780273 1.7000000476837158
vertex -31.68180274963379 -27.086528778076172 0
endloop
endfacet
facet normal -0.19509030110388895 0.9807852845629332 0
outer loop
vertex -31.82779312133789 -27.820472717285156 0
vertex -32 -27.854726791381836 0
vertex -32 -27.854726791381836 1.7000000476837158
endloop
endfacet
facet normal 0 0 -1
outer loop
vertex -32.318199157714844 -27.722925186157227 1.7000000476837158
vertex -32.41574478149414 -27.576934814453125 1.7000000476837158
vertex -32.318199157714844 -27.086528778076172 1.7000000476837158
endloop
endfacet
facet normal 0 0 -1
outer loop
vertex -32.17220687866211 -27.820472717285156 1.7000000476837158
vertex -32.318199157714844 -27.722925186157227 1.7000000476837158
vertex -32.17220687866211 -26.988981246948242 1.7000000476837158
endloop
endfacet
facet normal 0 0 -1
outer loop
vertex -32 -27.854726791381836 1.7000000476837158
vertex -32.17220687866211 -27.820472717285156 1.7000000476837158
vertex -32 -26.954727172851562 1.7000000476837158
endloop
endfacet
facet normal 0 0 -1
outer loop
vertex -32.318199157714844 -27.086528778076172 1.7000000476837158
vertex -32.41574478149414 -27.576934814453125 1.7000000476837158
vertex -32.41574478149414 -27.232519149780273 1.7000000476837158
endloop
endfacet
facet normal 0 0 -1
outer loop
vertex -32.17220687866211 -26.988981246948242 1.7000000476837158
vertex -32.318199157714844 -27.722925186157227 1.7000000476837158
vertex -32.318199157714844 -27.086528778076172 1.7000000476837158
endloop
endfacet
facet normal 0 0 -1
outer loop
vertex -32 -27.854726791381836 1.7000000476837158
vertex -32 -26.954727172851562 1.7000000476837158
vertex -31.82779312133789 -26.988981246948242 1.7000000476837158
endloop
endfacet
facet normal 0 0 -1
outer loop
vertex -32 -26.954727172851562 1.7000000476837158
vertex -32.17220687866211 -27.820472717285156 1.7000000476837158
vertex -32.17220687866211 -26.988981246948242 1.7000000476837158
endloop
endfacet
facet normal 0 0 -1
outer loop
vertex -31.82779312133789 -27.820472717285156 1.7000000476837158
vertex -32 -27.854726791381836 1.7000000476837158
vertex -31.82779312133789 -26.988981246948242 1.7000000476837158
endloop
endfacet
facet normal 0 0 -1
outer loop
vertex -31.68180274963379 -27.722925186157227 1.7000000476837158
vertex -31.82779312133789 -27.820472717285156 1.7000000476837158
vertex -31.68180274963379 -27.086528778076172 1.7000000476837158
endloop
endfacet
facet normal 0 0 -1
outer loop
vertex -31.584253311157227 -27.576934814453125 1.7000000476837158
vertex -31.68180274963379 -27.722925186157227 1.7000000476837158
vertex -31.584253311157227 -27.232519149780273 1.7000000476837158
endloop
endfacet
facet normal 0 0 -1
outer loop
vertex -31.82779312133789 -26.988981246948242 1.7000000476837158
vertex -31.68180274963379 -27.086528778076172 1.7000000476837158
vertex -31.82779312133789 -27.820472717285156 1.7000000476837158
endloop
endfacet
facet normal 0 0 -1
outer loop
vertex -31.68180274963379 -27.086528778076172 1.7000000476837158
vertex -31.584253311157227 -27.232519149780273 1.7000000476837158
vertex -31.68180274963379 -27.722925186157227 1.7000000476837158
endloop
endfacet
facet normal 0 0 -1
outer loop
vertex -31.549999237060547 -27.404726028442383 1.7000000476837158
vertex -31.584253311157227 -27.576934814453125 1.7000000476837158
vertex -31.584253311157227 -27.232519149780273 1.7000000476837158
endloop
endfacet
facet normal 0.8314749371087372 -0.5555622638012966 0
outer loop
vertex -32.41574478149414 -27.232519149780273 1.7000000476837158
vertex -32.41574478149414 -27.232519149780273 0
vertex -32.318199157714844 -27.086528778076172 1.7000000476837158
endloop
endfacet
facet normal -0.9807856980081253 0.19508822256280442 0
outer loop
vertex -31.549999237060547 -27.404726028442383 0
vertex -31.584253311157227 -27.576934814453125 0
vertex -31.584253311157227 -27.576934814453125 1.7000000476837158
endloop
endfacet
facet normal 0.19509030110388895 -0.9807852845629332 0
outer loop
vertex -32.17220687866211 -26.988981246948242 0
vertex -32 -26.954727172851562 0
vertex -32 -26.954727172851562 1.7000000476837158
endloop
endfacet
facet normal 0.8314749371087372 0.5555622638012966 0
outer loop
vertex -32.318199157714844 -27.722925186157227 0
vertex -32.41574478149414 -27.576934814453125 0
vertex -32.41574478149414 -27.576934814453125 1.7000000476837158
endloop
endfacet
facet normal -0.9807852845629332 -0.19509030110388895 0
outer loop
vertex -31.549999237060547 -27.404726028442383 0
vertex -31.549999237060547 -27.404726028442383 1.7000000476837158
vertex -31.584253311157227 -27.232519149780273 0
endloop
endfacet
facet normal 0.8314749371087372 -0.5555622638012966 0
outer loop
vertex -32.41574478149414 -27.232519149780273 0
vertex -32.318199157714844 -27.086528778076172 0
vertex -32.318199157714844 -27.086528778076172 1.7000000476837158
endloop
endfacet
facet normal 0 0 -1
outer loop
vertex -32.27060317993164 -26.484725952148438 1.7000000476837158
vertex -32.25 -25.770959854125977 1.7000000476837158
vertex -32.17220687866211 -26.550472259521484 1.7000000476837158
endloop
endfacet
facet normal -0.3260793689900332 -0.9453423957059484 0
outer loop
vertex -32 -25.68472671508789 1.7000000476837158
vertex -31.75 -25.770959854125977 0
vertex -31.75 -25.770959854125977 1.7000000476837158
endloop
endfacet
facet normal 0 0 -1
outer loop
vertex -31.72939682006836 -26.484725952148438 1.7000000476837158
vertex -32 -26.584726333618164 1.7000000476837158
vertex -32 -25.68472671508789 1.7000000476837158
endloop
endfacet
facet normal 0 0 -1
outer loop
vertex -32 -26.584726333618164 1.7000000476837158
vertex -32.17220687866211 -26.550472259521484 1.7000000476837158
vertex -32 -25.68472671508789 1.7000000476837158
endloop
endfacet
facet normal 0 0 -1
outer loop
vertex -31.75 -25.770959854125977 1.7000000476837158
vertex -31.72939682006836 -26.484725952148438 1.7000000476837158
vertex -32 -25.68472671508789 1.7000000476837158
endloop
endfacet
facet normal -0.3260793689900332 -0.9453423957059484 0
outer loop
vertex -32 -25.68472671508789 0
vertex -31.75 -25.770959854125977 0
vertex -32 -25.68472671508789 1.7000000476837158
endloop
endfacet
facet normal 0.3260793689900332 -0.9453423957059484 0
outer loop
vertex -32.25 -25.770959854125977 0
vertex -32 -25.68472671508789 0
vertex -32.25 -25.770959854125977 1.7000000476837158
endloop
endfacet
facet normal -0.3466344601538436 0.9380002937280209 0
outer loop
vertex -31.72939682006836 -26.484725952148438 0
vertex -32 -26.584726333618164 0
vertex -31.72939682006836 -26.484725952148438 1.7000000476837158
endloop
endfacet
facet normal 0.19509030110388895 0.9807852845629332 0
outer loop
vertex -32 -26.584726333618164 0
vertex -32.17220687866211 -26.550472259521484 0
vertex -32.17220687866211 -26.550472259521484 1.7000000476837158
endloop
endfacet
facet normal 0.5555702377777493 0.831469609123253 0
outer loop
vertex -32.17220687866211 -26.550472259521484 0
vertex -32.27060317993164 -26.484725952148438 0
vertex -32.17220687866211 -26.550472259521484 1.7000000476837158
endloop
endfacet
facet normal 0 0 -1
outer loop
vertex -32 -25.68472671508789 1.7000000476837158
vertex -32.17220687866211 -26.550472259521484 1.7000000476837158
vertex -32.25 -25.770959854125977 1.7000000476837158
endloop
endfacet
facet normal 0.5555702377777493 0.831469609123253 0
outer loop
vertex -32.17220687866211 -26.550472259521484 1.7000000476837158
vertex -32.27060317993164 -26.484725952148438 0
vertex -32.27060317993164 -26.484725952148438 1.7000000476837158
endloop
endfacet
facet normal 0.19509030110388895 0.9807852845629332 0
outer loop
vertex -32 -26.584726333618164 1.7000000476837158
vertex -32 -26.584726333618164 0
vertex -32.17220687866211 -26.550472259521484 1.7000000476837158
endloop
endfacet
facet normal -0.3466344601538436 0.9380002937280209 0
outer loop
vertex -32 -26.584726333618164 0
vertex -32 -26.584726333618164 1.7000000476837158
vertex -31.72939682006836 -26.484725952148438 1.7000000476837158
endloop
endfacet
facet normal 0.3260793689900332 -0.9453423957059484 0
outer loop
vertex -32.25 -25.770959854125977 1.7000000476837158
vertex -32 -25.68472671508789 0
vertex -32 -25.68472671508789 1.7000000476837158
endloop
endfacet
facet normal 0.19509030110388895 -0.9807852845629332 0
outer loop
vertex -32.17220687866211 -24.4489803314209 0
vertex -32 -24.41472625732422 0
vertex -32 -24.41472625732422 1.7000000476837158
endloop
endfacet
facet normal 0.19509030110388895 0.9807852845629332 0
outer loop
vertex -32 -25.314725875854492 1.7000000476837158
vertex -32 -25.314725875854492 0
vertex -32.17220687866211 -25.280471801757812 1.7000000476837158
endloop
endfacet
facet normal 0 0 -1
outer loop
vertex -31.75 -24.500959396362305 1.7000000476837158
vertex -31.75 -25.228492736816406 1.7000000476837158
vertex -32 -24.41472625732422 1.7000000476837158
endloop
endfacet
facet normal 0 0 -1
outer loop
vertex -32 -24.41472625732422 1.7000000476837158
vertex -32.17220687866211 -25.280471801757812 1.7000000476837158
vertex -32.17220687866211 -24.4489803314209 1.7000000476837158
endloop
endfacet
facet normal -0.3260793689900332 -0.9453423957059484 0
outer loop
vertex -32 -24.41472625732422 0
vertex -31.75 -24.500959396362305 0
vertex -32 -24.41472625732422 1.7000000476837158
endloop
endfacet
facet normal 0 0 -1
outer loop
vertex -32.25 -24.500959396362305 1.7000000476837158
vertex -32.17220687866211 -24.4489803314209 1.7000000476837158
vertex -32.25 -25.228492736816406 1.7000000476837158
endloop
endfacet
facet normal 0.5555655267049595 -0.8314727569421869 0
outer loop
vertex -32.25 -24.500959396362305 0
vertex -32.17220687866211 -24.4489803314209 0
vertex -32.25 -24.500959396362305 1.7000000476837158
endloop
endfacet
facet normal 0.5555655267049595 0.8314727569421869 0
outer loop
vertex -32.17220687866211 -25.280471801757812 1.7000000476837158
vertex -32.25 -25.228492736816406 0
vertex -32.25 -25.228492736816406 1.7000000476837158
endloop
endfacet
facet normal -0.3260793689900332 -0.9453423957059484 0
outer loop
vertex -32 -24.41472625732422 1.7000000476837158
vertex -31.75 -24.500959396362305 0
vertex -31.75 -24.500959396362305 1.7000000476837158
endloop
endfacet
facet normal 0 0 -1
outer loop
vertex -31.75 -25.228492736816406 1.7000000476837158
vertex -32 -25.314725875854492 1.7000000476837158
vertex -32 -24.41472625732422 1.7000000476837158
endloop
endfacet
facet normal 0 0 -1
outer loop
vertex -32 -25.314725875854492 1.7000000476837158
vertex -32.17220687866211 -25.280471801757812 1.7000000476837158
vertex -32 -24.41472625732422 1.7000000476837158
endloop
endfacet
facet normal -0.3260793689900332 0.9453423957059484 0
outer loop
vertex -31.75 -25.228492736816406 0
vertex -32 -25.314725875854492 0
vertex -31.75 -25.228492736816406 1.7000000476837158
endloop
endfacet
facet normal 0.19509030110388895 0.9807852845629332 0
outer loop
vertex -32 -25.314725875854492 0
vertex -32.17220687866211 -25.280471801757812 0
vertex -32.17220687866211 -25.280471801757812 1.7000000476837158
endloop
endfacet
facet normal 0 0 -1
outer loop
vertex -32.25 -25.228492736816406 1.7000000476837158
vertex -32.17220687866211 -24.4489803314209 1.7000000476837158
vertex -32.17220687866211 -25.280471801757812 1.7000000476837158
endloop
endfacet
facet normal 0.5555655267049595 0.8314727569421869 0
outer loop
vertex -32.17220687866211 -25.280471801757812 0
vertex -32.25 -25.228492736816406 0
vertex -32.17220687866211 -25.280471801757812 1.7000000476837158
endloop
endfacet
facet normal 0.19509030110388895 -0.9807852845629332 0
outer loop
vertex -32.17220687866211 -24.4489803314209 1.7000000476837158
vertex -32.17220687866211 -24.4489803314209 0
vertex -32 -24.41472625732422 1.7000000476837158
endloop
endfacet
facet normal 0.5555655267049595 -0.8314727569421869 0
outer loop
vertex -32.25 -24.500959396362305 1.7000000476837158
vertex -32.17220687866211 -24.4489803314209 0
vertex -32.17220687866211 -24.4489803314209 1.7000000476837158
endloop
endfacet
facet normal -0.3260793689900332 0.9453423957059484 0
outer loop
vertex -32 -25.314725875854492 0
vertex -32 -25.314725875854492 1.7000000476837158
vertex -31.75 -25.228492736816406 1.7000000476837158
endloop
endfacet
facet normal 0 0 -1
outer loop
vertex -31.75 -23.958492279052734 1.7000000476837158
vertex -32 -24.044727325439453 1.7000000476837158
vertex -31.82779312133789 -23.17898178100586 1.7000000476837158
endloop
endfacet
facet normal 0 0 -1
outer loop
vertex -32.25 -23.230960845947266 1.7000000476837158
vertex -32.17220687866211 -23.17898178100586 1.7000000476837158
vertex -32.25 -23.958492279052734 1.7000000476837158
endloop
endfacet
facet normal 0.1951007507126451 -0.9807832059488795 0
outer loop
vertex -32.17220687866211 -23.17898178100586 1.7000000476837158
vertex -32.17220687866211 -23.17898178100586 0
vertex -32 -23.144725799560547 1.7000000476837158
endloop
endfacet
facet normal 0 0 -1
outer loop
vertex -32 -24.044727325439453 1.7000000476837158
vertex -32.17220687866211 -24.010473251342773 1.7000000476837158
vertex -32 -23.144725799560547 1.7000000476837158
endloop
endfacet
facet normal 0 0 -1
outer loop
vertex -31.75 -23.230960845947266 1.7000000476837158
vertex -31.75 -23.958492279052734 1.7000000476837158
vertex -31.82779312133789 -23.17898178100586 1.7000000476837158
endloop
endfacet
facet normal 0 0 -1
outer loop
vertex -31.82779312133789 -23.17898178100586 1.7000000476837158
vertex -32 -24.044727325439453 1.7000000476837158
vertex -32 -23.144725799560547 1.7000000476837158
endloop
endfacet
facet normal 0 0 -1
outer loop
vertex -32 -23.144725799560547 1.7000000476837158
vertex -32.17220687866211 -24.010473251342773 1.7000000476837158
vertex -32.17220687866211 -23.17898178100586 1.7000000476837158
endloop
endfacet
facet normal 0 0 -1
outer loop
vertex -32.25 -23.958492279052734 1.7000000476837158
vertex -32.17220687866211 -23.17898178100586 1.7000000476837158
vertex -32.17220687866211 -24.010473251342773 1.7000000476837158
endloop
endfacet
facet normal -0.5555655267049595 -0.8314727569421869 0
outer loop
vertex -31.82779312133789 -23.17898178100586 1.7000000476837158
vertex -31.75 -23.230960845947266 0
vertex -31.75 -23.230960845947266 1.7000000476837158
endloop
endfacet
facet normal -0.1951007507126451 -0.9807832059488795 0
outer loop
vertex -32 -23.144725799560547 1.7000000476837158
vertex -32 -23.144725799560547 0
vertex -31.82779312133789 -23.17898178100586 1.7000000476837158
endloop
endfacet
facet normal -0.32608581448015206 0.9453401724219784 0
outer loop
vertex -32 -24.044727325439453 0
vertex -32 -24.044727325439453 1.7000000476837158
vertex -31.75 -23.958492279052734 1.7000000476837158
endloop
endfacet
facet normal 0.5555655267049595 -0.8314727569421869 0
outer loop
vertex -32.25 -23.230960845947266 1.7000000476837158
vertex -32.17220687866211 -23.17898178100586 0
vertex -32.17220687866211 -23.17898178100586 1.7000000476837158
endloop
endfacet
facet normal 0.19509030110388895 0.9807852845629332 0
outer loop
vertex -32 -24.044727325439453 1.7000000476837158
vertex -32 -24.044727325439453 0
vertex -32.17220687866211 -24.010473251342773 1.7000000476837158
endloop
endfacet
facet normal 0.5555796204230264 0.8314633397634593 0
outer loop
vertex -32.17220687866211 -24.010473251342773 1.7000000476837158
vertex -32.25 -23.958492279052734 0
vertex -32.25 -23.958492279052734 1.7000000476837158
endloop
endfacet
facet normal 0.5555796204230264 0.8314633397634593 0
outer loop
vertex -32.25 -23.958492279052734 0
vertex -32.17220687866211 -24.010473251342773 1.7000000476837158
vertex -32.17220687866211 -24.010473251342773 0
endloop
endfacet
facet normal 0.19509030110388895 0.9807852845629332 0
outer loop
vertex -32 -24.044727325439453 0
vertex -32.17220687866211 -24.010473251342773 0
vertex -32.17220687866211 -24.010473251342773 1.7000000476837158
endloop
endfacet
facet normal -0.32608581448015206 0.9453401724219784 0
outer loop
vertex -31.75 -23.958492279052734 0
vertex -32 -24.044727325439453 0
vertex -31.75 -23.958492279052734 1.7000000476837158
endloop
endfacet
facet normal 0.5555655267049595 -0.8314727569421869 0
outer loop
vertex -32.25 -23.230960845947266 0
vertex -32.17220687866211 -23.17898178100586 0
vertex -32.25 -23.230960845947266 1.7000000476837158
endloop
endfacet
facet normal 0.1951007507126451 -0.9807832059488795 0
outer loop
vertex -32.17220687866211 -23.17898178100586 0
vertex -32 -23.144725799560547 0
vertex -32 -23.144725799560547 1.7000000476837158
endloop
endfacet
facet normal -0.5555655267049595 -0.8314727569421869 0
outer loop
vertex -31.82779312133789 -23.17898178100586 0
vertex -31.75 -23.230960845947266 0
vertex -31.82779312133789 -23.17898178100586 1.7000000476837158
endloop
endfacet
facet normal -0.1951007507126451 -0.9807832059488795 0
outer loop
vertex -32 -23.144725799560547 0
vertex -31.82779312133789 -23.17898178100586 0
vertex -31.82779312133789 -23.17898178100586 1.7000000476837158
endloop
endfacet
facet normal 0 0 -1
outer loop
vertex -31.82779312133789 -21.908981323242188 1.7000000476837158
vertex -31.75 -21.960960388183594 1.7000000476837158
vertex -31.75 -22.688493728637695 1.7000000476837158
endloop
endfacet
facet normal 0 0 -1
outer loop
vertex -31.75 -22.688493728637695 1.7000000476837158
vertex -32 -22.77472686767578 1.7000000476837158
vertex -31.82779312133789 -21.908981323242188 1.7000000476837158
endloop
endfacet
facet normal -0.19509030110388895 -0.9807852845629332 0
outer loop
vertex -32 -21.874727249145508 0
vertex -31.82779312133789 -21.908981323242188 0
vertex -31.82779312133789 -21.908981323242188 1.7000000476837158
endloop
endfacet
facet normal -0.5555655267049595 -0.8314727569421869 0
outer loop
vertex -31.75 -21.960960388183594 0
vertex -31.82779312133789 -21.908981323242188 1.7000000476837158
vertex -31.82779312133789 -21.908981323242188 0
endloop
endfacet
facet normal 0 0 -1
outer loop
vertex -32 -21.874727249145508 1.7000000476837158
vertex -32.17220687866211 -22.7404727935791 1.7000000476837158
vertex -32.17220687866211 -21.908981323242188 1.7000000476837158
endloop
endfacet
facet normal 0 0 -1
outer loop
vertex -32.17220687866211 -21.908981323242188 1.7000000476837158
vertex -32.25 -22.688493728637695 1.7000000476837158
vertex -32.25 -21.960960388183594 1.7000000476837158
endloop
endfacet
facet normal 0 0 -1
outer loop
vertex -32.25 -22.688493728637695 1.7000000476837158
vertex -32.17220687866211 -21.908981323242188 1.7000000476837158
vertex -32.17220687866211 -22.7404727935791 1.7000000476837158
endloop
endfacet
facet normal 0 0 -1
outer loop
vertex -32 -22.77472686767578 1.7000000476837158
vertex -32.17220687866211 -22.7404727935791 1.7000000476837158
vertex -32 -21.874727249145508 1.7000000476837158
endloop
endfacet
facet normal -0.5555655267049595 -0.8314727569421869 0
outer loop
vertex -31.82779312133789 -21.908981323242188 1.7000000476837158
vertex -31.75 -21.960960388183594 0
vertex -31.75 -21.960960388183594 1.7000000476837158
endloop
endfacet
facet normal -0.19509030110388895 -0.9807852845629332 0
outer loop
vertex -32 -21.874727249145508 1.7000000476837158
vertex -32 -21.874727249145508 0
vertex -31.82779312133789 -21.908981323242188 1.7000000476837158
endloop
endfacet
facet normal 0.19509030110388895 -0.9807852845629332 0
outer loop
vertex -32.17220687866211 -21.908981323242188 1.7000000476837158
vertex -32.17220687866211 -21.908981323242188 0
vertex -32 -21.874727249145508 1.7000000476837158
endloop
endfacet
facet normal 0.5555655267049595 -0.8314727569421869 0
outer loop
vertex -32.25 -21.960960388183594 1.7000000476837158
vertex -32.17220687866211 -21.908981323242188 0
vertex -32.17220687866211 -21.908981323242188 1.7000000476837158
endloop
endfacet
facet normal -0.3260793689900332 0.9453423957059484 0
outer loop
vertex -32 -22.77472686767578 0
vertex -32 -22.77472686767578 1.7000000476837158
vertex -31.75 -22.688493728637695 1.7000000476837158
endloop
endfacet
facet normal 0.19509030110388895 0.9807852845629332 0
outer loop
vertex -32 -22.77472686767578 1.7000000476837158
vertex -32 -22.77472686767578 0
vertex -32.17220687866211 -22.7404727935791 1.7000000476837158
endloop
endfacet
facet normal 0.5555655267049595 0.8314727569421869 0
outer loop
vertex -32.17220687866211 -22.7404727935791 1.7000000476837158
vertex -32.25 -22.688493728637695 0
vertex -32.25 -22.688493728637695 1.7000000476837158
endloop
endfacet
facet normal 0.19509030110388895 -0.9807852845629332 0
outer loop
vertex -32.17220687866211 -21.908981323242188 0
vertex -32 -21.874727249145508 0
vertex -32 -21.874727249145508 1.7000000476837158
endloop
endfacet
facet normal 0.5555655267049595 -0.8314727569421869 0
outer loop
vertex -32.25 -21.960960388183594 0
vertex -32.17220687866211 -21.908981323242188 0
vertex -32.25 -21.960960388183594 1.7000000476837158
endloop
endfacet
facet normal -0.3260793689900332 0.9453423957059484 0
outer loop
vertex -31.75 -22.688493728637695 0
vertex -32 -22.77472686767578 0
vertex -31.75 -22.688493728637695 1.7000000476837158
endloop
endfacet
facet normal 0.19509030110388895 0.9807852845629332 0
outer loop
vertex -32 -22.77472686767578 0
vertex -32.17220687866211 -22.7404727935791 0
vertex -32.17220687866211 -22.7404727935791 1.7000000476837158
endloop
endfacet
facet normal 0.5555655267049595 0.8314727569421869 0
outer loop
vertex -32.17220687866211 -22.7404727935791 0
vertex -32.25 -22.688493728637695 0
vertex -32.17220687866211 -22.7404727935791 1.7000000476837158
endloop
endfacet
facet normal 0 0 -1
outer loop
vertex -32 -21.874727249145508 1.7000000476837158
vertex -31.82779312133789 -21.908981323242188 1.7000000476837158
vertex -32 -22.77472686767578 1.7000000476837158
endloop
endfacet
facet normal 0 0 -1
outer loop
vertex -16.25 -21.960765838623047 1.7000000476837158
vertex -16.17249870300293 -21.908981323242188 1.7000000476837158
vertex -16.25 -22.688688278198242 1.7000000476837158
endloop
endfacet
facet normal 0 0 -1
outer loop
vertex -16.00029182434082 -22.77472686767578 1.7000000476837158
vertex -16.25 -22.688688278198242 1.7000000476837158
vertex -16.17249870300293 -21.908981323242188 1.7000000476837158
endloop
endfacet
facet normal 0 0 -1
outer loop
vertex -16.00029182434082 -21.874727249145508 1.7000000476837158
vertex -16.00029182434082 -22.77472686767578 1.7000000476837158
vertex -16.17249870300293 -21.908981323242188 1.7000000476837158
endloop
endfacet
facet normal 0 0 -1
outer loop
vertex -15.75 -22.688297271728516 1.7000000476837158
vertex -16.00029182434082 -22.77472686767578 1.7000000476837158
vertex -15.828083992004395 -21.908981323242188 1.7000000476837158
endloop
endfacet
facet normal 0 0 -1
outer loop
vertex -15.828083992004395 -21.908981323242188 1.7000000476837158
vertex -16.00029182434082 -22.77472686767578 1.7000000476837158
vertex -16.00029182434082 -21.874727249145508 1.7000000476837158
endloop
endfacet
facet normal 0 0 -1
outer loop
vertex -15.828083992004395 -21.908981323242188 1.7000000476837158
vertex -15.75 -21.96115493774414 1.7000000476837158
vertex -15.75 -22.688297271728516 1.7000000476837158
endloop
endfacet
facet normal -0.5555669871019572 -0.8314717811462117 0
outer loop
vertex -15.828083992004395 -21.908981323242188 1.7000000476837158
vertex -15.75 -21.96115493774414 0
vertex -15.75 -21.96115493774414 1.7000000476837158
endloop
endfacet
facet normal 0.19509030110388895 -0.9807852845629332 0
outer loop
vertex -16.17249870300293 -21.908981323242188 1.7000000476837158
vertex -16.17249870300293 -21.908981323242188 0
vertex -16.00029182434082 -21.874727249145508 1.7000000476837158
endloop
endfacet
facet normal 0.555568781625303 -0.8314705820913789 0
outer loop
vertex -16.25 -21.960765838623047 1.7000000476837158
vertex -16.17249870300293 -21.908981323242188 0
vertex -16.17249870300293 -21.908981323242188 1.7000000476837158
endloop
endfacet
facet normal -0.3264026622480375 0.9452308194707755 0
outer loop
vertex -16.00029182434082 -22.77472686767578 0
vertex -16.00029182434082 -22.77472686767578 1.7000000476837158
vertex -15.75 -22.688297271728516 1.7000000476837158
endloop
endfacet
facet normal 0.3257616605518554 0.945451923957267 0
outer loop
vertex -16.00029182434082 -22.77472686767578 1.7000000476837158
vertex -16.25 -22.688688278198242 0
vertex -16.25 -22.688688278198242 1.7000000476837158
endloop
endfacet
facet normal 0.19509030110388895 -0.9807852845629332 0
outer loop
vertex -16.17249870300293 -21.908981323242188 0
vertex -16.00029182434082 -21.874727249145508 0
vertex -16.00029182434082 -21.874727249145508 1.7000000476837158
endloop
endfacet
facet normal 0.3257616605518554 0.945451923957267 0
outer loop
vertex -16.00029182434082 -22.77472686767578 0
vertex -16.25 -22.688688278198242 0
vertex -16.00029182434082 -22.77472686767578 1.7000000476837158
endloop
endfacet
facet normal -0.19508926182791986 -0.9807854912871812 0
outer loop
vertex -16.00029182434082 -21.874727249145508 0
vertex -15.828083992004395 -21.908981323242188 0
vertex -15.828083992004395 -21.908981323242188 1.7000000476837158
endloop
endfacet
facet normal -0.5555669871019572 -0.8314717811462117 0
outer loop
vertex -15.75 -21.96115493774414 0
vertex -15.828083992004395 -21.908981323242188 1.7000000476837158
vertex -15.828083992004395 -21.908981323242188 0
endloop
endfacet
facet normal -0.3264026622480375 0.9452308194707755 0
outer loop
vertex -15.75 -22.688297271728516 0
vertex -16.00029182434082 -22.77472686767578 0
vertex -15.75 -22.688297271728516 1.7000000476837158
endloop
endfacet
facet normal 0.555568781625303 -0.8314705820913789 0
outer loop
vertex -16.25 -21.960765838623047 0
vertex -16.17249870300293 -21.908981323242188 0
vertex -16.25 -21.960765838623047 1.7000000476837158
endloop
endfacet
facet normal -0.19508926182791986 -0.9807854912871812 0
outer loop
vertex -16.00029182434082 -21.874727249145508 1.7000000476837158
vertex -16.00029182434082 -21.874727249145508 0
vertex -15.828083992004395 -21.908981323242188 1.7000000476837158
endloop
endfacet
facet normal 0.1951007507126451 -0.9807832059488795 0
outer loop
vertex -16.17249870300293 -23.17898178100586 0
vertex -16.00029182434082 -23.144725799560547 0
vertex -16.00029182434082 -23.144725799560547 1.7000000476837158
endloop
endfacet
facet normal 0 0 -1
outer loop
vertex -16.00029182434082 -23.144725799560547 1.7000000476837158
vertex -15.828083992004395 -23.17898178100586 1.7000000476837158
vertex -16.00029182434082 -24.044727325439453 1.7000000476837158
endloop
endfacet
facet normal -0.19509971138541468 -0.9807834126948354 0
outer loop
vertex -16.00029182434082 -23.144725799560547 0
vertex -15.828083992004395 -23.17898178100586 0
vertex -15.828083992004395 -23.17898178100586 1.7000000476837158
endloop
endfacet
facet normal -0.5555669871019572 -0.8314717811462117 0
outer loop
vertex -15.828083992004395 -23.17898178100586 0
vertex -15.75 -23.231155395507812 0
vertex -15.828083992004395 -23.17898178100586 1.7000000476837158
endloop
endfacet
facet normal 0.5555546344680005 -0.83148003470987 0
outer loop
vertex -16.25 -23.230764389038086 0
vertex -16.17249870300293 -23.17898178100586 0
vertex -16.25 -23.230764389038086 1.7000000476837158
endloop
endfacet
facet normal 0 0 -1
outer loop
vertex -15.75 -23.231155395507812 1.7000000476837158
vertex -15.75 -23.958297729492188 1.7000000476837158
vertex -15.828083992004395 -23.17898178100586 1.7000000476837158
endloop
endfacet
facet normal 0.3257616605518554 0.945451923957267 0
outer loop
vertex -16.00029182434082 -24.044727325439453 1.7000000476837158
vertex -16.25 -23.958688735961914 0
vertex -16.25 -23.958688735961914 1.7000000476837158
endloop
endfacet
facet normal -0.3264026622480375 0.9452308194707755 0
outer loop
vertex -16.00029182434082 -24.044727325439453 0
vertex -16.00029182434082 -24.044727325439453 1.7000000476837158
vertex -15.75 -23.958297729492188 1.7000000476837158
endloop
endfacet
facet normal 0.5555546344680005 -0.83148003470987 0
outer loop
vertex -16.25 -23.230764389038086 1.7000000476837158
vertex -16.17249870300293 -23.17898178100586 0
vertex -16.17249870300293 -23.17898178100586 1.7000000476837158
endloop
endfacet
facet normal -0.5555669871019572 -0.8314717811462117 0
outer loop
vertex -15.828083992004395 -23.17898178100586 1.7000000476837158
vertex -15.75 -23.231155395507812 0
vertex -15.75 -23.231155395507812 1.7000000476837158
endloop
endfacet
facet normal 0.1951007507126451 -0.9807832059488795 0
outer loop
vertex -16.17249870300293 -23.17898178100586 1.7000000476837158
vertex -16.17249870300293 -23.17898178100586 0
vertex -16.00029182434082 -23.144725799560547 1.7000000476837158
endloop
endfacet
facet normal -0.19509971138541468 -0.9807834126948354 0
outer loop
vertex -16.00029182434082 -23.144725799560547 1.7000000476837158
vertex -16.00029182434082 -23.144725799560547 0
vertex -15.828083992004395 -23.17898178100586 1.7000000476837158
endloop
endfacet
facet normal 0 0 -1
outer loop
vertex -16.25 -23.230764389038086 1.7000000476837158
vertex -16.17249870300293 -23.17898178100586 1.7000000476837158
vertex -16.25 -23.958688735961914 1.7000000476837158
endloop
endfacet
facet normal 0 0 -1
outer loop
vertex -16.00029182434082 -24.044727325439453 1.7000000476837158
vertex -16.25 -23.958688735961914 1.7000000476837158
vertex -16.17249870300293 -23.17898178100586 1.7000000476837158
endloop
endfacet
facet normal 0 0 -1
outer loop
vertex -15.75 -23.958297729492188 1.7000000476837158
vertex -16.00029182434082 -24.044727325439453 1.7000000476837158
vertex -15.828083992004395 -23.17898178100586 1.7000000476837158
endloop
endfacet
facet normal -0.3264026622480375 0.9452308194707755 0
outer loop
vertex -15.75 -23.958297729492188 0
vertex -16.00029182434082 -24.044727325439453 0
vertex -15.75 -23.958297729492188 1.7000000476837158
endloop
endfacet
facet normal 0 0 -1
outer loop
vertex -16.00029182434082 -23.144725799560547 1.7000000476837158
vertex -16.00029182434082 -24.044727325439453 1.7000000476837158
vertex -16.17249870300293 -23.17898178100586 1.7000000476837158
endloop
endfacet
facet normal 0.3257616605518554 0.945451923957267 0
outer loop
vertex -16.00029182434082 -24.044727325439453 0
vertex -16.25 -23.958688735961914 0
vertex -16.00029182434082 -24.044727325439453 1.7000000476837158
endloop
endfacet
facet normal 0 0 -1
outer loop
vertex -16.00029182434082 -24.41472625732422 1.7000000476837158
vertex -16.00029182434082 -25.314725875854492 1.7000000476837158
vertex -16.17249870300293 -24.4489803314209 1.7000000476837158
endloop
endfacet
facet normal 0.555568781625303 -0.8314705820913789 0
outer loop
vertex -16.25 -24.500764846801758 0
vertex -16.17249870300293 -24.4489803314209 0
vertex -16.25 -24.500764846801758 1.7000000476837158
endloop
endfacet
facet normal 0.32575520524036866 0.9454541481525189 0
outer loop
vertex -16.00029182434082 -25.314725875854492 1.7000000476837158
vertex -16.25 -25.228689193725586 0
vertex -16.25 -25.228689193725586 1.7000000476837158
endloop
endfacet
facet normal 0.32575520524036866 0.9454541481525189 0
outer loop
vertex -16.00029182434082 -25.314725875854492 0
vertex -16.25 -25.228689193725586 0
vertex -16.00029182434082 -25.314725875854492 1.7000000476837158
endloop
endfacet
facet normal -0.32639622650685174 0.94523304180614 0
outer loop
vertex -15.75 -25.22829818725586 1.7000000476837158
vertex -15.75 -25.22829818725586 0
vertex -16.00029182434082 -25.314725875854492 0
endloop
endfacet
facet normal 0.19509030110388895 -0.9807852845629332 0
outer loop
vertex -16.17249870300293 -24.4489803314209 0
vertex -16.00029182434082 -24.41472625732422 0
vertex -16.00029182434082 -24.41472625732422 1.7000000476837158
endloop
endfacet
facet normal 0 0 -1
outer loop
vertex -15.75 -25.22829818725586 1.7000000476837158
vertex -16.00029182434082 -25.314725875854492 1.7000000476837158
vertex -16.00029182434082 -24.41472625732422 1.7000000476837158
endloop
endfacet
facet normal -0.3264026622480375 -0.9452308194707755 0
outer loop
vertex -16.00029182434082 -24.41472625732422 0
vertex -15.75 -24.501155853271484 0
vertex -16.00029182434082 -24.41472625732422 1.7000000476837158
endloop
endfacet
facet normal 0 0 -1
outer loop
vertex -15.75 -24.501155853271484 1.7000000476837158
vertex -15.75 -25.22829818725586 1.7000000476837158
vertex -16.00029182434082 -24.41472625732422 1.7000000476837158
endloop
endfacet
facet normal -0.32639622650685174 0.94523304180614 0
outer loop
vertex -16.00029182434082 -25.314725875854492 0
vertex -16.00029182434082 -25.314725875854492 1.7000000476837158
vertex -15.75 -25.22829818725586 1.7000000476837158
endloop
endfacet
facet normal 0 0 -1
outer loop
vertex -16.00029182434082 -25.314725875854492 1.7000000476837158
vertex -16.25 -25.228689193725586 1.7000000476837158
vertex -16.17249870300293 -24.4489803314209 1.7000000476837158
endloop
endfacet
facet normal 0.555568781625303 -0.8314705820913789 0
outer loop
vertex -16.25 -24.500764846801758 1.7000000476837158
vertex -16.17249870300293 -24.4489803314209 0
vertex -16.17249870300293 -24.4489803314209 1.7000000476837158
endloop
endfacet
facet normal 0 0 -1
outer loop
vertex -16.25 -25.228689193725586 1.7000000476837158
vertex -16.25 -24.500764846801758 1.7000000476837158
vertex -16.17249870300293 -24.4489803314209 1.7000000476837158
endloop
endfacet
facet normal 0.19509030110388895 -0.9807852845629332 0
outer loop
vertex -16.17249870300293 -24.4489803314209 1.7000000476837158
vertex -16.17249870300293 -24.4489803314209 0
vertex -16.00029182434082 -24.41472625732422 1.7000000476837158
endloop
endfacet
facet normal -0.3264026622480375 -0.9452308194707755 0
outer loop
vertex -16.00029182434082 -24.41472625732422 1.7000000476837158
vertex -15.75 -24.501155853271484 0
vertex -15.75 -24.501155853271484 1.7000000476837158
endloop
endfacet
facet normal 0.19509030110388895 -0.9807852845629332 0
outer loop
vertex -16.17249870300293 -25.71898078918457 1.7000000476837158
vertex -16.17249870300293 -25.71898078918457 0
vertex -16.00029182434082 -25.68472671508789 1.7000000476837158
endloop
endfacet
facet normal -0.32639622650685174 -0.94523304180614 0
outer loop
vertex -16.00029182434082 -25.68472671508789 1.7000000476837158
vertex -15.75 -25.771154403686523 0
vertex -15.75 -25.771154403686523 1.7000000476837158
endloop
endfacet
facet normal 0 0 -1
outer loop
vertex -16.00029182434082 -25.68472671508789 1.7000000476837158
vertex -15.75 -25.771154403686523 1.7000000476837158
vertex -15.72968864440918 -26.484725952148438 1.7000000476837158
endloop
endfacet
facet normal 0.555568781625303 -0.8314705820913789 0
outer loop
vertex -16.25 -25.77076530456543 1.7000000476837158
vertex -16.17249870300293 -25.71898078918457 0
vertex -16.17249870300293 -25.71898078918457 1.7000000476837158
endloop
endfacet
facet normal 0 0 -1
outer loop
vertex -16.00029182434082 -25.68472671508789 1.7000000476837158
vertex -16.17249870300293 -26.550472259521484 1.7000000476837158
vertex -16.17249870300293 -25.71898078918457 1.7000000476837158
endloop
endfacet
facet normal 0 0 -1
outer loop
vertex -15.72968864440918 -26.484725952148438 1.7000000476837158
vertex -16.00029182434082 -26.584726333618164 1.7000000476837158
vertex -16.00029182434082 -25.68472671508789 1.7000000476837158
endloop
endfacet
facet normal 0 0 -1
outer loop
vertex -16.00029182434082 -26.584726333618164 1.7000000476837158
vertex -16.17249870300293 -26.550472259521484 1.7000000476837158
vertex -16.00029182434082 -25.68472671508789 1.7000000476837158
endloop
endfacet
facet normal 0 0 -1
outer loop
vertex -16.17249870300293 -25.71898078918457 1.7000000476837158
vertex -16.27089500427246 -26.484725952148438 1.7000000476837158
vertex -16.25 -25.77076530456543 1.7000000476837158
endloop
endfacet
facet normal -0.3466344601538436 0.9380002937280209 0
outer loop
vertex -16.00029182434082 -26.584726333618164 0
vertex -16.00029182434082 -26.584726333618164 1.7000000476837158
vertex -15.72968864440918 -26.484725952148438 1.7000000476837158
endloop
endfacet
facet normal 0 0 -1
outer loop
vertex -16.17249870300293 -26.550472259521484 1.7000000476837158
vertex -16.27089500427246 -26.484725952148438 1.7000000476837158
vertex -16.17249870300293 -25.71898078918457 1.7000000476837158
endloop
endfacet
facet normal 0.19509030110388895 0.9807852845629332 0
outer loop
vertex -16.00029182434082 -26.584726333618164 1.7000000476837158
vertex -16.00029182434082 -26.584726333618164 0
vertex -16.17249870300293 -26.550472259521484 1.7000000476837158
endloop
endfacet
facet normal 0.5555702377777493 0.831469609123253 0
outer loop
vertex -16.17249870300293 -26.550472259521484 1.7000000476837158
vertex -16.27089500427246 -26.484725952148438 0
vertex -16.27089500427246 -26.484725952148438 1.7000000476837158
endloop
endfacet
facet normal 0.5555702377777493 0.831469609123253 0
outer loop
vertex -16.17249870300293 -26.550472259521484 0
vertex -16.27089500427246 -26.484725952148438 0
vertex -16.17249870300293 -26.550472259521484 1.7000000476837158
endloop
endfacet
facet normal 0.555568781625303 -0.8314705820913789 0
outer loop
vertex -16.25 -25.77076530456543 0
vertex -16.17249870300293 -25.71898078918457 0
vertex -16.25 -25.77076530456543 1.7000000476837158
endloop
endfacet
facet normal -0.32639622650685174 -0.94523304180614 0
outer loop
vertex -16.00029182434082 -25.68472671508789 0
vertex -15.75 -25.771154403686523 0
vertex -16.00029182434082 -25.68472671508789 1.7000000476837158
endloop
endfacet
facet normal 0.19509030110388895 -0.9807852845629332 0
outer loop
vertex -16.17249870300293 -25.71898078918457 0
vertex -16.00029182434082 -25.68472671508789 0
vertex -16.00029182434082 -25.68472671508789 1.7000000476837158
endloop
endfacet
facet normal -0.3466344601538436 0.9380002937280209 0
outer loop
vertex -15.72968864440918 -26.484725952148438 0
vertex -16.00029182434082 -26.584726333618164 0
vertex -15.72968864440918 -26.484725952148438 1.7000000476837158
endloop
endfacet
facet normal 0.19509030110388895 0.9807852845629332 0
outer loop
vertex -16.00029182434082 -26.584726333618164 0
vertex -16.17249870300293 -26.550472259521484 0
vertex -16.17249870300293 -26.550472259521484 1.7000000476837158
endloop
endfacet
facet normal 0.8314699190325903 0.555569773965375 0
outer loop
vertex -16.318490982055664 -27.722925186157227 1.7000000476837158
vertex -16.318490982055664 -27.722925186157227 0
vertex -16.416038513183594 -27.576934814453125 1.7000000476837158
endloop
endfacet
facet normal -0.19508926182791986 0.9807854912871812 0
outer loop
vertex -15.828083992004395 -27.820472717285156 0
vertex -16.00029182434082 -27.854726791381836 0
vertex -16.00029182434082 -27.854726791381836 1.7000000476837158
endloop
endfacet
facet normal -0.555569773965375 -0.8314699190325903 0
outer loop
vertex -15.828083992004395 -26.988981246948242 0
vertex -15.682093620300293 -27.086528778076172 0
vertex -15.682093620300293 -27.086528778076172 1.7000000476837158
endloop
endfacet
facet normal 0.19509030110388895 0.9807852845629332 0
outer loop
vertex -16.00029182434082 -27.854726791381836 1.7000000476837158
vertex -16.00029182434082 -27.854726791381836 0
vertex -16.17249870300293 -27.820472717285156 1.7000000476837158
endloop
endfacet
facet normal -0.19508926182791986 0.9807854912871812 0
outer loop
vertex -15.828083992004395 -27.820472717285156 1.7000000476837158
vertex -15.828083992004395 -27.820472717285156 0
vertex -16.00029182434082 -27.854726791381836 1.7000000476837158
endloop
endfacet
facet normal -0.555569773965375 0.8314699190325903 0
outer loop
vertex -15.682093620300293 -27.722925186157227 1.7000000476837158
vertex -15.682093620300293 -27.722925186157227 0
vertex -15.828083992004395 -27.820472717285156 1.7000000476837158
endloop
endfacet
facet normal -0.8314699190325903 0.555569773965375 0
outer loop
vertex -15.584546089172363 -27.576934814453125 1.7000000476837158
vertex -15.584546089172363 -27.576934814453125 0
vertex -15.682093620300293 -27.722925186157227 1.7000000476837158
endloop
endfacet
facet normal -0.9807856980081253 0.19508822256280442 0
outer loop
vertex -15.550292015075684 -27.404726028442383 1.7000000476837158
vertex -15.550292015075684 -27.404726028442383 0
vertex -15.584546089172363 -27.576934814453125 1.7000000476837158
endloop
endfacet
facet normal 0.19509030110388895 -0.9807852845629332 0
outer loop
vertex -16.17249870300293 -26.988981246948242 0
vertex -16.00029182434082 -26.954727172851562 0
vertex -16.00029182434082 -26.954727172851562 1.7000000476837158
endloop
endfacet
facet normal 0 0 -1
outer loop
vertex -16.00029182434082 -26.954727172851562 1.7000000476837158
vertex -16.17249870300293 -27.820472717285156 1.7000000476837158
vertex -16.17249870300293 -26.988981246948242 1.7000000476837158
endloop
endfacet
facet normal 0 0 -1
outer loop
vertex -15.682093620300293 -27.722925186157227 1.7000000476837158
vertex -15.828083992004395 -27.820472717285156 1.7000000476837158
vertex -15.682093620300293 -27.086528778076172 1.7000000476837158
endloop
endfacet
facet normal 0.5555647559208026 -0.8314732719568675 0
outer loop
vertex -16.318490982055664 -27.086528778076172 0
vertex -16.17249870300293 -26.988981246948242 0
vertex -16.17249870300293 -26.988981246948242 1.7000000476837158
endloop
endfacet
facet normal -0.8314699190325903 -0.555569773965375 0
outer loop
vertex -15.682093620300293 -27.086528778076172 0
vertex -15.584546089172363 -27.232519149780273 0
vertex -15.584546089172363 -27.232519149780273 1.7000000476837158
endloop
endfacet
facet normal -0.9807852845629332 -0.19509030110388895 0
outer loop
vertex -15.550292015075684 -27.404726028442383 0
vertex -15.550292015075684 -27.404726028442383 1.7000000476837158
vertex -15.584546089172363 -27.232519149780273 0
endloop
endfacet
facet normal -0.9807852845629332 -0.19509030110388895 0
outer loop
vertex -15.584546089172363 -27.232519149780273 1.7000000476837158
vertex -15.584546089172363 -27.232519149780273 0
vertex -15.550292015075684 -27.404726028442383 1.7000000476837158
endloop
endfacet
facet normal -0.8314699190325903 -0.555569773965375 0
outer loop
vertex -15.682093620300293 -27.086528778076172 1.7000000476837158
vertex -15.682093620300293 -27.086528778076172 0
vertex -15.584546089172363 -27.232519149780273 1.7000000476837158
endloop
endfacet
facet normal 0.5555647559208026 -0.8314732719568675 0
outer loop
vertex -16.318490982055664 -27.086528778076172 1.7000000476837158
vertex -16.318490982055664 -27.086528778076172 0
vertex -16.17249870300293 -26.988981246948242 1.7000000476837158
endloop
endfacet
facet normal 0.8314699190325903 0.555569773965375 0
outer loop
vertex -16.318490982055664 -27.722925186157227 0
vertex -16.416038513183594 -27.576934814453125 0
vertex -16.416038513183594 -27.576934814453125 1.7000000476837158
endloop
endfacet
facet normal 0.19509030110388895 -0.9807852845629332 0
outer loop
vertex -16.17249870300293 -26.988981246948242 1.7000000476837158
vertex -16.17249870300293 -26.988981246948242 0
vertex -16.00029182434082 -26.954727172851562 1.7000000476837158
endloop
endfacet
facet normal -0.19508926182791986 -0.9807854912871812 0
outer loop
vertex -16.00029182434082 -26.954727172851562 1.7000000476837158
vertex -16.00029182434082 -26.954727172851562 0
vertex -15.828083992004395 -26.988981246948242 1.7000000476837158
endloop
endfacet
facet normal 0 0 -1
outer loop
vertex -15.828083992004395 -26.988981246948242 1.7000000476837158
vertex -16.00029182434082 -27.854726791381836 1.7000000476837158
vertex -16.00029182434082 -26.954727172851562 1.7000000476837158
endloop
endfacet
facet normal 0 0 -1
outer loop
vertex -15.828083992004395 -26.988981246948242 1.7000000476837158
vertex -15.682093620300293 -27.086528778076172 1.7000000476837158
vertex -15.828083992004395 -27.820472717285156 1.7000000476837158
endloop
endfacet
facet normal 0 0 -1
outer loop
vertex -15.584546089172363 -27.576934814453125 1.7000000476837158
vertex -15.682093620300293 -27.722925186157227 1.7000000476837158
vertex -15.584546089172363 -27.232519149780273 1.7000000476837158
endloop
endfacet
facet normal 0 0 -1
outer loop
vertex -15.584546089172363 -27.232519149780273 1.7000000476837158
vertex -15.682093620300293 -27.722925186157227 1.7000000476837158
vertex -15.682093620300293 -27.086528778076172 1.7000000476837158
endloop
endfacet
facet normal -0.555569773965375 -0.8314699190325903 0
outer loop
vertex -15.828083992004395 -26.988981246948242 1.7000000476837158
vertex -15.828083992004395 -26.988981246948242 0
vertex -15.682093620300293 -27.086528778076172 1.7000000476837158
endloop
endfacet
facet normal 0.5555647559208026 0.8314732719568675 0
outer loop
vertex -16.17249870300293 -27.820472717285156 0
vertex -16.318490982055664 -27.722925186157227 0
vertex -16.318490982055664 -27.722925186157227 1.7000000476837158
endloop
endfacet
facet normal 0 0 -1
outer loop
vertex -15.550292015075684 -27.404726028442383 1.7000000476837158
vertex -15.584546089172363 -27.576934814453125 1.7000000476837158
vertex -15.584546089172363 -27.232519149780273 1.7000000476837158
endloop
endfacet
facet normal 0.9807856980081253 0.19508822256280442 0
outer loop
vertex -16.416038513183594 -27.576934814453125 0
vertex -16.450292587280273 -27.404726028442383 0
vertex -16.450292587280273 -27.404726028442383 1.7000000476837158
endloop
endfacet
facet normal -0.9807856980081253 0.19508822256280442 0
outer loop
vertex -15.550292015075684 -27.404726028442383 0
vertex -15.584546089172363 -27.576934814453125 0
vertex -15.584546089172363 -27.576934814453125 1.7000000476837158
endloop
endfacet
facet normal 0 0 -1
outer loop
vertex -16.318490982055664 -27.722925186157227 1.7000000476837158
vertex -16.416038513183594 -27.576934814453125 1.7000000476837158
vertex -16.318490982055664 -27.086528778076172 1.7000000476837158
endloop
endfacet
facet normal 0 0 -1
outer loop
vertex -16.17249870300293 -27.820472717285156 1.7000000476837158
vertex -16.318490982055664 -27.722925186157227 1.7000000476837158
vertex -16.17249870300293 -26.988981246948242 1.7000000476837158
endloop
endfacet
facet normal 0.9807852845629332 -0.19509030110388895 0
outer loop
vertex -16.450292587280273 -27.404726028442383 0
vertex -16.416038513183594 -27.232519149780273 0
vertex -16.416038513183594 -27.232519149780273 1.7000000476837158
endloop
endfacet
facet normal -0.8314699190325903 0.555569773965375 0
outer loop
vertex -15.584546089172363 -27.576934814453125 0
vertex -15.682093620300293 -27.722925186157227 0
vertex -15.682093620300293 -27.722925186157227 1.7000000476837158
endloop
endfacet
facet normal 0 0 -1
outer loop
vertex -16.416038513183594 -27.576934814453125 1.7000000476837158
vertex -16.450292587280273 -27.404726028442383 1.7000000476837158
vertex -16.416038513183594 -27.232519149780273 1.7000000476837158
endloop
endfacet
facet normal 0 0 -1
outer loop
vertex -16.318490982055664 -27.086528778076172 1.7000000476837158
vertex -16.416038513183594 -27.576934814453125 1.7000000476837158
vertex -16.416038513183594 -27.232519149780273 1.7000000476837158
endloop
endfacet
facet normal 0.8314699190325903 -0.555569773965375 0
outer loop
vertex -16.416038513183594 -27.232519149780273 0
vertex -16.318490982055664 -27.086528778076172 0
vertex -16.318490982055664 -27.086528778076172 1.7000000476837158
endloop
endfacet
facet normal 0.19509030110388895 0.9807852845629332 0
outer loop
vertex -16.00029182434082 -27.854726791381836 0
vertex -16.17249870300293 -27.820472717285156 0
vertex -16.17249870300293 -27.820472717285156 1.7000000476837158
endloop
endfacet
facet normal 0.8314699190325903 -0.555569773965375 0
outer loop
vertex -16.416038513183594 -27.232519149780273 1.7000000476837158
vertex -16.416038513183594 -27.232519149780273 0
vertex -16.318490982055664 -27.086528778076172 1.7000000476837158
endloop
endfacet
facet normal 0.9807852845629332 -0.19509030110388895 0
outer loop
vertex -16.450292587280273 -27.404726028442383 1.7000000476837158
vertex -16.450292587280273 -27.404726028442383 0
vertex -16.416038513183594 -27.232519149780273 1.7000000476837158
endloop
endfacet
facet normal 0 0 -1
outer loop
vertex -16.17249870300293 -26.988981246948242 1.7000000476837158
vertex -16.318490982055664 -27.722925186157227 1.7000000476837158
vertex -16.318490982055664 -27.086528778076172 1.7000000476837158
endloop
endfacet
facet normal 0 0 -1
outer loop
vertex -16.00029182434082 -27.854726791381836 1.7000000476837158
vertex -16.17249870300293 -27.820472717285156 1.7000000476837158
vertex -16.00029182434082 -26.954727172851562 1.7000000476837158
endloop
endfacet
facet normal 0 0 -1
outer loop
vertex -15.828083992004395 -27.820472717285156 1.7000000476837158
vertex -16.00029182434082 -27.854726791381836 1.7000000476837158
vertex -15.828083992004395 -26.988981246948242 1.7000000476837158
endloop
endfacet
facet normal 0.9807856980081253 0.19508822256280442 0
outer loop
vertex -16.416038513183594 -27.576934814453125 1.7000000476837158
vertex -16.416038513183594 -27.576934814453125 0
vertex -16.450292587280273 -27.404726028442383 1.7000000476837158
endloop
endfacet
facet normal 0.5555647559208026 0.8314732719568675 0
outer loop
vertex -16.17249870300293 -27.820472717285156 1.7000000476837158
vertex -16.17249870300293 -27.820472717285156 0
vertex -16.318490982055664 -27.722925186157227 1.7000000476837158
endloop
endfacet
facet normal -0.555569773965375 0.8314699190325903 0
outer loop
vertex -15.682093620300293 -27.722925186157227 0
vertex -15.828083992004395 -27.820472717285156 0
vertex -15.828083992004395 -27.820472717285156 1.7000000476837158
endloop
endfacet
facet normal -0.19508926182791986 -0.9807854912871812 0
outer loop
vertex -16.00029182434082 -26.954727172851562 0
vertex -15.828083992004395 -26.988981246948242 0
vertex -15.828083992004395 -26.988981246948242 1.7000000476837158
endloop
endfacet
facet normal -0.8314732719568675 0.5555647559208026 0
outer loop
vertex -15.584546089172363 -28.846933364868164 0
vertex -15.682093620300293 -28.9929256439209 0
vertex -15.682093620300293 -28.9929256439209 1.7000000476837158
endloop
endfacet
facet normal 0 0 -1
outer loop
vertex -16.00029182434082 -29.124727249145508 1.7000000476837158
vertex -16.17249870300293 -29.090473175048828 1.7000000476837158
vertex -16.00029182434082 -28.224727630615234 1.7000000476837158
endloop
endfacet
facet normal -0.19508926182791986 0.9807854912871812 0
outer loop
vertex -15.828083992004395 -29.090473175048828 0
vertex -16.00029182434082 -29.124727249145508 0
vertex -16.00029182434082 -29.124727249145508 1.7000000476837158
endloop
endfacet
facet normal -0.555569773965375 0.8314699190325903 0
outer loop
vertex -15.682093620300293 -28.9929256439209 0
vertex -15.828083992004395 -29.090473175048828 0
vertex -15.828083992004395 -29.090473175048828 1.7000000476837158
endloop
endfacet
facet normal 0.19509030110388895 0.9807852845629332 0
outer loop
vertex -16.00029182434082 -29.124727249145508 0
vertex -16.17249870300293 -29.090473175048828 0
vertex -16.17249870300293 -29.090473175048828 1.7000000476837158
endloop
endfacet
facet normal -0.555569773965375 0.8314699190325903 0
outer loop
vertex -15.682093620300293 -28.9929256439209 1.7000000476837158
vertex -15.682093620300293 -28.9929256439209 0
vertex -15.828083992004395 -29.090473175048828 1.7000000476837158
endloop
endfacet
facet normal -0.8314732719568675 0.5555647559208026 0
outer loop
vertex -15.584546089172363 -28.846933364868164 1.7000000476837158
vertex -15.584546089172363 -28.846933364868164 0
vertex -15.682093620300293 -28.9929256439209 1.7000000476837158
endloop
endfacet
facet normal -0.9807852845629332 0.19509030110388895 0
outer loop
vertex -15.550292015075684 -28.674726486206055 1.7000000476837158
vertex -15.550292015075684 -28.674726486206055 0
vertex -15.584546089172363 -28.846933364868164 1.7000000476837158
endloop
endfacet
facet normal -0.9807852845629332 -0.19509030110388895 0
outer loop
vertex -15.584546089172363 -28.502519607543945 1.7000000476837158
vertex -15.584546089172363 -28.502519607543945 0
vertex -15.550292015075684 -28.674726486206055 1.7000000476837158
endloop
endfacet
facet normal 0.8314699190325903 -0.555569773965375 0
outer loop
vertex -16.416038513183594 -28.502519607543945 1.7000000476837158
vertex -16.416038513183594 -28.502519607543945 0
vertex -16.318490982055664 -28.356529235839844 1.7000000476837158
endloop
endfacet
facet normal 0.9807852845629332 -0.19509030110388895 0
outer loop
vertex -16.450292587280273 -28.674726486206055 0
vertex -16.416038513183594 -28.502519607543945 0
vertex -16.416038513183594 -28.502519607543945 1.7000000476837158
endloop
endfacet
facet normal 0.9807852845629332 0.19509030110388895 0
outer loop
vertex -16.416038513183594 -28.846933364868164 0
vertex -16.450292587280273 -28.674726486206055 0
vertex -16.450292587280273 -28.674726486206055 1.7000000476837158
endloop
endfacet
facet normal 0.8314699190325903 -0.555569773965375 0
outer loop
vertex -16.416038513183594 -28.502519607543945 0
vertex -16.318490982055664 -28.356529235839844 0
vertex -16.318490982055664 -28.356529235839844 1.7000000476837158
endloop
endfacet
facet normal 0.5555647559208026 -0.8314732719568675 0
outer loop
vertex -16.318490982055664 -28.356529235839844 0
vertex -16.17249870300293 -28.258981704711914 0
vertex -16.17249870300293 -28.258981704711914 1.7000000476837158
endloop
endfacet
facet normal 0.19509030110388895 -0.9807852845629332 0
outer loop
vertex -16.17249870300293 -28.258981704711914 0
vertex -16.00029182434082 -28.224727630615234 0
vertex -16.00029182434082 -28.224727630615234 1.7000000476837158
endloop
endfacet
facet normal -0.555569773965375 -0.8314699190325903 0
outer loop
vertex -15.828083992004395 -28.258981704711914 0
vertex -15.682093620300293 -28.356529235839844 0
vertex -15.682093620300293 -28.356529235839844 1.7000000476837158
endloop
endfacet
facet normal -0.19508926182791986 -0.9807854912871812 0
outer loop
vertex -16.00029182434082 -28.224727630615234 0
vertex -15.828083992004395 -28.258981704711914 0
vertex -15.828083992004395 -28.258981704711914 1.7000000476837158
endloop
endfacet
facet normal -0.8314699190325903 -0.555569773965375 0
outer loop
vertex -15.682093620300293 -28.356529235839844 0
vertex -15.584546089172363 -28.502519607543945 0
vertex -15.584546089172363 -28.502519607543945 1.7000000476837158
endloop
endfacet
facet normal 0 0 -1
outer loop
vertex -15.550292015075684 -28.674726486206055 1.7000000476837158
vertex -15.584546089172363 -28.846933364868164 1.7000000476837158
vertex -15.584546089172363 -28.502519607543945 1.7000000476837158
endloop
endfacet
facet normal 0 0 -1
outer loop
vertex -15.682093620300293 -28.356529235839844 1.7000000476837158
vertex -15.584546089172363 -28.502519607543945 1.7000000476837158
vertex -15.682093620300293 -28.9929256439209 1.7000000476837158
endloop
endfacet
facet normal 0 0 -1
outer loop
vertex -15.584546089172363 -28.846933364868164 1.7000000476837158
vertex -15.682093620300293 -28.9929256439209 1.7000000476837158
vertex -15.584546089172363 -28.502519607543945 1.7000000476837158
endloop
endfacet
facet normal 0 0 -1
outer loop
vertex -15.682093620300293 -28.356529235839844 1.7000000476837158
vertex -15.828083992004395 -29.090473175048828 1.7000000476837158
vertex -15.828083992004395 -28.258981704711914 1.7000000476837158
endloop
endfacet
facet normal 0 0 -1
outer loop
vertex -15.828083992004395 -28.258981704711914 1.7000000476837158
vertex -16.00029182434082 -29.124727249145508 1.7000000476837158
vertex -16.00029182434082 -28.224727630615234 1.7000000476837158
endloop
endfacet
facet normal 0.5555647559208026 0.8314732719568675 0
outer loop
vertex -16.17249870300293 -29.090473175048828 0
vertex -16.318490982055664 -28.9929256439209 0
vertex -16.318490982055664 -28.9929256439209 1.7000000476837158
endloop
endfacet
facet normal 0.8314732719568675 0.5555647559208026 0
outer loop
vertex -16.318490982055664 -28.9929256439209 0
vertex -16.416038513183594 -28.846933364868164 0
vertex -16.416038513183594 -28.846933364868164 1.7000000476837158
endloop
endfacet
facet normal 0.5555647559208026 -0.8314732719568675 0
outer loop
vertex -16.318490982055664 -28.356529235839844 1.7000000476837158
vertex -16.318490982055664 -28.356529235839844 0
vertex -16.17249870300293 -28.258981704711914 1.7000000476837158
endloop
endfacet
facet normal 0.19509030110388895 -0.9807852845629332 0
outer loop
vertex -16.17249870300293 -28.258981704711914 1.7000000476837158
vertex -16.17249870300293 -28.258981704711914 0
vertex -16.00029182434082 -28.224727630615234 1.7000000476837158
endloop
endfacet
facet normal -0.19508926182791986 -0.9807854912871812 0
outer loop
vertex -16.00029182434082 -28.224727630615234 1.7000000476837158
vertex -16.00029182434082 -28.224727630615234 0
vertex -15.828083992004395 -28.258981704711914 1.7000000476837158
endloop
endfacet
facet normal -0.555569773965375 -0.8314699190325903 0
outer loop
vertex -15.828083992004395 -28.258981704711914 1.7000000476837158
vertex -15.828083992004395 -28.258981704711914 0
vertex -15.682093620300293 -28.356529235839844 1.7000000476837158
endloop
endfacet
facet normal 0 0 -1
outer loop
vertex -15.682093620300293 -28.9929256439209 1.7000000476837158
vertex -15.828083992004395 -29.090473175048828 1.7000000476837158
vertex -15.682093620300293 -28.356529235839844 1.7000000476837158
endloop
endfacet
facet normal -0.8314699190325903 -0.555569773965375 0
outer loop
vertex -15.682093620300293 -28.356529235839844 1.7000000476837158
vertex -15.682093620300293 -28.356529235839844 0
vertex -15.584546089172363 -28.502519607543945 1.7000000476837158
endloop
endfacet
facet normal 0.9807852845629332 -0.19509030110388895 0
outer loop
vertex -16.450292587280273 -28.674726486206055 1.7000000476837158
vertex -16.450292587280273 -28.674726486206055 0
vertex -16.416038513183594 -28.502519607543945 1.7000000476837158
endloop
endfacet
facet normal 0.9807852845629332 0.19509030110388895 0
outer loop
vertex -16.416038513183594 -28.846933364868164 1.7000000476837158
vertex -16.416038513183594 -28.846933364868164 0
vertex -16.450292587280273 -28.674726486206055 1.7000000476837158
endloop
endfacet
facet normal 0.8314732719568675 0.5555647559208026 0
outer loop
vertex -16.318490982055664 -28.9929256439209 1.7000000476837158
vertex -16.318490982055664 -28.9929256439209 0
vertex -16.416038513183594 -28.846933364868164 1.7000000476837158
endloop
endfacet
facet normal 0 0 -1
outer loop
vertex -16.318490982055664 -28.9929256439209 1.7000000476837158
vertex -16.416038513183594 -28.846933364868164 1.7000000476837158
vertex -16.318490982055664 -28.356529235839844 1.7000000476837158
endloop
endfacet
facet normal 0 0 -1
outer loop
vertex -16.17249870300293 -29.090473175048828 1.7000000476837158
vertex -16.318490982055664 -28.9929256439209 1.7000000476837158
vertex -16.17249870300293 -28.258981704711914 1.7000000476837158
endloop
endfacet
facet normal 0 0 -1
outer loop
vertex -16.416038513183594 -28.846933364868164 1.7000000476837158
vertex -16.450292587280273 -28.674726486206055 1.7000000476837158
vertex -16.416038513183594 -28.502519607543945 1.7000000476837158
endloop
endfacet
facet normal 0 0 -1
outer loop
vertex -16.318490982055664 -28.356529235839844 1.7000000476837158
vertex -16.416038513183594 -28.846933364868164 1.7000000476837158
vertex -16.416038513183594 -28.502519607543945 1.7000000476837158
endloop
endfacet
facet normal -0.9807852845629332 -0.19509030110388895 0
outer loop
vertex -15.584546089172363 -28.502519607543945 0
vertex -15.550292015075684 -28.674726486206055 0
vertex -15.550292015075684 -28.674726486206055 1.7000000476837158
endloop
endfacet
facet normal 0.5555647559208026 0.8314732719568675 0
outer loop
vertex -16.17249870300293 -29.090473175048828 1.7000000476837158
vertex -16.17249870300293 -29.090473175048828 0
vertex -16.318490982055664 -28.9929256439209 1.7000000476837158
endloop
endfacet
facet normal -0.9807852845629332 0.19509030110388895 0
outer loop
vertex -15.550292015075684 -28.674726486206055 0
vertex -15.584546089172363 -28.846933364868164 0
vertex -15.584546089172363 -28.846933364868164 1.7000000476837158
endloop
endfacet
facet normal 0 0 -1
outer loop
vertex -16.17249870300293 -28.258981704711914 1.7000000476837158
vertex -16.318490982055664 -28.9929256439209 1.7000000476837158
vertex -16.318490982055664 -28.356529235839844 1.7000000476837158
endloop
endfacet
facet normal -0.19508926182791986 0.9807854912871812 0
outer loop
vertex -15.828083992004395 -29.090473175048828 1.7000000476837158
vertex -15.828083992004395 -29.090473175048828 0
vertex -16.00029182434082 -29.124727249145508 1.7000000476837158
endloop
endfacet
facet normal 0 0 -1
outer loop
vertex -15.828083992004395 -29.090473175048828 1.7000000476837158
vertex -16.00029182434082 -29.124727249145508 1.7000000476837158
vertex -15.828083992004395 -28.258981704711914 1.7000000476837158
endloop
endfacet
facet normal 0 0 -1
outer loop
vertex -16.00029182434082 -28.224727630615234 1.7000000476837158
vertex -16.17249870300293 -29.090473175048828 1.7000000476837158
vertex -16.17249870300293 -28.258981704711914 1.7000000476837158
endloop
endfacet
facet normal 0.19509030110388895 0.9807852845629332 0
outer loop
vertex -16.00029182434082 -29.124727249145508 1.7000000476837158
vertex -16.00029182434082 -29.124727249145508 0
vertex -16.17249870300293 -29.090473175048828 1.7000000476837158
endloop
endfacet
facet normal 0.8314699190325903 0.555569773965375 0
outer loop
vertex -16.318490982055664 -30.262924194335938 1.7000000476837158
vertex -16.318490982055664 -30.262924194335938 0
vertex -16.416038513183594 -30.116933822631836 1.7000000476837158
endloop
endfacet
facet normal 0 0 -1
outer loop
vertex -15.682093620300293 -29.626527786254883 1.7000000476837158
vertex -15.828083992004395 -30.360471725463867 1.7000000476837158
vertex -15.828083992004395 -29.528980255126953 1.7000000476837158
endloop
endfacet
facet normal 0 0 -1
outer loop
vertex -15.828083992004395 -29.528980255126953 1.7000000476837158
vertex -16.00029182434082 -30.394725799560547 1.7000000476837158
vertex -16.00029182434082 -29.494726181030273 1.7000000476837158
endloop
endfacet
facet normal 0 0 -1
outer loop
vertex -16.00029182434082 -29.494726181030273 1.7000000476837158
vertex -16.17249870300293 -30.360471725463867 1.7000000476837158
vertex -16.17249870300293 -29.528980255126953 1.7000000476837158
endloop
endfacet
facet normal 0.9807852845629332 0.19509030110388895 0
outer loop
vertex -16.416038513183594 -30.116933822631836 1.7000000476837158
vertex -16.416038513183594 -30.116933822631836 0
vertex -16.450292587280273 -29.944726943969727 1.7000000476837158
endloop
endfacet
facet normal 0.5555647559208026 0.8314732719568675 0
outer loop
vertex -16.17249870300293 -30.360471725463867 1.7000000476837158
vertex -16.17249870300293 -30.360471725463867 0
vertex -16.318490982055664 -30.262924194335938 1.7000000476837158
endloop
endfacet
facet normal 0 0 -1
outer loop
vertex -15.828083992004395 -30.360471725463867 1.7000000476837158
vertex -16.00029182434082 -30.394725799560547 1.7000000476837158
vertex -15.828083992004395 -29.528980255126953 1.7000000476837158
endloop
endfacet
facet normal 0 0 -1
outer loop
vertex -15.682093620300293 -30.262924194335938 1.7000000476837158
vertex -15.828083992004395 -30.360471725463867 1.7000000476837158
vertex -15.682093620300293 -29.626527786254883 1.7000000476837158
endloop
endfacet
facet normal 0 0 -1
outer loop
vertex -15.584546089172363 -30.116933822631836 1.7000000476837158
vertex -15.682093620300293 -30.262924194335938 1.7000000476837158
vertex -15.584546089172363 -29.772520065307617 1.7000000476837158
endloop
endfacet
facet normal 0 0 -1
outer loop
vertex -15.550292015075684 -29.944726943969727 1.7000000476837158
vertex -15.584546089172363 -30.116933822631836 1.7000000476837158
vertex -15.584546089172363 -29.772520065307617 1.7000000476837158
endloop
endfacet
facet normal 0.9807852845629332 -0.19509030110388895 0
outer loop
vertex -16.450292587280273 -29.944726943969727 1.7000000476837158
vertex -16.450292587280273 -29.944726943969727 0
vertex -16.416038513183594 -29.772520065307617 1.7000000476837158
endloop
endfacet
facet normal 0.8314732719568675 -0.5555647559208026 0
outer loop
vertex -16.416038513183594 -29.772520065307617 1.7000000476837158
vertex -16.416038513183594 -29.772520065307617 0
vertex -16.318490982055664 -29.626527786254883 1.7000000476837158
endloop
endfacet
facet normal 0.5555647559208026 -0.8314732719568675 0
outer loop
vertex -16.318490982055664 -29.626527786254883 1.7000000476837158
vertex -16.318490982055664 -29.626527786254883 0
vertex -16.17249870300293 -29.528980255126953 1.7000000476837158
endloop
endfacet
facet normal 0 0 -1
outer loop
vertex -16.00029182434082 -30.394725799560547 1.7000000476837158
vertex -16.17249870300293 -30.360471725463867 1.7000000476837158
vertex -16.00029182434082 -29.494726181030273 1.7000000476837158
endloop
endfacet
facet normal 0 0 -1
outer loop
vertex -16.17249870300293 -30.360471725463867 1.7000000476837158
vertex -16.318490982055664 -30.262924194335938 1.7000000476837158
vertex -16.17249870300293 -29.528980255126953 1.7000000476837158
endloop
endfacet
facet normal 0 0 -1
outer loop
vertex -16.416038513183594 -30.116933822631836 1.7000000476837158
vertex -16.450292587280273 -29.944726943969727 1.7000000476837158
vertex -16.416038513183594 -29.772520065307617 1.7000000476837158
endloop
endfacet
facet normal 0 0 -1
outer loop
vertex -16.318490982055664 -30.262924194335938 1.7000000476837158
vertex -16.416038513183594 -30.116933822631836 1.7000000476837158
vertex -16.318490982055664 -29.626527786254883 1.7000000476837158
endloop
endfacet
facet normal 0.19509030110388895 0.9807852845629332 0
outer loop
vertex -16.00029182434082 -30.394725799560547 1.7000000476837158
vertex -16.00029182434082 -30.394725799560547 0
vertex -16.17249870300293 -30.360471725463867 1.7000000476837158
endloop
endfacet
facet normal -0.8314699190325903 0.555569773965375 0
outer loop
vertex -15.682093620300293 -30.262924194335938 0
vertex -15.682093620300293 -30.262924194335938 1.7000000476837158
vertex -15.584546089172363 -30.116933822631836 0
endloop
endfacet
facet normal -0.555569773965375 0.8314699190325903 0
outer loop
vertex -15.828083992004395 -30.360471725463867 0
vertex -15.828083992004395 -30.360471725463867 1.7000000476837158
vertex -15.682093620300293 -30.262924194335938 0
endloop
endfacet
facet normal -0.19508926182791986 0.9807854912871812 0
outer loop
vertex -15.828083992004395 -30.360471725463867 0
vertex -16.00029182434082 -30.394725799560547 0
vertex -16.00029182434082 -30.394725799560547 1.7000000476837158
endloop
endfacet
facet normal -0.19508926182791986 0.9807854912871812 0
outer loop
vertex -15.828083992004395 -30.360471725463867 1.7000000476837158
vertex -15.828083992004395 -30.360471725463867 0
vertex -16.00029182434082 -30.394725799560547 1.7000000476837158
endloop
endfacet
facet normal 0.19509030110388895 0.9807852845629332 0
outer loop
vertex -16.00029182434082 -30.394725799560547 0
vertex -16.17249870300293 -30.360471725463867 0
vertex -16.17249870300293 -30.360471725463867 1.7000000476837158
endloop
endfacet
facet normal 0 0 -1
outer loop
vertex -16.17249870300293 -29.528980255126953 1.7000000476837158
vertex -16.318490982055664 -30.262924194335938 1.7000000476837158
vertex -16.318490982055664 -29.626527786254883 1.7000000476837158
endloop
endfacet
facet normal -0.555569773965375 0.8314699190325903 0
outer loop
vertex -15.682093620300293 -30.262924194335938 1.7000000476837158
vertex -15.682093620300293 -30.262924194335938 0
vertex -15.828083992004395 -30.360471725463867 1.7000000476837158
endloop
endfacet
facet normal -0.8314699190325903 0.555569773965375 0
outer loop
vertex -15.584546089172363 -30.116933822631836 1.7000000476837158
vertex -15.584546089172363 -30.116933822631836 0
vertex -15.682093620300293 -30.262924194335938 1.7000000476837158
endloop
endfacet
facet normal 0 0 -1
outer loop
vertex -16.318490982055664 -29.626527786254883 1.7000000476837158
vertex -16.416038513183594 -30.116933822631836 1.7000000476837158
vertex -16.416038513183594 -29.772520065307617 1.7000000476837158
endloop
endfacet
facet normal -0.9807852845629332 0.19509030110388895 0
outer loop
vertex -15.550292015075684 -29.944726943969727 1.7000000476837158
vertex -15.550292015075684 -29.944726943969727 0
vertex -15.584546089172363 -30.116933822631836 1.7000000476837158
endloop
endfacet
facet normal -0.9807852845629332 0.19509030110388895 0
outer loop
vertex -15.550292015075684 -29.944726943969727 0
vertex -15.584546089172363 -30.116933822631836 0
vertex -15.584546089172363 -30.116933822631836 1.7000000476837158
endloop
endfacet
facet normal 0.9807852845629332 -0.19509030110388895 0
outer loop
vertex -16.450292587280273 -29.944726943969727 0
vertex -16.416038513183594 -29.772520065307617 0
vertex -16.416038513183594 -29.772520065307617 1.7000000476837158
endloop
endfacet
facet normal 0.8314732719568675 -0.5555647559208026 0
outer loop
vertex -16.416038513183594 -29.772520065307617 0
vertex -16.318490982055664 -29.626527786254883 0
vertex -16.318490982055664 -29.626527786254883 1.7000000476837158
endloop
endfacet
facet normal 0.5555647559208026 -0.8314732719568675 0
outer loop
vertex -16.318490982055664 -29.626527786254883 0
vertex -16.17249870300293 -29.528980255126953 0
vertex -16.17249870300293 -29.528980255126953 1.7000000476837158
endloop
endfacet
facet normal -0.555569773965375 -0.8314699190325903 0
outer loop
vertex -15.828083992004395 -29.528980255126953 0
vertex -15.682093620300293 -29.626527786254883 0
vertex -15.682093620300293 -29.626527786254883 1.7000000476837158
endloop
endfacet
facet normal 0.19509030110388895 -0.9807852845629332 0
outer loop
vertex -16.17249870300293 -29.528980255126953 0
vertex -16.00029182434082 -29.494726181030273 0
vertex -16.00029182434082 -29.494726181030273 1.7000000476837158
endloop
endfacet
facet normal -0.19508926182791986 -0.9807854912871812 0
outer loop
vertex -16.00029182434082 -29.494726181030273 0
vertex -15.828083992004395 -29.528980255126953 0
vertex -15.828083992004395 -29.528980255126953 1.7000000476837158
endloop
endfacet
facet normal -0.9807852845629332 -0.19509030110388895 0
outer loop
vertex -15.584546089172363 -29.772520065307617 0
vertex -15.550292015075684 -29.944726943969727 0
vertex -15.550292015075684 -29.944726943969727 1.7000000476837158
endloop
endfacet
facet normal -0.8314732719568675 -0.5555647559208026 0
outer loop
vertex -15.682093620300293 -29.626527786254883 0
vertex -15.584546089172363 -29.772520065307617 0
vertex -15.584546089172363 -29.772520065307617 1.7000000476837158
endloop
endfacet
facet normal 0.19509030110388895 -0.9807852845629332 0
outer loop
vertex -16.17249870300293 -29.528980255126953 1.7000000476837158
vertex -16.17249870300293 -29.528980255126953 0
vertex -16.00029182434082 -29.494726181030273 1.7000000476837158
endloop
endfacet
facet normal -0.19508926182791986 -0.9807854912871812 0
outer loop
vertex -16.00029182434082 -29.494726181030273 1.7000000476837158
vertex -16.00029182434082 -29.494726181030273 0
vertex -15.828083992004395 -29.528980255126953 1.7000000476837158
endloop
endfacet
facet normal -0.555569773965375 -0.8314699190325903 0
outer loop
vertex -15.828083992004395 -29.528980255126953 1.7000000476837158
vertex -15.828083992004395 -29.528980255126953 0
vertex -15.682093620300293 -29.626527786254883 1.7000000476837158
endloop
endfacet
facet normal -0.9807852845629332 -0.19509030110388895 0
outer loop
vertex -15.584546089172363 -29.772520065307617 1.7000000476837158
vertex -15.584546089172363 -29.772520065307617 0
vertex -15.550292015075684 -29.944726943969727 1.7000000476837158
endloop
endfacet
facet normal -0.8314732719568675 -0.5555647559208026 0
outer loop
vertex -15.682093620300293 -29.626527786254883 1.7000000476837158
vertex -15.682093620300293 -29.626527786254883 0
vertex -15.584546089172363 -29.772520065307617 1.7000000476837158
endloop
endfacet
facet normal 0.9807852845629332 0.19509030110388895 0
outer loop
vertex -16.416038513183594 -30.116933822631836 0
vertex -16.450292587280273 -29.944726943969727 0
vertex -16.450292587280273 -29.944726943969727 1.7000000476837158
endloop
endfacet
facet normal 0.8314699190325903 0.555569773965375 0
outer loop
vertex -16.318490982055664 -30.262924194335938 0
vertex -16.416038513183594 -30.116933822631836 0
vertex -16.416038513183594 -30.116933822631836 1.7000000476837158
endloop
endfacet
facet normal 0.5555647559208026 0.8314732719568675 0
outer loop
vertex -16.17249870300293 -30.360471725463867 0
vertex -16.318490982055664 -30.262924194335938 0
vertex -16.318490982055664 -30.262924194335938 1.7000000476837158
endloop
endfacet
facet normal 0 0 -1
outer loop
vertex -15.584546089172363 -29.772520065307617 1.7000000476837158
vertex -15.682093620300293 -30.262924194335938 1.7000000476837158
vertex -15.682093620300293 -29.626527786254883 1.7000000476837158
endloop
endfacet
facet normal 0.5555647559208026 0.8314732719568675 0
outer loop
vertex -16.17249870300293 -31.63047218322754 1.7000000476837158
vertex -16.17249870300293 -31.63047218322754 0
vertex -16.318490982055664 -31.53292465209961 1.7000000476837158
endloop
endfacet
facet normal 0 0 -1
outer loop
vertex -15.828083992004395 -31.63047218322754 1.7000000476837158
vertex -16.00029182434082 -31.66472625732422 1.7000000476837158
vertex -15.828083992004395 -30.798980712890625 1.7000000476837158
endloop
endfacet
facet normal 0.9807852845629332 0.19509030110388895 0
outer loop
vertex -16.416038513183594 -31.386934280395508 0
vertex -16.450292587280273 -31.2147274017334 0
vertex -16.450292587280273 -31.2147274017334 1.7000000476837158
endloop
endfacet
facet normal -0.8314699190325903 0.555569773965375 0
outer loop
vertex -15.682093620300293 -31.53292465209961 0
vertex -15.682093620300293 -31.53292465209961 1.7000000476837158
vertex -15.584546089172363 -31.386934280395508 0
endloop
endfacet
facet normal -0.555569773965375 0.8314699190325903 0
outer loop
vertex -15.828083992004395 -31.63047218322754 0
vertex -15.828083992004395 -31.63047218322754 1.7000000476837158
vertex -15.682093620300293 -31.53292465209961 0
endloop
endfacet
facet normal -0.19508926182791986 0.9807854912871812 0
outer loop
vertex -16.00029182434082 -31.66472625732422 0
vertex -16.00029182434082 -31.66472625732422 1.7000000476837158
vertex -15.828083992004395 -31.63047218322754 0
endloop
endfacet
facet normal 0.19509030110388895 0.9807852845629332 0
outer loop
vertex -16.00029182434082 -31.66472625732422 0
vertex -16.17249870300293 -31.63047218322754 0
vertex -16.17249870300293 -31.63047218322754 1.7000000476837158
endloop
endfacet
facet normal 0.8314699190325903 0.555569773965375 0
outer loop
vertex -16.318490982055664 -31.53292465209961 0
vertex -16.416038513183594 -31.386934280395508 0
vertex -16.416038513183594 -31.386934280395508 1.7000000476837158
endloop
endfacet
facet normal 0.5555647559208026 0.8314732719568675 0
outer loop
vertex -16.17249870300293 -31.63047218322754 0
vertex -16.318490982055664 -31.53292465209961 0
vertex -16.318490982055664 -31.53292465209961 1.7000000476837158
endloop
endfacet
facet normal 0.8314699190325903 -0.555569773965375 0
outer loop
vertex -16.416038513183594 -31.042518615722656 0
vertex -16.318490982055664 -30.896528244018555 0
vertex -16.318490982055664 -30.896528244018555 1.7000000476837158
endloop
endfacet
facet normal 0.5555647559208026 -0.8314732719568675 0
outer loop
vertex -16.318490982055664 -30.896528244018555 0
vertex -16.17249870300293 -30.798980712890625 0
vertex -16.17249870300293 -30.798980712890625 1.7000000476837158
endloop
endfacet
facet normal 0.19509030110388895 -0.9807852845629332 0
outer loop
vertex -16.17249870300293 -30.798980712890625 0
vertex -16.00029182434082 -30.764726638793945 0
vertex -16.00029182434082 -30.764726638793945 1.7000000476837158
endloop
endfacet
facet normal -0.555569773965375 -0.8314699190325903 0
outer loop
vertex -15.828083992004395 -30.798980712890625 0
vertex -15.682093620300293 -30.896528244018555 0
vertex -15.682093620300293 -30.896528244018555 1.7000000476837158
endloop
endfacet
facet normal -0.19508926182791986 -0.9807854912871812 0
outer loop
vertex -16.00029182434082 -30.764726638793945 0
vertex -15.828083992004395 -30.798980712890625 0
vertex -15.828083992004395 -30.798980712890625 1.7000000476837158
endloop
endfacet
facet normal -0.9807852845629332 0.19509030110388895 0
outer loop
vertex -15.584546089172363 -31.386934280395508 0
vertex -15.584546089172363 -31.386934280395508 1.7000000476837158
vertex -15.550292015075684 -31.2147274017334 0
endloop
endfacet
facet normal -0.8314699190325903 -0.555569773965375 0
outer loop
vertex -15.584546089172363 -31.042518615722656 0
vertex -15.584546089172363 -31.042518615722656 1.7000000476837158
vertex -15.682093620300293 -30.896528244018555 0
endloop
endfacet
facet normal -0.9807856980081253 -0.19508822256280442 0
outer loop
vertex -15.550292015075684 -31.2147274017334 0
vertex -15.550292015075684 -31.2147274017334 1.7000000476837158
vertex -15.584546089172363 -31.042518615722656 0
endloop
endfacet
facet normal 0 0 -1
outer loop
vertex -16.00029182434082 -31.66472625732422 1.7000000476837158
vertex -16.17249870300293 -31.63047218322754 1.7000000476837158
vertex -16.00029182434082 -30.764726638793945 1.7000000476837158
endloop
endfacet
facet normal 0.8314699190325903 0.555569773965375 0
outer loop
vertex -16.318490982055664 -31.53292465209961 1.7000000476837158
vertex -16.318490982055664 -31.53292465209961 0
vertex -16.416038513183594 -31.386934280395508 1.7000000476837158
endloop
endfacet
facet normal 0.19509030110388895 0.9807852845629332 0
outer loop
vertex -16.00029182434082 -31.66472625732422 1.7000000476837158
vertex -16.00029182434082 -31.66472625732422 0
vertex -16.17249870300293 -31.63047218322754 1.7000000476837158
endloop
endfacet
facet normal -0.19508926182791986 0.9807854912871812 0
outer loop
vertex -15.828083992004395 -31.63047218322754 1.7000000476837158
vertex -15.828083992004395 -31.63047218322754 0
vertex -16.00029182434082 -31.66472625732422 1.7000000476837158
endloop
endfacet
facet normal -0.555569773965375 0.8314699190325903 0
outer loop
vertex -15.682093620300293 -31.53292465209961 1.7000000476837158
vertex -15.682093620300293 -31.53292465209961 0
vertex -15.828083992004395 -31.63047218322754 1.7000000476837158
endloop
endfacet
facet normal -0.8314699190325903 0.555569773965375 0
outer loop
vertex -15.584546089172363 -31.386934280395508 1.7000000476837158
vertex -15.584546089172363 -31.386934280395508 0
vertex -15.682093620300293 -31.53292465209961 1.7000000476837158
endloop
endfacet
facet normal 0.9807852845629332 0.19509030110388895 0
outer loop
vertex -16.416038513183594 -31.386934280395508 1.7000000476837158
vertex -16.416038513183594 -31.386934280395508 0
vertex -16.450292587280273 -31.2147274017334 1.7000000476837158
endloop
endfacet
facet normal 0.9807856980081253 -0.19508822256280442 0
outer loop
vertex -16.450292587280273 -31.2147274017334 1.7000000476837158
vertex -16.450292587280273 -31.2147274017334 0
vertex -16.416038513183594 -31.042518615722656 1.7000000476837158
endloop
endfacet
facet normal 0.8314699190325903 -0.555569773965375 0
outer loop
vertex -16.416038513183594 -31.042518615722656 1.7000000476837158
vertex -16.416038513183594 -31.042518615722656 0
vertex -16.318490982055664 -30.896528244018555 1.7000000476837158
endloop
endfacet
facet normal 0.5555647559208026 -0.8314732719568675 0
outer loop
vertex -16.318490982055664 -30.896528244018555 1.7000000476837158
vertex -16.318490982055664 -30.896528244018555 0
vertex -16.17249870300293 -30.798980712890625 1.7000000476837158
endloop
endfacet
facet normal 0.19509030110388895 -0.9807852845629332 0
outer loop
vertex -16.17249870300293 -30.798980712890625 1.7000000476837158
vertex -16.17249870300293 -30.798980712890625 0
vertex -16.00029182434082 -30.764726638793945 1.7000000476837158
endloop
endfacet
facet normal -0.555569773965375 -0.8314699190325903 0
outer loop
vertex -15.828083992004395 -30.798980712890625 1.7000000476837158
vertex -15.828083992004395 -30.798980712890625 0
vertex -15.682093620300293 -30.896528244018555 1.7000000476837158
endloop
endfacet
facet normal -0.19508926182791986 -0.9807854912871812 0
outer loop
vertex -16.00029182434082 -30.764726638793945 1.7000000476837158
vertex -16.00029182434082 -30.764726638793945 0
vertex -15.828083992004395 -30.798980712890625 1.7000000476837158
endloop
endfacet
facet normal 0 0 -1
outer loop
vertex -15.682093620300293 -30.896528244018555 1.7000000476837158
vertex -15.584546089172363 -31.042518615722656 1.7000000476837158
vertex -15.682093620300293 -31.53292465209961 1.7000000476837158
endloop
endfacet
facet normal 0 0 -1
outer loop
vertex -15.550292015075684 -31.2147274017334 1.7000000476837158
vertex -15.584546089172363 -31.386934280395508 1.7000000476837158
vertex -15.584546089172363 -31.042518615722656 1.7000000476837158
endloop
endfacet
facet normal 0 0 -1
outer loop
vertex -15.584546089172363 -31.386934280395508 1.7000000476837158
vertex -15.682093620300293 -31.53292465209961 1.7000000476837158
vertex -15.584546089172363 -31.042518615722656 1.7000000476837158
endloop
endfacet
facet normal 0 0 -1
outer loop
vertex -15.682093620300293 -30.896528244018555 1.7000000476837158
vertex -15.828083992004395 -31.63047218322754 1.7000000476837158
vertex -15.828083992004395 -30.798980712890625 1.7000000476837158
endloop
endfacet
facet normal 0 0 -1
outer loop
vertex -15.828083992004395 -30.798980712890625 1.7000000476837158
vertex -16.00029182434082 -31.66472625732422 1.7000000476837158
vertex -16.00029182434082 -30.764726638793945 1.7000000476837158
endloop
endfacet
facet normal 0 0 -1
outer loop
vertex -16.00029182434082 -30.764726638793945 1.7000000476837158
vertex -16.17249870300293 -31.63047218322754 1.7000000476837158
vertex -16.17249870300293 -30.798980712890625 1.7000000476837158
endloop
endfacet
facet normal -0.9807852845629332 0.19509030110388895 0
outer loop
vertex -15.550292015075684 -31.2147274017334 1.7000000476837158
vertex -15.550292015075684 -31.2147274017334 0
vertex -15.584546089172363 -31.386934280395508 1.7000000476837158
endloop
endfacet
facet normal -0.9807856980081253 -0.19508822256280442 0
outer loop
vertex -15.584546089172363 -31.042518615722656 1.7000000476837158
vertex -15.584546089172363 -31.042518615722656 0
vertex -15.550292015075684 -31.2147274017334 1.7000000476837158
endloop
endfacet
facet normal -0.8314699190325903 -0.555569773965375 0
outer loop
vertex -15.682093620300293 -30.896528244018555 1.7000000476837158
vertex -15.682093620300293 -30.896528244018555 0
vertex -15.584546089172363 -31.042518615722656 1.7000000476837158
endloop
endfacet
facet normal 0 0 -1
outer loop
vertex -16.17249870300293 -30.798980712890625 1.7000000476837158
vertex -16.318490982055664 -31.53292465209961 1.7000000476837158
vertex -16.318490982055664 -30.896528244018555 1.7000000476837158
endloop
endfacet
facet normal 0 0 -1
outer loop
vertex -16.318490982055664 -30.896528244018555 1.7000000476837158
vertex -16.416038513183594 -31.386934280395508 1.7000000476837158
vertex -16.416038513183594 -31.042518615722656 1.7000000476837158
endloop
endfacet
facet normal 0 0 -1
outer loop
vertex -16.17249870300293 -31.63047218322754 1.7000000476837158
vertex -16.318490982055664 -31.53292465209961 1.7000000476837158
vertex -16.17249870300293 -30.798980712890625 1.7000000476837158
endloop
endfacet
facet normal 0 0 -1
outer loop
vertex -16.416038513183594 -31.386934280395508 1.7000000476837158
vertex -16.450292587280273 -31.2147274017334 1.7000000476837158
vertex -16.416038513183594 -31.042518615722656 1.7000000476837158
endloop
endfacet
facet normal 0 0 -1
outer loop
vertex -16.318490982055664 -31.53292465209961 1.7000000476837158
vertex -16.416038513183594 -31.386934280395508 1.7000000476837158
vertex -16.318490982055664 -30.896528244018555 1.7000000476837158
endloop
endfacet
facet normal 0 0 -1
outer loop
vertex -15.682093620300293 -31.53292465209961 1.7000000476837158
vertex -15.828083992004395 -31.63047218322754 1.7000000476837158
vertex -15.682093620300293 -30.896528244018555 1.7000000476837158
endloop
endfacet
facet normal 0.9807856980081253 -0.19508822256280442 0
outer loop
vertex -16.450292587280273 -31.2147274017334 0
vertex -16.416038513183594 -31.042518615722656 0
vertex -16.416038513183594 -31.042518615722656 1.7000000476837158
endloop
endfacet
facet normal 0 0 -1
outer loop
vertex -15.682093620300293 -32.166526794433594 1.7000000476837158
vertex -15.828083992004395 -32.90047073364258 1.7000000476837158
vertex -15.828083992004395 -32.0689811706543 1.7000000476837158
endloop
endfacet
facet normal -0.9807852845629332 -0.19509030110388895 0
outer loop
vertex -15.584546089172363 -32.31251907348633 1.7000000476837158
vertex -15.584546089172363 -32.31251907348633 0
vertex -15.550292015075684 -32.48472595214844 1.7000000476837158
endloop
endfacet
facet normal 0.9807852845629332 -0.19509030110388895 0
outer loop
vertex -16.450292587280273 -32.48472595214844 0
vertex -16.416038513183594 -32.31251907348633 0
vertex -16.416038513183594 -32.31251907348633 1.7000000476837158
endloop
endfacet
facet normal 0.9807852845629332 0.19509030110388895 0
outer loop
vertex -16.416038513183594 -32.65693283081055 0
vertex -16.450292587280273 -32.48472595214844 0
vertex -16.450292587280273 -32.48472595214844 1.7000000476837158
endloop
endfacet
facet normal 0 0 -1
outer loop
vertex -15.584546089172363 -32.65693283081055 1.7000000476837158
vertex -15.682093620300293 -32.80292510986328 1.7000000476837158
vertex -15.584546089172363 -32.31251907348633 1.7000000476837158
endloop
endfacet
facet normal 0 0 -1
outer loop
vertex -16.00029182434082 -32.034725189208984 1.7000000476837158
vertex -15.828083992004395 -32.0689811706543 1.7000000476837158
vertex -16.00029182434082 -32.93472671508789 1.7000000476837158
endloop
endfacet
facet normal 0 0 -1
outer loop
vertex -16.00029182434082 -32.034725189208984 1.7000000476837158
vertex -16.17249870300293 -32.90047073364258 1.7000000476837158
vertex -16.17249870300293 -32.0689811706543 1.7000000476837158
endloop
endfacet
facet normal 0.8314732719568675 0.5555647559208026 0
outer loop
vertex -16.318490982055664 -32.80292510986328 0
vertex -16.416038513183594 -32.65693283081055 0
vertex -16.416038513183594 -32.65693283081055 1.7000000476837158
endloop
endfacet
facet normal 0 0 -1
outer loop
vertex -15.682093620300293 -32.80292510986328 1.7000000476837158
vertex -15.828083992004395 -32.90047073364258 1.7000000476837158
vertex -15.682093620300293 -32.166526794433594 1.7000000476837158
endloop
endfacet
facet normal -0.5555622638012966 0.8314749371087372 0
outer loop
vertex -15.828083992004395 -32.90047073364258 0
vertex -15.828083992004395 -32.90047073364258 1.7000000476837158
vertex -15.682093620300293 -32.80292510986328 0
endloop
endfacet
facet normal 0 0 -1
outer loop
vertex -15.828083992004395 -32.90047073364258 1.7000000476837158
vertex -16.00029182434082 -32.93472671508789 1.7000000476837158
vertex -15.828083992004395 -32.0689811706543 1.7000000476837158
endloop
endfacet
facet normal 0 0 -1
outer loop
vertex -16.00029182434082 -32.93472671508789 1.7000000476837158
vertex -16.17249870300293 -32.90047073364258 1.7000000476837158
vertex -16.00029182434082 -32.034725189208984 1.7000000476837158
endloop
endfacet
facet normal 0 0 -1
outer loop
vertex -16.17249870300293 -32.0689811706543 1.7000000476837158
vertex -16.318490982055664 -32.80292510986328 1.7000000476837158
vertex -16.318490982055664 -32.166526794433594 1.7000000476837158
endloop
endfacet
facet normal -0.19509971138541468 0.9807834126948354 0
outer loop
vertex -16.00029182434082 -32.93472671508789 0
vertex -16.00029182434082 -32.93472671508789 1.7000000476837158
vertex -15.828083992004395 -32.90047073364258 0
endloop
endfacet
facet normal 0.1951007507126451 0.9807832059488795 0
outer loop
vertex -16.00029182434082 -32.93472671508789 0
vertex -16.17249870300293 -32.90047073364258 0
vertex -16.17249870300293 -32.90047073364258 1.7000000476837158
endloop
endfacet
facet normal 0.5555572457639897 -0.8314782899626002 0
outer loop
vertex -16.318490982055664 -32.166526794433594 0
vertex -16.17249870300293 -32.0689811706543 0
vertex -16.17249870300293 -32.0689811706543 1.7000000476837158
endloop
endfacet
facet normal 0.5555572457639897 0.8314782899626002 0
outer loop
vertex -16.17249870300293 -32.90047073364258 0
vertex -16.318490982055664 -32.80292510986328 0
vertex -16.318490982055664 -32.80292510986328 1.7000000476837158
endloop
endfacet
facet normal -0.19509971138541468 -0.9807834126948354 0
outer loop
vertex -15.828083992004395 -32.0689811706543 0
vertex -15.828083992004395 -32.0689811706543 1.7000000476837158
vertex -16.00029182434082 -32.034725189208984 0
endloop
endfacet
facet normal -0.5555622638012966 -0.8314749371087372 0
outer loop
vertex -15.828083992004395 -32.0689811706543 0
vertex -15.682093620300293 -32.166526794433594 0
vertex -15.682093620300293 -32.166526794433594 1.7000000476837158
endloop
endfacet
facet normal -0.8314732719568675 0.5555647559208026 0
outer loop
vertex -15.682093620300293 -32.80292510986328 0
vertex -15.682093620300293 -32.80292510986328 1.7000000476837158
vertex -15.584546089172363 -32.65693283081055 0
endloop
endfacet
facet normal -0.9807852845629332 0.19509030110388895 0
outer loop
vertex -15.584546089172363 -32.65693283081055 0
vertex -15.584546089172363 -32.65693283081055 1.7000000476837158
vertex -15.550292015075684 -32.48472595214844 0
endloop
endfacet
facet normal -0.9807852845629332 -0.19509030110388895 0
outer loop
vertex -15.550292015075684 -32.48472595214844 0
vertex -15.550292015075684 -32.48472595214844 1.7000000476837158
vertex -15.584546089172363 -32.31251907348633 0
endloop
endfacet
facet normal 0 0 -1
outer loop
vertex -16.318490982055664 -32.166526794433594 1.7000000476837158
vertex -16.416038513183594 -32.65693283081055 1.7000000476837158
vertex -16.416038513183594 -32.31251907348633 1.7000000476837158
endloop
endfacet
facet normal 0 0 -1
outer loop
vertex -16.416038513183594 -32.65693283081055 1.7000000476837158
vertex -16.450292587280273 -32.48472595214844 1.7000000476837158
vertex -16.416038513183594 -32.31251907348633 1.7000000476837158
endloop
endfacet
facet normal 0 0 -1
outer loop
vertex -16.318490982055664 -32.80292510986328 1.7000000476837158
vertex -16.416038513183594 -32.65693283081055 1.7000000476837158
vertex -16.318490982055664 -32.166526794433594 1.7000000476837158
endloop
endfacet
facet normal 0 0 -1
outer loop
vertex -16.17249870300293 -32.90047073364258 1.7000000476837158
vertex -16.318490982055664 -32.80292510986328 1.7000000476837158
vertex -16.17249870300293 -32.0689811706543 1.7000000476837158
endloop
endfacet
facet normal -0.8314732719568675 -0.5555647559208026 0
outer loop
vertex -15.584546089172363 -32.31251907348633 0
vertex -15.584546089172363 -32.31251907348633 1.7000000476837158
vertex -15.682093620300293 -32.166526794433594 0
endloop
endfacet
facet normal 0.1951007507126451 -0.9807832059488795 0
outer loop
vertex -16.17249870300293 -32.0689811706543 0
vertex -16.00029182434082 -32.034725189208984 0
vertex -16.00029182434082 -32.034725189208984 1.7000000476837158
endloop
endfacet
facet normal -0.19509971138541468 -0.9807834126948354 0
outer loop
vertex -16.00029182434082 -32.034725189208984 1.7000000476837158
vertex -16.00029182434082 -32.034725189208984 0
vertex -15.828083992004395 -32.0689811706543 1.7000000476837158
endloop
endfacet
facet normal -0.8314732719568675 -0.5555647559208026 0
outer loop
vertex -15.682093620300293 -32.166526794433594 1.7000000476837158
vertex -15.682093620300293 -32.166526794433594 0
vertex -15.584546089172363 -32.31251907348633 1.7000000476837158
endloop
endfacet
facet normal 0 0 -1
outer loop
vertex -15.682093620300293 -32.166526794433594 1.7000000476837158
vertex -15.584546089172363 -32.31251907348633 1.7000000476837158
vertex -15.682093620300293 -32.80292510986328 1.7000000476837158
endloop
endfacet
facet normal 0 0 -1
outer loop
vertex -15.550292015075684 -32.48472595214844 1.7000000476837158
vertex -15.584546089172363 -32.65693283081055 1.7000000476837158
vertex -15.584546089172363 -32.31251907348633 1.7000000476837158
endloop
endfacet
facet normal 0.5555572457639897 0.8314782899626002 0
outer loop
vertex -16.17249870300293 -32.90047073364258 1.7000000476837158
vertex -16.17249870300293 -32.90047073364258 0
vertex -16.318490982055664 -32.80292510986328 1.7000000476837158
endloop
endfacet
facet normal 0.1951007507126451 0.9807832059488795 0
outer loop
vertex -16.00029182434082 -32.93472671508789 1.7000000476837158
vertex -16.00029182434082 -32.93472671508789 0
vertex -16.17249870300293 -32.90047073364258 1.7000000476837158
endloop
endfacet
facet normal -0.19509971138541468 0.9807834126948354 0
outer loop
vertex -15.828083992004395 -32.90047073364258 1.7000000476837158
vertex -15.828083992004395 -32.90047073364258 0
vertex -16.00029182434082 -32.93472671508789 1.7000000476837158
endloop
endfacet
facet normal -0.5555622638012966 0.8314749371087372 0
outer loop
vertex -15.682093620300293 -32.80292510986328 1.7000000476837158
vertex -15.682093620300293 -32.80292510986328 0
vertex -15.828083992004395 -32.90047073364258 1.7000000476837158
endloop
endfacet
facet normal 0.8314732719568675 0.5555647559208026 0
outer loop
vertex -16.318490982055664 -32.80292510986328 1.7000000476837158
vertex -16.318490982055664 -32.80292510986328 0
vertex -16.416038513183594 -32.65693283081055 1.7000000476837158
endloop
endfacet
facet normal 0.9807852845629332 0.19509030110388895 0
outer loop
vertex -16.416038513183594 -32.65693283081055 1.7000000476837158
vertex -16.416038513183594 -32.65693283081055 0
vertex -16.450292587280273 -32.48472595214844 1.7000000476837158
endloop
endfacet
facet normal 0.9807852845629332 -0.19509030110388895 0
outer loop
vertex -16.450292587280273 -32.48472595214844 1.7000000476837158
vertex -16.450292587280273 -32.48472595214844 0
vertex -16.416038513183594 -32.31251907348633 1.7000000476837158
endloop
endfacet
facet normal 0.8314732719568675 -0.5555647559208026 0
outer loop
vertex -16.416038513183594 -32.31251907348633 1.7000000476837158
vertex -16.416038513183594 -32.31251907348633 0
vertex -16.318490982055664 -32.166526794433594 1.7000000476837158
endloop
endfacet
facet normal 0.5555572457639897 -0.8314782899626002 0
outer loop
vertex -16.318490982055664 -32.166526794433594 1.7000000476837158
vertex -16.318490982055664 -32.166526794433594 0
vertex -16.17249870300293 -32.0689811706543 1.7000000476837158
endloop
endfacet
facet normal 0.1951007507126451 -0.9807832059488795 0
outer loop
vertex -16.17249870300293 -32.0689811706543 1.7000000476837158
vertex -16.17249870300293 -32.0689811706543 0
vertex -16.00029182434082 -32.034725189208984 1.7000000476837158
endloop
endfacet
facet normal -0.5555622638012966 -0.8314749371087372 0
outer loop
vertex -15.828083992004395 -32.0689811706543 1.7000000476837158
vertex -15.828083992004395 -32.0689811706543 0
vertex -15.682093620300293 -32.166526794433594 1.7000000476837158
endloop
endfacet
facet normal -0.8314732719568675 0.5555647559208026 0
outer loop
vertex -15.584546089172363 -32.65693283081055 1.7000000476837158
vertex -15.584546089172363 -32.65693283081055 0
vertex -15.682093620300293 -32.80292510986328 1.7000000476837158
endloop
endfacet
facet normal -0.9807852845629332 0.19509030110388895 0
outer loop
vertex -15.550292015075684 -32.48472595214844 1.7000000476837158
vertex -15.550292015075684 -32.48472595214844 0
vertex -15.584546089172363 -32.65693283081055 1.7000000476837158
endloop
endfacet
facet normal 0.8314732719568675 -0.5555647559208026 0
outer loop
vertex -16.416038513183594 -32.31251907348633 0
vertex -16.318490982055664 -32.166526794433594 0
vertex -16.318490982055664 -32.166526794433594 1.7000000476837158
endloop
endfacet
facet normal 0 0.8944271909999159 0.4472135954999579
outer loop
vertex 48.70000076293945 -31.68472671508789 6.199999809265137
vertex -48.70000076293945 -32.18472671508789 7.199999809265137
vertex 48.70000076293945 -32.18472671508789 7.199999809265137
endloop
endfacet
facet normal 0 0.8944271909999159 0.4472135954999579
outer loop
vertex 48.70000076293945 -31.68472671508789 6.199999809265137
vertex -48.70000076293945 -31.68472671508789 6.199999809265137
vertex -48.70000076293945 -32.18472671508789 7.199999809265137
endloop
endfacet
facet normal -0.8917020088853294 0.0780026229516351 0.4458510044426647
outer loop
vertex 49.20000076293945 -31.68472671508789 7.199999809265137
vertex 48.70000076293945 -31.68472671508789 6.199999809265137
vertex 49.192405700683594 -31.77155113220215 7.199999809265137
endloop
endfacet
facet normal -0.7332365613755949 0.5134027197577236 0.44584951767100267
outer loop
vertex 49.13301086425781 -31.93472671508789 7.199999809265137
vertex 48.70000076293945 -31.68472671508789 6.199999809265137
vertex 49.08302307128906 -32.00611877441406 7.199999809265137
endloop
endfacet
facet normal -0.6329367974285492 0.6329367974285492 0.4458497739393656
outer loop
vertex 49.08302307128906 -32.00611877441406 7.199999809265137
vertex 48.70000076293945 -31.68472671508789 6.199999809265137
vertex 49.021392822265625 -32.0677490234375 7.199999809265137
endloop
endfacet
facet normal -0.513428688715645 0.7332176962467223 0.4458506381226595
outer loop
vertex 48.95000076293945 -32.117740631103516 7.199999809265137
vertex 49.021392822265625 -32.0677490234375 7.199999809265137
vertex 48.70000076293945 -31.68472671508789 6.199999809265137
endloop
endfacet
facet normal -0.3782619818231103 0.8112553969561 0.4458503717805488
outer loop
vertex 48.95000076293945 -32.117740631103516 7.199999809265137
vertex 48.70000076293945 -31.68472671508789 6.199999809265137
vertex 48.871009826660156 -32.154571533203125 7.199999809265137
endloop
endfacet
facet normal -0.23169389021563808 0.8646013634036044 0.4458502255661338
outer loop
vertex 48.871009826660156 -32.154571533203125 7.199999809265137
vertex 48.70000076293945 -31.68472671508789 6.199999809265137
vertex 48.78682327270508 -32.17713165283203 7.199999809265137
endloop
endfacet
facet normal -0.811237321702177 0.37830186551837447 0.44584942124308774
outer loop
vertex 49.16984558105469 -31.855737686157227 7.199999809265137
vertex 48.70000076293945 -31.68472671508789 6.199999809265137
vertex 49.13301086425781 -31.93472671508789 7.199999809265137
endloop
endfacet
facet normal -0.0780043261152452 0.8917018896951184 0.4458509448475592
outer loop
vertex 48.78682327270508 -32.17713165283203 7.199999809265137
vertex 48.70000076293945 -31.68472671508789 6.199999809265137
vertex 48.70000076293945 -32.18472671508789 7.199999809265137
endloop
endfacet
facet normal -0.8646011930506549 0.23169384456484537 0.44585057964092156
outer loop
vertex 49.192405700683594 -31.77155113220215 7.199999809265137
vertex 48.70000076293945 -31.68472671508789 6.199999809265137
vertex 49.16984558105469 -31.855737686157227 7.199999809265137
endloop
endfacet
facet normal -0.8944271909999159 0 0.4472135954999579
outer loop
vertex 48.70000076293945 33.715274810791016 6.199999809265137
vertex 49.20000076293945 -31.68472671508789 7.199999809265137
vertex 49.20000076293945 33.715274810791016 7.199999809265137
endloop
endfacet
facet normal -0.8944271909999159 0 0.4472135954999579
outer loop
vertex 48.70000076293945 33.715274810791016 6.199999809265137
vertex 48.70000076293945 -31.68472671508789 6.199999809265137
vertex 49.20000076293945 -31.68472671508789 7.199999809265137
endloop
endfacet
facet normal -0.3782944232887592 -0.8112409510190903 0.4458491322165683
outer loop
vertex 48.871009826660156 34.18511962890625 7.199999809265137
vertex 48.70000076293945 33.715274810791016 6.199999809265137
vertex 48.95000076293945 34.148284912109375 7.199999809265137
endloop
endfacet
facet normal -0.2316575076141011 -0.8646117935964142 0.44584890438355285
outer loop
vertex 48.78682327270508 34.20767593383789 7.199999809265137
vertex 48.70000076293945 33.715274810791016 6.199999809265137
vertex 48.871009826660156 34.18511962890625 7.199999809265137
endloop
endfacet
facet normal -0.07804326601463563 -0.8916991639021621 0.44584958195108104
outer loop
vertex 48.70000076293945 34.215274810791016 7.199999809265137
vertex 48.70000076293945 33.715274810791016 6.199999809265137
vertex 48.78682327270508 34.20767593383789 7.199999809265137
endloop
endfacet
facet normal -0.7332365613755949 -0.5134027197577236 0.44584951767100267
outer loop
vertex 49.08302307128906 34.03666687011719 7.199999809265137
vertex 48.70000076293945 33.715274810791016 6.199999809265137
vertex 49.13301086425781 33.965274810791016 7.199999809265137
endloop
endfacet
facet normal -0.5134027197577236 -0.7332365613755949 0.44584951767100267
outer loop
vertex 48.95000076293945 34.148284912109375 7.199999809265137
vertex 48.70000076293945 33.715274810791016 6.199999809265137
vertex 49.021392822265625 34.098297119140625 7.199999809265137
endloop
endfacet
facet normal -0.8112409510190903 -0.3782944232887592 0.4458491322165683
outer loop
vertex 49.13301086425781 33.965274810791016 7.199999809265137
vertex 48.70000076293945 33.715274810791016 6.199999809265137
vertex 49.16984558105469 33.88628387451172 7.199999809265137
endloop
endfacet
facet normal -0.8646013634036044 -0.23169389021563808 0.4458502255661338
outer loop
vertex 49.16984558105469 33.88628387451172 7.199999809265137
vertex 48.70000076293945 33.715274810791016 6.199999809265137
vertex 49.192405700683594 33.80209732055664 7.199999809265137
endloop
endfacet
facet normal -0.6329367974285492 -0.6329367974285492 0.4458497739393656
outer loop
vertex 49.08302307128906 34.03666687011719 7.199999809265137
vertex 49.021392822265625 34.098297119140625 7.199999809265137
vertex 48.70000076293945 33.715274810791016 6.199999809265137
endloop
endfacet
facet normal -0.8917018896951184 -0.0780043261152452 0.4458509448475592
outer loop
vertex 49.192405700683594 33.80209732055664 7.199999809265137
vertex 48.70000076293945 33.715274810791016 6.199999809265137
vertex 49.20000076293945 33.715274810791016 7.199999809265137
endloop
endfacet
facet normal 0 -0.8944271909999159 0.4472135954999579
outer loop
vertex -48.70000076293945 34.215274810791016 7.199999809265137
vertex -48.70000076293945 33.715274810791016 6.199999809265137
vertex 48.70000076293945 34.215274810791016 7.199999809265137
endloop
endfacet
facet normal 0 -0.8944271909999159 0.4472135954999579
outer loop
vertex 48.70000076293945 34.215274810791016 7.199999809265137
vertex -48.70000076293945 33.715274810791016 6.199999809265137
vertex 48.70000076293945 33.715274810791016 6.199999809265137
endloop
endfacet
facet normal 0.2316575076141011 -0.8646117935964142 0.44584890438355285
outer loop
vertex -48.78682327270508 34.20767593383789 7.199999809265137
vertex -48.871009826660156 34.18511962890625 7.199999809265137
vertex -48.70000076293945 33.715274810791016 6.199999809265137
endloop
endfacet
facet normal 0.07804326601463563 -0.8916991639021621 0.44584958195108104
outer loop
vertex -48.70000076293945 34.215274810791016 7.199999809265137
vertex -48.78682327270508 34.20767593383789 7.199999809265137
vertex -48.70000076293945 33.715274810791016 6.199999809265137
endloop
endfacet
facet normal 0.8917018896951184 -0.0780043261152452 0.4458509448475592
outer loop
vertex -49.192405700683594 33.80209732055664 7.199999809265137
vertex -49.20000076293945 33.715274810791016 7.199999809265137
vertex -48.70000076293945 33.715274810791016 6.199999809265137
endloop
endfacet
facet normal 0.8646013634036044 -0.23169389021563808 0.4458502255661338
outer loop
vertex -49.16984558105469 33.88628387451172 7.199999809265137
vertex -49.192405700683594 33.80209732055664 7.199999809265137
vertex -48.70000076293945 33.715274810791016 6.199999809265137
endloop
endfacet
facet normal 0.8112409510190903 -0.3782944232887592 0.4458491322165683
outer loop
vertex -49.13301086425781 33.965274810791016 7.199999809265137
vertex -49.16984558105469 33.88628387451172 7.199999809265137
vertex -48.70000076293945 33.715274810791016 6.199999809265137
endloop
endfacet
facet normal 0.7332365613755949 -0.5134027197577236 0.44584951767100267
outer loop
vertex -49.08302307128906 34.03666687011719 7.199999809265137
vertex -49.13301086425781 33.965274810791016 7.199999809265137
vertex -48.70000076293945 33.715274810791016 6.199999809265137
endloop
endfacet
facet normal 0.3782944232887592 -0.8112409510190903 0.4458491322165683
outer loop
vertex -48.871009826660156 34.18511962890625 7.199999809265137
vertex -48.95000076293945 34.148284912109375 7.199999809265137
vertex -48.70000076293945 33.715274810791016 6.199999809265137
endloop
endfacet
facet normal 0.5134027197577236 -0.7332365613755949 0.44584951767100267
outer loop
vertex -48.95000076293945 34.148284912109375 7.199999809265137
vertex -49.021392822265625 34.098297119140625 7.199999809265137
vertex -48.70000076293945 33.715274810791016 6.199999809265137
endloop
endfacet
facet normal 0.6329367974285492 -0.6329367974285492 0.4458497739393656
outer loop
vertex -49.021392822265625 34.098297119140625 7.199999809265137
vertex -49.08302307128906 34.03666687011719 7.199999809265137
vertex -48.70000076293945 33.715274810791016 6.199999809265137
endloop
endfacet
facet normal 0.8944271909999159 0 0.4472135954999579
outer loop
vertex -49.20000076293945 -31.68472671508789 7.199999809265137
vertex -48.70000076293945 -31.68472671508789 6.199999809265137
vertex -49.20000076293945 33.715274810791016 7.199999809265137
endloop
endfacet
facet normal 0.8944271909999159 0 0.4472135954999579
outer loop
vertex -49.20000076293945 33.715274810791016 7.199999809265137
vertex -48.70000076293945 -31.68472671508789 6.199999809265137
vertex -48.70000076293945 33.715274810791016 6.199999809265137
endloop
endfacet
facet normal 0.7332365613755949 0.5134027197577236 0.44584951767100267
outer loop
vertex -49.08302307128906 -32.00611877441406 7.199999809265137
vertex -48.70000076293945 -31.68472671508789 6.199999809265137
vertex -49.13301086425781 -31.93472671508789 7.199999809265137
endloop
endfacet
facet normal 0.6329367974285492 0.6329367974285492 0.4458497739393656
outer loop
vertex -49.08302307128906 -32.00611877441406 7.199999809265137
vertex -49.021392822265625 -32.0677490234375 7.199999809265137
vertex -48.70000076293945 -31.68472671508789 6.199999809265137
endloop
endfacet
facet normal 0.513428688715645 0.7332176962467223 0.4458506381226595
outer loop
vertex -48.95000076293945 -32.117740631103516 7.199999809265137
vertex -48.70000076293945 -31.68472671508789 6.199999809265137
vertex -49.021392822265625 -32.0677490234375 7.199999809265137
endloop
endfacet
facet normal 0.811237321702177 0.37830186551837447 0.44584942124308774
outer loop
vertex -49.16984558105469 -31.855737686157227 7.199999809265137
vertex -49.13301086425781 -31.93472671508789 7.199999809265137
vertex -48.70000076293945 -31.68472671508789 6.199999809265137
endloop
endfacet
facet normal 0.8646011930506549 0.23169384456484537 0.44585057964092156
outer loop
vertex -49.192405700683594 -31.77155113220215 7.199999809265137
vertex -49.16984558105469 -31.855737686157227 7.199999809265137
vertex -48.70000076293945 -31.68472671508789 6.199999809265137
endloop
endfacet
facet normal 0.8917020088853294 0.0780026229516351 0.4458510044426647
outer loop
vertex -49.20000076293945 -31.68472671508789 7.199999809265137
vertex -49.192405700683594 -31.77155113220215 7.199999809265137
vertex -48.70000076293945 -31.68472671508789 6.199999809265137
endloop
endfacet
facet normal 0.3782619818231103 0.8112553969561 0.4458503717805488
outer loop
vertex -48.95000076293945 -32.117740631103516 7.199999809265137
vertex -48.871009826660156 -32.154571533203125 7.199999809265137
vertex -48.70000076293945 -31.68472671508789 6.199999809265137
endloop
endfacet
facet normal 0.23169389021563808 0.8646013634036044 0.4458502255661338
outer loop
vertex -48.78682327270508 -32.17713165283203 7.199999809265137
vertex -48.70000076293945 -31.68472671508789 6.199999809265137
vertex -48.871009826660156 -32.154571533203125 7.199999809265137
endloop
endfacet
facet normal 0.0780043261152452 0.8917018896951184 0.4458509448475592
outer loop
vertex -48.70000076293945 -32.18472671508789 7.199999809265137
vertex -48.70000076293945 -31.68472671508789 6.199999809265137
vertex -48.78682327270508 -32.17713165283203 7.199999809265137
endloop
endfacet
facet normal 0 -0.8660252735598842 0.5000002255554769
outer loop
vertex -59.845298767089844 -45.83002471923828 7.199999809265137
vertex -61 -46.98472595214844 5.199999809265137
vertex 59.845298767089844 -45.83002471923828 7.199999809265137
endloop
endfacet
facet normal 0 -0.8660252735598842 0.5000002255554769
outer loop
vertex 59.845298767089844 -45.83002471923828 7.199999809265137
vertex -61 -46.98472595214844 5.199999809265137
vertex 61 -46.98472595214844 5.199999809265137
endloop
endfacet
facet normal 0.8660252735598842 0 0.5000002255554769
outer loop
vertex 59.845298767089844 42.860572814941406 7.199999809265137
vertex 61 -46.98472595214844 5.199999809265137
vertex 61 44.01527404785156 5.199999809265137
endloop
endfacet
facet normal 0.8660252735598842 0 0.5000002255554769
outer loop
vertex 59.845298767089844 -45.83002471923828 7.199999809265137
vertex 61 -46.98472595214844 5.199999809265137
vertex 59.845298767089844 42.860572814941406 7.199999809265137
endloop
endfacet
facet normal 0 0.8660252735598842 0.5000002255554769
outer loop
vertex -59.845298767089844 42.860572814941406 7.199999809265137
vertex 59.845298767089844 42.860572814941406 7.199999809265137
vertex -61 44.01527404785156 5.199999809265137
endloop
endfacet
facet normal 0 0.8660252735598842 0.5000002255554769
outer loop
vertex 61 44.01527404785156 5.199999809265137
vertex -61 44.01527404785156 5.199999809265137
vertex 59.845298767089844 42.860572814941406 7.199999809265137
endloop
endfacet
facet normal -0.8660252735598842 0 0.5000002255554769
outer loop
vertex -61 44.01527404785156 5.199999809265137
vertex -59.845298767089844 -45.83002471923828 7.199999809265137
vertex -59.845298767089844 42.860572814941406 7.199999809265137
endloop
endfacet
facet normal -0.8660252735598842 0 0.5000002255554769
outer loop
vertex -61 44.01527404785156 5.199999809265137
vertex -61 -46.98472595214844 5.199999809265137
vertex -59.845298767089844 -45.83002471923828 7.199999809265137
endloop
endfacet
facet normal 0 -0.8660283026027323 -0.4999949790658206
outer loop
vertex -15.72270679473877 -46.98472595214844 -3.700000047683716
vertex -15.439339637756348 -46.87541198730469 -3.8893399238586426
vertex 61 -46.98472595214844 -3.700000047683716
endloop
endfacet
facet normal 0 -0.8660247967225231 -0.5000010514606071
outer loop
vertex -59.845298767089844 -45.83002471923828 -5.699999809265137
vertex -30 -45.83002471923828 -5.699999809265137
vertex -30 -46.263038635253906 -4.949999809265137
endloop
endfacet
facet normal -5.116930943685857e-7 -0.8660286342025709 -0.49999440470966017
outer loop
vertex -29.277292251586914 -46.98472595214844 -3.700000047683716
vertex -59.845298767089844 -45.83002471923828 -5.699999809265137
vertex -29.560659408569336 -46.87541198730469 -3.8893399238586426
endloop
endfacet
facet normal 0 -0.8660252477502931 -0.5000002702589704
outer loop
vertex -59.845298767089844 -45.83002471923828 -5.699999809265137
vertex -29.277292251586914 -46.98472595214844 -3.700000047683716
vertex -61 -46.98472595214844 -3.700000047683716
endloop
endfacet
facet normal 8.565553281196821e-8 -0.8660243079469456 -0.5000018980414038
outer loop
vertex -29.885818481445312 -46.594451904296875 -4.375974655151367
vertex -29.560659408569336 -46.87541198730469 -3.8893399238586426
vertex -59.845298767089844 -45.83002471923828 -5.699999809265137
endloop
endfacet
facet normal 2.7410597488272507e-8 -0.8660247967225226 -0.5000010514606068
outer loop
vertex -15 -46.263038635253906 -4.949999809265137
vertex -15 -45.83002471923828 -5.699999809265137
vertex 61 -46.98472595214844 -3.700000047683716
endloop
endfacet
facet normal -4.7151037119622835e-8 -0.8660256091910572 -0.4999996442251292
outer loop
vertex -59.845298767089844 -45.83002471923828 -5.699999809265137
vertex -30 -46.263038635253906 -4.949999809265137
vertex -29.885818481445312 -46.594451904296875 -4.375974655151367
endloop
endfacet
facet normal 2.2671636456514117e-8 -0.8660243392893231 -0.5000018437550916
outer loop
vertex -15.439339637756348 -46.87541198730469 -3.8893399238586426
vertex -15.114180564880371 -46.594451904296875 -4.375974655151367
vertex 61 -46.98472595214844 -3.700000047683716
endloop
endfacet
facet normal -3.2848205616532994e-9 -0.8660256048469115 -0.49999965174941996
outer loop
vertex -15.114180564880371 -46.594451904296875 -4.375974655151367
vertex -15 -46.263038635253906 -4.949999809265137
vertex 61 -46.98472595214844 -3.700000047683716
endloop
endfacet
facet normal 0 -0.8660252477502931 -0.5000002702589704
outer loop
vertex 61 -46.98472595214844 -3.700000047683716
vertex -15 -45.83002471923828 -5.699999809265137
vertex 59.845298767089844 -45.83002471923828 -5.699999809265137
endloop
endfacet
facet normal 0.8660252477502931 0 -0.5000002702589704
outer loop
vertex 61 -46.98472595214844 -3.700000047683716
vertex 59.845298767089844 -45.83002471923828 -5.699999809265137
vertex 61 44.01527404785156 -3.700000047683716
endloop
endfacet
facet normal 0.8660252477502931 0 -0.5000002702589704
outer loop
vertex 61 44.01527404785156 -3.700000047683716
vertex 59.845298767089844 -45.83002471923828 -5.699999809265137
vertex 59.845298767089844 42.860572814941406 -5.699999809265137
endloop
endfacet
facet normal 0 0.8660252477502931 -0.5000002702589705
outer loop
vertex 59.845298767089844 42.860572814941406 -5.699999809265137
vertex -59.845298767089844 42.860572814941406 -5.699999809265137
vertex -61 44.01527404785156 -3.700000047683716
endloop
endfacet
facet normal 0 0.8660252477502931 -0.5000002702589704
outer loop
vertex 59.845298767089844 42.860572814941406 -5.699999809265137
vertex -61 44.01527404785156 -3.700000047683716
vertex 61 44.01527404785156 -3.700000047683716
endloop
endfacet
facet normal -0.8660252477502931 0 -0.5000002702589704
outer loop
vertex -59.845298767089844 42.860572814941406 -5.699999809265137
vertex -59.845298767089844 -45.83002471923828 -5.699999809265137
vertex -61 -46.98472595214844 -3.700000047683716
endloop
endfacet
facet normal -0.8660252477502931 0 -0.5000002702589704
outer loop
vertex -59.845298767089844 42.860572814941406 -5.699999809265137
vertex -61 -46.98472595214844 -3.700000047683716
vertex -61 44.01527404785156 -3.700000047683716
endloop
endfacet
facet normal 0 1 0
outer loop
vertex 53.20000076293945 -44.98472595214844 -1.9500000476837158
vertex 45.20000076293945 -44.98472595214844 -0.15000000596046448
vertex 53.20000076293945 -44.98472595214844 -0.15000000596046448
endloop
endfacet
facet normal -1 0 0
outer loop
vertex 53.20000076293945 -44.48472595214844 -0.15000000596046448
vertex 53.20000076293945 -44.98472595214844 -1.9500000476837158
vertex 53.20000076293945 -44.98472595214844 -0.15000000596046448
endloop
endfacet
facet normal 1 0 0
outer loop
vertex 45.20000076293945 -44.98472595214844 -0.15000000596046448
vertex 45.20000076293945 -44.48472595214844 -1.9500000476837158
vertex 45.20000076293945 -44.48472595214844 -0.15000000596046448
endloop
endfacet
facet normal 1 0 0
outer loop
vertex 45.20000076293945 -44.98472595214844 -1.9500000476837158
vertex 45.20000076293945 -44.48472595214844 -1.9500000476837158
vertex 45.20000076293945 -44.98472595214844 -0.15000000596046448
endloop
endfacet
facet normal 0 0 1
outer loop
vertex 53.20000076293945 -44.48472595214844 -1.9500000476837158
vertex 45.20000076293945 -44.48472595214844 -1.9500000476837158
vertex 45.20000076293945 -44.98472595214844 -1.9500000476837158
endloop
endfacet
facet normal 0 0 1
outer loop
vertex 53.20000076293945 -44.48472595214844 -1.9500000476837158
vertex 45.20000076293945 -44.98472595214844 -1.9500000476837158
vertex 53.20000076293945 -44.98472595214844 -1.9500000476837158
endloop
endfacet
facet normal 0 1 0
outer loop
vertex 53.20000076293945 -44.98472595214844 -1.9500000476837158
vertex 45.20000076293945 -44.98472595214844 -1.9500000476837158
vertex 45.20000076293945 -44.98472595214844 -0.15000000596046448
endloop
endfacet
facet normal -1 0 0
outer loop
vertex 53.20000076293945 -44.48472595214844 -1.9500000476837158
vertex 53.20000076293945 -44.98472595214844 -1.9500000476837158
vertex 53.20000076293945 -44.48472595214844 -0.15000000596046448
endloop
endfacet
facet normal 0 0 -1
outer loop
vertex 53.20000076293945 -44.98472595214844 -0.15000000596046448
vertex 45.20000076293945 -44.48472595214844 -0.15000000596046448
vertex 53.20000076293945 -44.48472595214844 -0.15000000596046448
endloop
endfacet
facet normal 0 0 -1
outer loop
vertex 45.20000076293945 -44.48472595214844 -0.15000000596046448
vertex 53.20000076293945 -44.98472595214844 -0.15000000596046448
vertex 45.20000076293945 -44.98472595214844 -0.15000000596046448
endloop
endfacet
facet normal 0 0 -1
outer loop
vertex -53.20000076293945 -44.48472595214844 -0.15000000596046448
vertex -45.20000076293945 -44.98472595214844 -0.15000000596046448
vertex -53.20000076293945 -44.98472595214844 -0.15000000596046448
endloop
endfacet
facet normal -1 0 0
outer loop
vertex -45.20000076293945 -44.48472595214844 -0.15000000596046448
vertex -45.20000076293945 -44.98472595214844 -1.9500000476837158
vertex -45.20000076293945 -44.98472595214844 -0.15000000596046448
endloop
endfacet
facet normal 1 0 0
outer loop
vertex -53.20000076293945 -44.48472595214844 -1.9500000476837158
vertex -53.20000076293945 -44.98472595214844 -0.15000000596046448
vertex -53.20000076293945 -44.98472595214844 -1.9500000476837158
endloop
endfacet
facet normal 1 0 0
outer loop
vertex -53.20000076293945 -44.98472595214844 -0.15000000596046448
vertex -53.20000076293945 -44.48472595214844 -1.9500000476837158
vertex -53.20000076293945 -44.48472595214844 -0.15000000596046448
endloop
endfacet
facet normal 0 0 1
outer loop
vertex -53.20000076293945 -44.98472595214844 -1.9500000476837158
vertex -45.20000076293945 -44.48472595214844 -1.9500000476837158
vertex -53.20000076293945 -44.48472595214844 -1.9500000476837158
endloop
endfacet
facet normal -1 0 0
outer loop
vertex -45.20000076293945 -44.48472595214844 -1.9500000476837158
vertex -45.20000076293945 -44.98472595214844 -1.9500000476837158
vertex -45.20000076293945 -44.48472595214844 -0.15000000596046448
endloop
endfacet
facet normal 0 1 0
outer loop
vertex -45.20000076293945 -44.98472595214844 -1.9500000476837158
vertex -53.20000076293945 -44.98472595214844 -0.15000000596046448
vertex -45.20000076293945 -44.98472595214844 -0.15000000596046448
endloop
endfacet
facet normal 0 1 0
outer loop
vertex -45.20000076293945 -44.98472595214844 -1.9500000476837158
vertex -53.20000076293945 -44.98472595214844 -1.9500000476837158
vertex -53.20000076293945 -44.98472595214844 -0.15000000596046448
endloop
endfacet
facet normal 0 0 -1
outer loop
vertex -45.20000076293945 -44.98472595214844 -0.15000000596046448
vertex -53.20000076293945 -44.48472595214844 -0.15000000596046448
vertex -45.20000076293945 -44.48472595214844 -0.15000000596046448
endloop
endfacet
facet normal 0 0 1
outer loop
vertex -45.20000076293945 -44.48472595214844 -1.9500000476837158
vertex -53.20000076293945 -44.98472595214844 -1.9500000476837158
vertex -45.20000076293945 -44.98472595214844 -1.9500000476837158
endloop
endfacet
facet normal 0 0 1
outer loop
vertex -47.400001525878906 42.615272521972656 -2.8499999046325684
vertex -51 41.51527404785156 -2.8499999046325684
vertex -47.400001525878906 41.51527404785156 -2.8499999046325684
endloop
endfacet
facet normal -1 0 0
outer loop
vertex -47.400001525878906 42.615272521972656 -2.8499999046325684
vertex -47.400001525878906 41.51527404785156 -2.8499999046325684
vertex -47.400001525878906 42.615272521972656 -1.0499999523162842
endloop
endfacet
facet normal 0 0 1
outer loop
vertex -51 41.51527404785156 -2.8499999046325684
vertex -47.400001525878906 42.615272521972656 -2.8499999046325684
vertex -51 42.615272521972656 -2.8499999046325684
endloop
endfacet
facet normal 1 0 0
outer loop
vertex -51 41.51527404785156 -1.0499999523162842
vertex -51 42.615272521972656 -2.8499999046325684
vertex -51 42.615272521972656 -1.0499999523162842
endloop
endfacet
facet normal -1 0 0
outer loop
vertex -47.400001525878906 42.615272521972656 -1.0499999523162842
vertex -47.400001525878906 41.51527404785156 -2.8499999046325684
vertex -47.400001525878906 41.51527404785156 -1.0499999523162842
endloop
endfacet
facet normal 0 0 -1
outer loop
vertex -51 41.51527404785156 -1.0499999523162842
vertex -51 42.615272521972656 -1.0499999523162842
vertex -47.400001525878906 41.51527404785156 -1.0499999523162842
endloop
endfacet
facet normal 0 -1 0
outer loop
vertex -51 42.615272521972656 -1.0499999523162842
vertex -51 42.615272521972656 -2.8499999046325684
vertex -47.400001525878906 42.615272521972656 -1.0499999523162842
endloop
endfacet
facet normal 1 0 0
outer loop
vertex -51 41.51527404785156 -1.0499999523162842
vertex -51 41.51527404785156 -2.8499999046325684
vertex -51 42.615272521972656 -2.8499999046325684
endloop
endfacet
facet normal 0 0 -1
outer loop
vertex -47.400001525878906 41.51527404785156 -1.0499999523162842
vertex -51 42.615272521972656 -1.0499999523162842
vertex -47.400001525878906 42.615272521972656 -1.0499999523162842
endloop
endfacet
facet normal 0 -1 0
outer loop
vertex -51 42.615272521972656 -2.8499999046325684
vertex -47.400001525878906 42.615272521972656 -2.8499999046325684
vertex -47.400001525878906 42.615272521972656 -1.0499999523162842
endloop
endfacet
facet normal 0 0 1
outer loop
vertex 51 42.615272521972656 -2.8499999046325684
vertex 47.400001525878906 41.51527404785156 -2.8499999046325684
vertex 51 41.51527404785156 -2.8499999046325684
endloop
endfacet
facet normal 0 0 1
outer loop
vertex 47.400001525878906 41.51527404785156 -2.8499999046325684
vertex 51 42.615272521972656 -2.8499999046325684
vertex 47.400001525878906 42.615272521972656 -2.8499999046325684
endloop
endfacet
facet normal 1 0 0
outer loop
vertex 47.400001525878906 41.51527404785156 -1.0499999523162842
vertex 47.400001525878906 41.51527404785156 -2.8499999046325684
vertex 47.400001525878906 42.615272521972656 -2.8499999046325684
endloop
endfacet
facet normal -1 0 0
outer loop
vertex 51 42.615272521972656 -2.8499999046325684
vertex 51 41.51527404785156 -2.8499999046325684
vertex 51 42.615272521972656 -1.0499999523162842
endloop
endfacet
facet normal 0 -1 0
outer loop
vertex 47.400001525878906 42.615272521972656 -2.8499999046325684
vertex 51 42.615272521972656 -2.8499999046325684
vertex 51 42.615272521972656 -1.0499999523162842
endloop
endfacet
facet normal 1 0 0
outer loop
vertex 47.400001525878906 41.51527404785156 -1.0499999523162842
vertex 47.400001525878906 42.615272521972656 -2.8499999046325684
vertex 47.400001525878906 42.615272521972656 -1.0499999523162842
endloop
endfacet
facet normal 0 -1 0
outer loop
vertex 47.400001525878906 42.615272521972656 -1.0499999523162842
vertex 47.400001525878906 42.615272521972656 -2.8499999046325684
vertex 51 42.615272521972656 -1.0499999523162842
endloop
endfacet
facet normal 0 0 -1
outer loop
vertex 47.400001525878906 41.51527404785156 -1.0499999523162842
vertex 47.400001525878906 42.615272521972656 -1.0499999523162842
vertex 51 41.51527404785156 -1.0499999523162842
endloop
endfacet
facet normal -1 0 0
outer loop
vertex 51 42.615272521972656 -1.0499999523162842
vertex 51 41.51527404785156 -2.8499999046325684
vertex 51 41.51527404785156 -1.0499999523162842
endloop
endfacet
facet normal 0 0 -1
outer loop
vertex 51 41.51527404785156 -1.0499999523162842
vertex 47.400001525878906 42.615272521972656 -1.0499999523162842
vertex 51 42.615272521972656 -1.0499999523162842
endloop
endfacet
facet normal -0.9807853253427457 0 -0.1950900960897925
outer loop
vertex -15.114180564880371 -46.594451904296875 -4.375974655151367
vertex -15.114180564880371 -44.48472595214844 -4.375974655151367
vertex -15 -46.263038635253906 -4.949999809265137
endloop
endfacet
facet normal 1 0 0
outer loop
vertex -30 -45.83002471923828 -5.699999809265137
vertex -30 -44.48472595214844 -5.699999809265137
vertex -30 -44.48472595214844 -4.949999809265137
endloop
endfacet
facet normal 1 0 0
outer loop
vertex -30 -46.263038635253906 -4.949999809265137
vertex -30 -45.83002471923828 -5.699999809265137
vertex -30 -44.48472595214844 -4.949999809265137
endloop
endfacet
facet normal 0.980785013558684 0 -0.1950916635294606
outer loop
vertex -29.885818481445312 -46.594451904296875 -4.375974655151367
vertex -30 -46.263038635253906 -4.949999809265137
vertex -30 -44.48472595214844 -4.949999809265137
endloop
endfacet
facet normal 0.9807850135586839 0 -0.1950916635294606
outer loop
vertex -29.885818481445312 -46.594451904296875 -4.375974655151367
vertex -30 -44.48472595214844 -4.949999809265137
vertex -29.885818481445312 -44.48472595214844 -4.375974655151367
endloop
endfacet
facet normal 0.8314695010489662 0 -0.5555703995223135
outer loop
vertex -29.560659408569336 -46.87541198730469 -3.8893399238586426
vertex -29.885818481445312 -46.594451904296875 -4.375974655151367
vertex -29.885818481445312 -44.48472595214844 -4.375974655151367
endloop
endfacet
facet normal 0.555570223264923 0 -0.8314696188204134
outer loop
vertex -29.277292251586914 -46.98472595214844 -3.700000047683716
vertex -29.560659408569336 -46.87541198730469 -3.8893399238586426
vertex -29.560659408569336 -44.48472595214844 -3.8893399238586426
endloop
endfacet
facet normal 0.8314695010489662 0 -0.5555703995223135
outer loop
vertex -29.560659408569336 -46.87541198730469 -3.8893399238586426
vertex -29.885818481445312 -44.48472595214844 -4.375974655151367
vertex -29.560659408569336 -44.48472595214844 -3.8893399238586426
endloop
endfacet
facet normal 0.5555703047945763 1.3366950619164114e-8 -0.8314695643440362
outer loop
vertex -29.277292251586914 -46.98472595214844 -3.700000047683716
vertex -29.560659408569336 -44.48472595214844 -3.8893399238586426
vertex -29.074024200439453 -44.48472595214844 -3.564180612564087
endloop
endfacet
facet normal 0.5555704184514964 0 -0.8314694884008849
outer loop
vertex -29.074024200439453 -46.98472595214844 -3.564180612564087
vertex -29.277292251586914 -46.98472595214844 -3.700000047683716
vertex -29.074024200439453 -44.48472595214844 -3.564180612564087
endloop
endfacet
facet normal 0.19509040787318935 0 -0.9807852633251952
outer loop
vertex -28.5 -46.98472595214844 -3.450000047683716
vertex -29.074024200439453 -44.48472595214844 -3.564180612564087
vertex -28.5 -44.48472595214844 -3.450000047683716
endloop
endfacet
facet normal 0 0 -1
outer loop
vertex -16.5 -46.98472595214844 -3.450000047683716
vertex -28.5 -46.98472595214844 -3.450000047683716
vertex -28.5 -44.48472595214844 -3.450000047683716
endloop
endfacet
facet normal 0 0 -1
outer loop
vertex -16.5 -46.98472595214844 -3.450000047683716
vertex -28.5 -44.48472595214844 -3.450000047683716
vertex -16.5 -44.48472595214844 -3.450000047683716
endloop
endfacet
facet normal -0.8314695010489662 0 -0.5555703995223135
outer loop
vertex -15.439339637756348 -46.87541198730469 -3.8893399238586426
vertex -15.439339637756348 -44.48472595214844 -3.8893399238586426
vertex -15.114180564880371 -46.594451904296875 -4.375974655151367
endloop
endfacet
facet normal -0.8314695010489662 0 -0.5555703995223135
outer loop
vertex -15.114180564880371 -46.594451904296875 -4.375974655151367
vertex -15.439339637756348 -44.48472595214844 -3.8893399238586426
vertex -15.114180564880371 -44.48472595214844 -4.375974655151367
endloop
endfacet
facet normal -0.9807853253427457 0 -0.1950900960897925
outer loop
vertex -15 -44.48472595214844 -4.949999809265137
vertex -15 -46.263038635253906 -4.949999809265137
vertex -15.114180564880371 -44.48472595214844 -4.375974655151367
endloop
endfacet
facet normal -0.555570223264923 0 -0.8314696188204134
outer loop
vertex -15.439339637756348 -44.48472595214844 -3.8893399238586426
vertex -15.439339637756348 -46.87541198730469 -3.8893399238586426
vertex -15.72270679473877 -46.98472595214844 -3.700000047683716
endloop
endfacet
facet normal -0.5555703047945763 1.3366950619164114e-8 -0.8314695643440362
outer loop
vertex -15.439339637756348 -44.48472595214844 -3.8893399238586426
vertex -15.72270679473877 -46.98472595214844 -3.700000047683716
vertex -15.92597484588623 -44.48472595214844 -3.564180612564087
endloop
endfacet
facet normal -0.1950900960897925 0 -0.9807853253427457
outer loop
vertex -15.92597484588623 -46.98472595214844 -3.564180612564087
vertex -16.5 -46.98472595214844 -3.450000047683716
vertex -16.5 -44.48472595214844 -3.450000047683716
endloop
endfacet
facet normal -0.5555704184514964 0 -0.8314694884008849
outer loop
vertex -15.92597484588623 -44.48472595214844 -3.564180612564087
vertex -15.72270679473877 -46.98472595214844 -3.700000047683716
vertex -15.92597484588623 -46.98472595214844 -3.564180612564087
endloop
endfacet
facet normal -0.1950900960897925 0 -0.9807853253427457
outer loop
vertex -15.92597484588623 -44.48472595214844 -3.564180612564087
vertex -15.92597484588623 -46.98472595214844 -3.564180612564087
vertex -16.5 -44.48472595214844 -3.450000047683716
endloop
endfacet
facet normal -1 0 0
outer loop
vertex -15 -45.83002471923828 -5.699999809265137
vertex -15 -44.48472595214844 -4.949999809265137
vertex -15 -44.48472595214844 -5.699999809265137
endloop
endfacet
facet normal -1 0 0
outer loop
vertex -15 -44.48472595214844 -4.949999809265137
vertex -15 -45.83002471923828 -5.699999809265137
vertex -15 -46.263038635253906 -4.949999809265137
endloop
endfacet
facet normal 0.19509040787318935 0 -0.9807852633251952
outer loop
vertex -28.5 -46.98472595214844 -3.450000047683716
vertex -29.074024200439453 -46.98472595214844 -3.564180612564087
vertex -29.074024200439453 -44.48472595214844 -3.564180612564087
endloop
endfacet
facet normal 0 -1 0
outer loop
vertex 32.150001525878906 -30.834726333618164 2.9000000953674316
vertex 47.849998474121094 -30.834726333618164 2.200000047683716
vertex 47.849998474121094 -30.834726333618164 2.9000000953674316
endloop
endfacet
facet normal -1 0 0
outer loop
vertex 32.150001525878906 -15.134726524353027 2.9000000953674316
vertex 32.150001525878906 -30.834726333618164 2.200000047683716
vertex 32.150001525878906 -30.834726333618164 2.9000000953674316
endloop
endfacet
facet normal 0 0 1
outer loop
vertex 47.849998474121094 -15.134726524353027 2.9000000953674316
vertex 32.150001525878906 -15.134726524353027 2.9000000953674316
vertex 32.95000076293945 -15.93472671508789 2.9000000953674316
endloop
endfacet
facet normal 0 0 1
outer loop
vertex 32.95000076293945 -30.034727096557617 2.9000000953674316
vertex 32.95000076293945 -15.93472671508789 2.9000000953674316
vertex 32.150001525878906 -30.834726333618164 2.9000000953674316
endloop
endfacet
facet normal 0 0 1
outer loop
vertex 47.04999923706055 -30.034727096557617 2.9000000953674316
vertex 32.150001525878906 -30.834726333618164 2.9000000953674316
vertex 47.849998474121094 -30.834726333618164 2.9000000953674316
endloop
endfacet
facet normal 0 1 0
outer loop
vertex 47.849998474121094 -15.134726524353027 2.9000000953674316
vertex 32.150001525878906 -15.134726524353027 2.200000047683716
vertex 32.150001525878906 -15.134726524353027 2.9000000953674316
endloop
endfacet
facet normal 0 0 1
outer loop
vertex 32.150001525878906 -15.134726524353027 2.9000000953674316
vertex 32.150001525878906 -30.834726333618164 2.9000000953674316
vertex 32.95000076293945 -15.93472671508789 2.9000000953674316
endloop
endfacet
facet normal 1 0 0
outer loop
vertex 47.849998474121094 -30.834726333618164 2.9000000953674316
vertex 47.849998474121094 -15.134726524353027 2.200000047683716
vertex 47.849998474121094 -15.134726524353027 2.9000000953674316
endloop
endfacet
facet normal 1 0 0
outer loop
vertex 47.849998474121094 -30.834726333618164 2.9000000953674316
vertex 47.849998474121094 -30.834726333618164 2.200000047683716
vertex 47.849998474121094 -15.134726524353027 2.200000047683716
endloop
endfacet
facet normal 0 0 1
outer loop
vertex 47.04999923706055 -30.034727096557617 2.9000000953674316
vertex 47.849998474121094 -30.834726333618164 2.9000000953674316
vertex 47.849998474121094 -15.134726524353027 2.9000000953674316
endloop
endfacet
facet normal 0 0 1
outer loop
vertex 47.04999923706055 -15.93472671508789 2.9000000953674316
vertex 47.04999923706055 -30.034727096557617 2.9000000953674316
vertex 47.849998474121094 -15.134726524353027 2.9000000953674316
endloop
endfacet
facet normal -1 0 0
outer loop
vertex 32.150001525878906 -15.134726524353027 2.9000000953674316
vertex 32.150001525878906 -15.134726524353027 2.200000047683716
vertex 32.150001525878906 -30.834726333618164 2.200000047683716
endloop
endfacet
facet normal 0 -1 0
outer loop
vertex 47.849998474121094 -30.834726333618164 2.200000047683716
vertex 32.150001525878906 -30.834726333618164 2.9000000953674316
vertex 32.150001525878906 -30.834726333618164 2.200000047683716
endloop
endfacet
facet normal 0 0 1
outer loop
vertex 47.04999923706055 -30.034727096557617 2.9000000953674316
vertex 32.95000076293945 -30.034727096557617 2.9000000953674316
vertex 32.150001525878906 -30.834726333618164 2.9000000953674316
endloop
endfacet
facet normal 0 0 1
outer loop
vertex 47.849998474121094 -15.134726524353027 2.9000000953674316
vertex 32.95000076293945 -15.93472671508789 2.9000000953674316
vertex 47.04999923706055 -15.93472671508789 2.9000000953674316
endloop
endfacet
facet normal 0 1 0
outer loop
vertex 47.849998474121094 -15.134726524353027 2.9000000953674316
vertex 47.849998474121094 -15.134726524353027 2.200000047683716
vertex 32.150001525878906 -15.134726524353027 2.200000047683716
endloop
endfacet
facet normal -1 0 0
outer loop
vertex 47.04999923706055 -15.93472671508789 2.200000047683716
vertex 47.04999923706055 -30.034727096557617 2.9000000953674316
vertex 47.04999923706055 -15.93472671508789 2.9000000953674316
endloop
endfacet
facet normal 0 -1 0
outer loop
vertex 47.04999923706055 -15.93472671508789 2.9000000953674316
vertex 32.95000076293945 -15.93472671508789 2.200000047683716
vertex 47.04999923706055 -15.93472671508789 2.200000047683716
endloop
endfacet
facet normal 0 1 0
outer loop
vertex 47.04999923706055 -30.034727096557617 2.200000047683716
vertex 32.95000076293945 -30.034727096557617 2.9000000953674316
vertex 47.04999923706055 -30.034727096557617 2.9000000953674316
endloop
endfacet
facet normal 0 1 0
outer loop
vertex 32.95000076293945 -30.034727096557617 2.200000047683716
vertex 32.95000076293945 -30.034727096557617 2.9000000953674316
vertex 47.04999923706055 -30.034727096557617 2.200000047683716
endloop
endfacet
facet normal 1 0 0
outer loop
vertex 32.95000076293945 -30.034727096557617 2.200000047683716
vertex 32.95000076293945 -15.93472671508789 2.9000000953674316
vertex 32.95000076293945 -30.034727096557617 2.9000000953674316
endloop
endfacet
facet normal 0 -1 0
outer loop
vertex 32.95000076293945 -15.93472671508789 2.200000047683716
vertex 47.04999923706055 -15.93472671508789 2.9000000953674316
vertex 32.95000076293945 -15.93472671508789 2.9000000953674316
endloop
endfacet
facet normal -1 0 0
outer loop
vertex 47.04999923706055 -30.034727096557617 2.9000000953674316
vertex 47.04999923706055 -15.93472671508789 2.200000047683716
vertex 47.04999923706055 -30.034727096557617 2.200000047683716
endloop
endfacet
facet normal 1 0 0
outer loop
vertex 32.95000076293945 -15.93472671508789 2.9000000953674316
vertex 32.95000076293945 -30.034727096557617 2.200000047683716
vertex 32.95000076293945 -15.93472671508789 2.200000047683716
endloop
endfacet
facet normal 0 0 1
outer loop
vertex 16.950000762939453 -30.034727096557617 2.9000000953674316
vertex 16.950000762939453 -15.93472671508789 2.9000000953674316
vertex 16.149999618530273 -30.834726333618164 2.9000000953674316
endloop
endfacet
facet normal 0 0 1
outer loop
vertex 31.850000381469727 -15.134726524353027 2.9000000953674316
vertex 16.950000762939453 -15.93472671508789 2.9000000953674316
vertex 31.049999237060547 -15.93472671508789 2.9000000953674316
endloop
endfacet
facet normal 0 1 0
outer loop
vertex 31.850000381469727 -15.134726524353027 2.9000000953674316
vertex 31.850000381469727 -15.134726524353027 2.200000047683716
vertex 16.149999618530273 -15.134726524353027 2.200000047683716
endloop
endfacet
facet normal 1 0 0
outer loop
vertex 31.850000381469727 -15.134726524353027 2.9000000953674316
vertex 31.850000381469727 -30.834726333618164 2.9000000953674316
vertex 31.850000381469727 -15.134726524353027 2.200000047683716
endloop
endfacet
facet normal 0 0 1
outer loop
vertex 31.049999237060547 -15.93472671508789 2.9000000953674316
vertex 31.049999237060547 -30.034727096557617 2.9000000953674316
vertex 31.850000381469727 -15.134726524353027 2.9000000953674316
endloop
endfacet
facet normal 0 0 1
outer loop
vertex 31.850000381469727 -15.134726524353027 2.9000000953674316
vertex 16.149999618530273 -15.134726524353027 2.9000000953674316
vertex 16.950000762939453 -15.93472671508789 2.9000000953674316
endloop
endfacet
facet normal 0 1 0
outer loop
vertex 31.850000381469727 -15.134726524353027 2.9000000953674316
vertex 16.149999618530273 -15.134726524353027 2.200000047683716
vertex 16.149999618530273 -15.134726524353027 2.9000000953674316
endloop
endfacet
facet normal 0 0 1
outer loop
vertex 16.149999618530273 -15.134726524353027 2.9000000953674316
vertex 16.149999618530273 -30.834726333618164 2.9000000953674316
vertex 16.950000762939453 -15.93472671508789 2.9000000953674316
endloop
endfacet
facet normal -1 0 0
outer loop
vertex 16.149999618530273 -15.134726524353027 2.9000000953674316
vertex 16.149999618530273 -15.134726524353027 2.200000047683716
vertex 16.149999618530273 -30.834726333618164 2.200000047683716
endloop
endfacet
facet normal 0 0 1
outer loop
vertex 31.049999237060547 -30.034727096557617 2.9000000953674316
vertex 31.850000381469727 -30.834726333618164 2.9000000953674316
vertex 31.850000381469727 -15.134726524353027 2.9000000953674316
endloop
endfacet
facet normal 1 0 0
outer loop
vertex 31.850000381469727 -30.834726333618164 2.9000000953674316
vertex 31.850000381469727 -30.834726333618164 2.200000047683716
vertex 31.850000381469727 -15.134726524353027 2.200000047683716
endloop
endfacet
facet normal 0 -1 0
outer loop
vertex 31.850000381469727 -30.834726333618164 2.200000047683716
vertex 16.149999618530273 -30.834726333618164 2.9000000953674316
vertex 16.149999618530273 -30.834726333618164 2.200000047683716
endloop
endfacet
facet normal 0 0 1
outer loop
vertex 16.950000762939453 -30.034727096557617 2.9000000953674316
vertex 16.149999618530273 -30.834726333618164 2.9000000953674316
vertex 31.049999237060547 -30.034727096557617 2.9000000953674316
endloop
endfacet
facet normal 0 0 1
outer loop
vertex 31.049999237060547 -30.034727096557617 2.9000000953674316
vertex 16.149999618530273 -30.834726333618164 2.9000000953674316
vertex 31.850000381469727 -30.834726333618164 2.9000000953674316
endloop
endfacet
facet normal -1 0 0
outer loop
vertex 16.149999618530273 -15.134726524353027 2.9000000953674316
vertex 16.149999618530273 -30.834726333618164 2.200000047683716
vertex 16.149999618530273 -30.834726333618164 2.9000000953674316
endloop
endfacet
facet normal 0 -1 0
outer loop
vertex 16.149999618530273 -30.834726333618164 2.9000000953674316
vertex 31.850000381469727 -30.834726333618164 2.200000047683716
vertex 31.850000381469727 -30.834726333618164 2.9000000953674316
endloop
endfacet
facet normal -1 0 0
outer loop
vertex 31.049999237060547 -15.93472671508789 2.200000047683716
vertex 31.049999237060547 -30.034727096557617 2.9000000953674316
vertex 31.049999237060547 -15.93472671508789 2.9000000953674316
endloop
endfacet
facet normal 0 -1 0
outer loop
vertex 31.049999237060547 -15.93472671508789 2.9000000953674316
vertex 16.950000762939453 -15.93472671508789 2.200000047683716
vertex 31.049999237060547 -15.93472671508789 2.200000047683716
endloop
endfacet
facet normal 0 -1 0
outer loop
vertex 16.950000762939453 -15.93472671508789 2.200000047683716
vertex 31.049999237060547 -15.93472671508789 2.9000000953674316
vertex 16.950000762939453 -15.93472671508789 2.9000000953674316
endloop
endfacet
facet normal 1 0 0
outer loop
vertex 16.950000762939453 -15.93472671508789 2.9000000953674316
vertex 16.950000762939453 -30.034727096557617 2.200000047683716
vertex 16.950000762939453 -15.93472671508789 2.200000047683716
endloop
endfacet
facet normal -1 0 0
outer loop
vertex 31.049999237060547 -30.034727096557617 2.9000000953674316
vertex 31.049999237060547 -15.93472671508789 2.200000047683716
vertex 31.049999237060547 -30.034727096557617 2.200000047683716
endloop
endfacet
facet normal 0 1 0
outer loop
vertex 16.950000762939453 -30.034727096557617 2.200000047683716
vertex 16.950000762939453 -30.034727096557617 2.9000000953674316
vertex 31.049999237060547 -30.034727096557617 2.200000047683716
endloop
endfacet
facet normal 0 1 0
outer loop
vertex 31.049999237060547 -30.034727096557617 2.200000047683716
vertex 16.950000762939453 -30.034727096557617 2.9000000953674316
vertex 31.049999237060547 -30.034727096557617 2.9000000953674316
endloop
endfacet
facet normal 1 0 0
outer loop
vertex 16.950000762939453 -30.034727096557617 2.200000047683716
vertex 16.950000762939453 -15.93472671508789 2.9000000953674316
vertex 16.950000762939453 -30.034727096557617 2.9000000953674316
endloop
endfacet
facet normal 1 0 0
outer loop
vertex 15.850000381469727 -30.834726333618164 2.9000000953674316
vertex 15.850000381469727 -30.834726333618164 2.200000047683716
vertex 15.850000381469727 -15.134726524353027 2.200000047683716
endloop
endfacet
facet normal 0 0 1
outer loop
vertex 15.050000190734863 -30.034727096557617 2.9000000953674316
vertex 0.949999988079071 -30.034727096557617 2.9000000953674316
vertex 0.15000000596046448 -30.834726333618164 2.9000000953674316
endloop
endfacet
facet normal 0 0 1
outer loop
vertex 15.050000190734863 -30.034727096557617 2.9000000953674316
vertex 0.15000000596046448 -30.834726333618164 2.9000000953674316
vertex 15.850000381469727 -30.834726333618164 2.9000000953674316
endloop
endfacet
facet normal 0 -1 0
outer loop
vertex 0.15000000596046448 -30.834726333618164 2.9000000953674316
vertex 15.850000381469727 -30.834726333618164 2.200000047683716
vertex 15.850000381469727 -30.834726333618164 2.9000000953674316
endloop
endfacet
facet normal 0 0 1
outer loop
vertex 15.850000381469727 -15.134726524353027 2.9000000953674316
vertex 0.949999988079071 -15.93472671508789 2.9000000953674316
vertex 15.050000190734863 -15.93472671508789 2.9000000953674316
endloop
endfacet
facet normal 0 1 0
outer loop
vertex 15.850000381469727 -15.134726524353027 2.9000000953674316
vertex 0.15000000596046448 -15.134726524353027 2.200000047683716
vertex 0.15000000596046448 -15.134726524353027 2.9000000953674316
endloop
endfacet
facet normal 0 -1 0
outer loop
vertex 0.15000000596046448 -30.834726333618164 2.200000047683716
vertex 15.850000381469727 -30.834726333618164 2.200000047683716
vertex 0.15000000596046448 -30.834726333618164 2.9000000953674316
endloop
endfacet
facet normal 0 0 1
outer loop
vertex 0.15000000596046448 -15.134726524353027 2.9000000953674316
vertex 0.15000000596046448 -30.834726333618164 2.9000000953674316
vertex 0.949999988079071 -15.93472671508789 2.9000000953674316
endloop
endfacet
facet normal 0 1 0
outer loop
vertex 15.850000381469727 -15.134726524353027 2.9000000953674316
vertex 15.850000381469727 -15.134726524353027 2.200000047683716
vertex 0.15000000596046448 -15.134726524353027 2.200000047683716
endloop
endfacet
facet normal 0 0 1
outer loop
vertex 15.850000381469727 -15.134726524353027 2.9000000953674316
vertex 0.15000000596046448 -15.134726524353027 2.9000000953674316
vertex 0.949999988079071 -15.93472671508789 2.9000000953674316
endloop
endfacet
facet normal 0 0 1
outer loop
vertex 0.949999988079071 -30.034727096557617 2.9000000953674316
vertex 0.949999988079071 -15.93472671508789 2.9000000953674316
vertex 0.15000000596046448 -30.834726333618164 2.9000000953674316
endloop
endfacet
facet normal -1 0 0
outer loop
vertex 0.15000000596046448 -15.134726524353027 2.9000000953674316
vertex 0.15000000596046448 -15.134726524353027 2.200000047683716
vertex 0.15000000596046448 -30.834726333618164 2.200000047683716
endloop
endfacet
facet normal -1 0 0
outer loop
vertex 0.15000000596046448 -15.134726524353027 2.9000000953674316
vertex 0.15000000596046448 -30.834726333618164 2.200000047683716
vertex 0.15000000596046448 -30.834726333618164 2.9000000953674316
endloop
endfacet
facet normal 0 0 1
outer loop
vertex 15.050000190734863 -30.034727096557617 2.9000000953674316
vertex 15.850000381469727 -30.834726333618164 2.9000000953674316
vertex 15.850000381469727 -15.134726524353027 2.9000000953674316
endloop
endfacet
facet normal 1 0 0
outer loop
vertex 15.850000381469727 -30.834726333618164 2.9000000953674316
vertex 15.850000381469727 -15.134726524353027 2.200000047683716
vertex 15.850000381469727 -15.134726524353027 2.9000000953674316
endloop
endfacet
facet normal 0 0 1
outer loop
vertex 15.050000190734863 -15.93472671508789 2.9000000953674316
vertex 15.050000190734863 -30.034727096557617 2.9000000953674316
vertex 15.850000381469727 -15.134726524353027 2.9000000953674316
endloop
endfacet
facet normal -1 0 0
outer loop
vertex 15.050000190734863 -30.034727096557617 2.9000000953674316
vertex 15.050000190734863 -15.93472671508789 2.200000047683716
vertex 15.050000190734863 -30.034727096557617 2.200000047683716
endloop
endfacet
facet normal 0 1 0
outer loop
vertex 0.949999988079071 -30.034727096557617 2.200000047683716
vertex 0.949999988079071 -30.034727096557617 2.9000000953674316
vertex 15.050000190734863 -30.034727096557617 2.200000047683716
endloop
endfacet
facet normal -1 0 0
outer loop
vertex 15.050000190734863 -15.93472671508789 2.200000047683716
vertex 15.050000190734863 -30.034727096557617 2.9000000953674316
vertex 15.050000190734863 -15.93472671508789 2.9000000953674316
endloop
endfacet
facet normal 0 -1 0
outer loop
vertex 15.050000190734863 -15.93472671508789 2.9000000953674316
vertex 0.949999988079071 -15.93472671508789 2.200000047683716
vertex 15.050000190734863 -15.93472671508789 2.200000047683716
endloop
endfacet
facet normal 1 0 0
outer loop
vertex 0.949999988079071 -30.034727096557617 2.200000047683716
vertex 0.949999988079071 -15.93472671508789 2.9000000953674316
vertex 0.949999988079071 -30.034727096557617 2.9000000953674316
endloop
endfacet
facet normal 1 0 0
outer loop
vertex 0.949999988079071 -15.93472671508789 2.9000000953674316
vertex 0.949999988079071 -30.034727096557617 2.200000047683716
vertex 0.949999988079071 -15.93472671508789 2.200000047683716
endloop
endfacet
facet normal 0 1 0
outer loop
vertex 15.050000190734863 -30.034727096557617 2.200000047683716
vertex 0.949999988079071 -30.034727096557617 2.9000000953674316
vertex 15.050000190734863 -30.034727096557617 2.9000000953674316
endloop
endfacet
facet normal 0 -1 0
outer loop
vertex 0.949999988079071 -15.93472671508789 2.200000047683716
vertex 15.050000190734863 -15.93472671508789 2.9000000953674316
vertex 0.949999988079071 -15.93472671508789 2.9000000953674316
endloop
endfacet
facet normal 0 1 0
outer loop
vertex -0.15000000596046448 -15.134726524353027 2.9000000953674316
vertex -0.15000000596046448 -15.134726524353027 2.200000047683716
vertex -15.850000381469727 -15.134726524353027 2.200000047683716
endloop
endfacet
facet normal 0 0 1
outer loop
vertex -0.949999988079071 -30.034727096557617 2.9000000953674316
vertex -0.15000000596046448 -30.834726333618164 2.9000000953674316
vertex -0.15000000596046448 -15.134726524353027 2.9000000953674316
endloop
endfacet
facet normal 0 0 1
outer loop
vertex -0.15000000596046448 -15.134726524353027 2.9000000953674316
vertex -15.050000190734863 -15.93472671508789 2.9000000953674316
vertex -0.949999988079071 -15.93472671508789 2.9000000953674316
endloop
endfacet
facet normal 0 -1 0
outer loop
vertex -15.850000381469727 -30.834726333618164 2.9000000953674316
vertex -0.15000000596046448 -30.834726333618164 2.200000047683716
vertex -0.15000000596046448 -30.834726333618164 2.9000000953674316
endloop
endfacet
facet normal 0 0 1
outer loop
vertex -0.949999988079071 -15.93472671508789 2.9000000953674316
vertex -0.949999988079071 -30.034727096557617 2.9000000953674316
vertex -0.15000000596046448 -15.134726524353027 2.9000000953674316
endloop
endfacet
facet normal -1 0 0
outer loop
vertex -15.850000381469727 -15.134726524353027 2.9000000953674316
vertex -15.850000381469727 -15.134726524353027 2.200000047683716
vertex -15.850000381469727 -30.834726333618164 2.200000047683716
endloop
endfacet
facet normal 1 0 0
outer loop
vertex -0.15000000596046448 -30.834726333618164 2.9000000953674316
vertex -0.15000000596046448 -15.134726524353027 2.200000047683716
vertex -0.15000000596046448 -15.134726524353027 2.9000000953674316
endloop
endfacet
facet normal -1 0 0
outer loop
vertex -15.850000381469727 -15.134726524353027 2.9000000953674316
vertex -15.850000381469727 -30.834726333618164 2.200000047683716
vertex -15.850000381469727 -30.834726333618164 2.9000000953674316
endloop
endfacet
facet normal 0 0 1
outer loop
vertex -0.15000000596046448 -15.134726524353027 2.9000000953674316
vertex -15.850000381469727 -15.134726524353027 2.9000000953674316
vertex -15.050000190734863 -15.93472671508789 2.9000000953674316
endloop
endfacet
facet normal 0 1 0
outer loop
vertex -0.15000000596046448 -15.134726524353027 2.9000000953674316
vertex -15.850000381469727 -15.134726524353027 2.200000047683716
vertex -15.850000381469727 -15.134726524353027 2.9000000953674316
endloop
endfacet
facet normal 0 0 1
outer loop
vertex -0.949999988079071 -30.034727096557617 2.9000000953674316
vertex -15.050000190734863 -30.034727096557617 2.9000000953674316
vertex -15.850000381469727 -30.834726333618164 2.9000000953674316
endloop
endfacet
facet normal 0 0 1
outer loop
vertex -15.850000381469727 -15.134726524353027 2.9000000953674316
vertex -15.850000381469727 -30.834726333618164 2.9000000953674316
vertex -15.050000190734863 -15.93472671508789 2.9000000953674316
endloop
endfacet
facet normal 0 -1 0
outer loop
vertex -15.850000381469727 -30.834726333618164 2.9000000953674316
vertex -15.850000381469727 -30.834726333618164 2.200000047683716
vertex -0.15000000596046448 -30.834726333618164 2.200000047683716
endloop
endfacet
facet normal 0 0 1
outer loop
vertex -15.050000190734863 -30.034727096557617 2.9000000953674316
vertex -15.050000190734863 -15.93472671508789 2.9000000953674316
vertex -15.850000381469727 -30.834726333618164 2.9000000953674316
endloop
endfacet
facet normal 0 0 1
outer loop
vertex -0.949999988079071 -30.034727096557617 2.9000000953674316
vertex -15.850000381469727 -30.834726333618164 2.9000000953674316
vertex -0.15000000596046448 -30.834726333618164 2.9000000953674316
endloop
endfacet
facet normal 1 0 0
outer loop
vertex -0.15000000596046448 -30.834726333618164 2.9000000953674316
vertex -0.15000000596046448 -30.834726333618164 2.200000047683716
vertex -0.15000000596046448 -15.134726524353027 2.200000047683716
endloop
endfacet
facet normal -1 0 0
outer loop
vertex -0.949999988079071 -30.034727096557617 2.9000000953674316
vertex -0.949999988079071 -15.93472671508789 2.200000047683716
vertex -0.949999988079071 -30.034727096557617 2.200000047683716
endloop
endfacet
facet normal 1 0 0
outer loop
vertex -15.050000190734863 -30.034727096557617 2.200000047683716
vertex -15.050000190734863 -15.93472671508789 2.9000000953674316
vertex -15.050000190734863 -30.034727096557617 2.9000000953674316
endloop
endfacet
facet normal 0 1 0
outer loop
vertex -0.949999988079071 -30.034727096557617 2.200000047683716
vertex -15.050000190734863 -30.034727096557617 2.9000000953674316
vertex -0.949999988079071 -30.034727096557617 2.9000000953674316
endloop
endfacet
facet normal 0 -1 0
outer loop
vertex -0.949999988079071 -15.93472671508789 2.9000000953674316
vertex -15.050000190734863 -15.93472671508789 2.200000047683716
vertex -0.949999988079071 -15.93472671508789 2.200000047683716
endloop
endfacet
facet normal 0 1 0
outer loop
vertex -15.050000190734863 -30.034727096557617 2.200000047683716
vertex -15.050000190734863 -30.034727096557617 2.9000000953674316
vertex -0.949999988079071 -30.034727096557617 2.200000047683716
endloop
endfacet
facet normal -1 0 0
outer loop
vertex -0.949999988079071 -15.93472671508789 2.200000047683716
vertex -0.949999988079071 -30.034727096557617 2.9000000953674316
vertex -0.949999988079071 -15.93472671508789 2.9000000953674316
endloop
endfacet
facet normal 0 -1 0
outer loop
vertex -15.050000190734863 -15.93472671508789 2.200000047683716
vertex -0.949999988079071 -15.93472671508789 2.9000000953674316
vertex -15.050000190734863 -15.93472671508789 2.9000000953674316
endloop
endfacet
facet normal 1 0 0
outer loop
vertex -15.050000190734863 -15.93472671508789 2.9000000953674316
vertex -15.050000190734863 -30.034727096557617 2.200000047683716
vertex -15.050000190734863 -15.93472671508789 2.200000047683716
endloop
endfacet
facet normal 0 0 1
outer loop
vertex -16.950000762939453 -30.034727096557617 2.9000000953674316
vertex -16.149999618530273 -30.834726333618164 2.9000000953674316
vertex -16.149999618530273 -15.134726524353027 2.9000000953674316
endloop
endfacet
facet normal 0 0 1
outer loop
vertex -16.149999618530273 -15.134726524353027 2.9000000953674316
vertex -31.850000381469727 -15.134726524353027 2.9000000953674316
vertex -31.049999237060547 -15.93472671508789 2.9000000953674316
endloop
endfacet
facet normal 0 0 1
outer loop
vertex -31.850000381469727 -15.134726524353027 2.9000000953674316
vertex -31.850000381469727 -30.834726333618164 2.9000000953674316
vertex -31.049999237060547 -15.93472671508789 2.9000000953674316
endloop
endfacet
facet normal 0 1 0
outer loop
vertex -16.149999618530273 -15.134726524353027 2.9000000953674316
vertex -31.850000381469727 -15.134726524353027 2.200000047683716
vertex -31.850000381469727 -15.134726524353027 2.9000000953674316
endloop
endfacet
facet normal 0 -1 0
outer loop
vertex -31.850000381469727 -30.834726333618164 2.9000000953674316
vertex -16.149999618530273 -30.834726333618164 2.200000047683716
vertex -16.149999618530273 -30.834726333618164 2.9000000953674316
endloop
endfacet
facet normal 1 0 0
outer loop
vertex -16.149999618530273 -30.834726333618164 2.9000000953674316
vertex -16.149999618530273 -15.134726524353027 2.200000047683716
vertex -16.149999618530273 -15.134726524353027 2.9000000953674316
endloop
endfacet
facet normal 0 0 1
outer loop
vertex -16.149999618530273 -15.134726524353027 2.9000000953674316
vertex -31.049999237060547 -15.93472671508789 2.9000000953674316
vertex -16.950000762939453 -15.93472671508789 2.9000000953674316
endloop
endfacet
facet normal 0 0 1
outer loop
vertex -16.950000762939453 -30.034727096557617 2.9000000953674316
vertex -31.850000381469727 -30.834726333618164 2.9000000953674316
vertex -16.149999618530273 -30.834726333618164 2.9000000953674316
endloop
endfacet
facet normal 0 0 1
outer loop
vertex -16.950000762939453 -15.93472671508789 2.9000000953674316
vertex -16.950000762939453 -30.034727096557617 2.9000000953674316
vertex -16.149999618530273 -15.134726524353027 2.9000000953674316
endloop
endfacet
facet normal 0 0 1
outer loop
vertex -31.049999237060547 -30.034727096557617 2.9000000953674316
vertex -31.049999237060547 -15.93472671508789 2.9000000953674316
vertex -31.850000381469727 -30.834726333618164 2.9000000953674316
endloop
endfacet
facet normal 0 0 1
outer loop
vertex -31.049999237060547 -30.034727096557617 2.9000000953674316
vertex -31.850000381469727 -30.834726333618164 2.9000000953674316
vertex -16.950000762939453 -30.034727096557617 2.9000000953674316
endloop
endfacet
facet normal 0 1 0
outer loop
vertex -16.149999618530273 -15.134726524353027 2.9000000953674316
vertex -16.149999618530273 -15.134726524353027 2.200000047683716
vertex -31.850000381469727 -15.134726524353027 2.200000047683716
endloop
endfacet
facet normal 1 0 0
outer loop
vertex -16.149999618530273 -30.834726333618164 2.9000000953674316
vertex -16.149999618530273 -30.834726333618164 2.200000047683716
vertex -16.149999618530273 -15.134726524353027 2.200000047683716
endloop
endfacet
facet normal -1 0 0
outer loop
vertex -31.850000381469727 -15.134726524353027 2.9000000953674316
vertex -31.850000381469727 -30.834726333618164 2.200000047683716
vertex -31.850000381469727 -30.834726333618164 2.9000000953674316
endloop
endfacet
facet normal 0 -1 0
outer loop
vertex -31.850000381469727 -30.834726333618164 2.9000000953674316
vertex -31.850000381469727 -30.834726333618164 2.200000047683716
vertex -16.149999618530273 -30.834726333618164 2.200000047683716
endloop
endfacet
facet normal -1 0 0
outer loop
vertex -31.850000381469727 -15.134726524353027 2.9000000953674316
vertex -31.850000381469727 -15.134726524353027 2.200000047683716
vertex -31.850000381469727 -30.834726333618164 2.200000047683716
endloop
endfacet
facet normal -1 0 0
outer loop
vertex -16.950000762939453 -15.93472671508789 2.200000047683716
vertex -16.950000762939453 -30.034727096557617 2.9000000953674316
vertex -16.950000762939453 -15.93472671508789 2.9000000953674316
endloop
endfacet
facet normal 0 -1 0
outer loop
vertex -31.049999237060547 -15.93472671508789 2.200000047683716
vertex -16.950000762939453 -15.93472671508789 2.9000000953674316
vertex -31.049999237060547 -15.93472671508789 2.9000000953674316
endloop
endfacet
facet normal -1 0 0
outer loop
vertex -16.950000762939453 -30.034727096557617 2.9000000953674316
vertex -16.950000762939453 -15.93472671508789 2.200000047683716
vertex -16.950000762939453 -30.034727096557617 2.200000047683716
endloop
endfacet
facet normal 1 0 0
outer loop
vertex -31.049999237060547 -30.034727096557617 2.200000047683716
vertex -31.049999237060547 -15.93472671508789 2.9000000953674316
vertex -31.049999237060547 -30.034727096557617 2.9000000953674316
endloop
endfacet
facet normal 1 0 0
outer loop
vertex -31.049999237060547 -15.93472671508789 2.9000000953674316
vertex -31.049999237060547 -30.034727096557617 2.200000047683716
vertex -31.049999237060547 -15.93472671508789 2.200000047683716
endloop
endfacet
facet normal 0 1 0
outer loop
vertex -31.049999237060547 -30.034727096557617 2.200000047683716
vertex -31.049999237060547 -30.034727096557617 2.9000000953674316
vertex -16.950000762939453 -30.034727096557617 2.200000047683716
endloop
endfacet
facet normal 0 -1 0
outer loop
vertex -16.950000762939453 -15.93472671508789 2.9000000953674316
vertex -31.049999237060547 -15.93472671508789 2.200000047683716
vertex -16.950000762939453 -15.93472671508789 2.200000047683716
endloop
endfacet
facet normal 0 1 0
outer loop
vertex -16.950000762939453 -30.034727096557617 2.200000047683716
vertex -31.049999237060547 -30.034727096557617 2.9000000953674316
vertex -16.950000762939453 -30.034727096557617 2.9000000953674316
endloop
endfacet
facet normal 0 0 1
outer loop
vertex -32.150001525878906 -15.134726524353027 2.9000000953674316
vertex -47.04999923706055 -15.93472671508789 2.9000000953674316
vertex -32.95000076293945 -15.93472671508789 2.9000000953674316
endloop
endfacet
facet normal 0 0 1
outer loop
vertex -32.95000076293945 -30.034727096557617 2.9000000953674316
vertex -47.04999923706055 -30.034727096557617 2.9000000953674316
vertex -47.849998474121094 -30.834726333618164 2.9000000953674316
endloop
endfacet
facet normal 0 -1 0
outer loop
vertex -47.849998474121094 -30.834726333618164 2.9000000953674316
vertex -32.150001525878906 -30.834726333618164 2.200000047683716
vertex -32.150001525878906 -30.834726333618164 2.9000000953674316
endloop
endfacet
facet normal 0 0 1
outer loop
vertex -32.95000076293945 -30.034727096557617 2.9000000953674316
vertex -47.849998474121094 -30.834726333618164 2.9000000953674316
vertex -32.150001525878906 -30.834726333618164 2.9000000953674316
endloop
endfacet
facet normal 0 -1 0
outer loop
vertex -47.849998474121094 -30.834726333618164 2.9000000953674316
vertex -47.849998474121094 -30.834726333618164 2.200000047683716
vertex -32.150001525878906 -30.834726333618164 2.200000047683716
endloop
endfacet
facet normal 1 0 0
outer loop
vertex -32.150001525878906 -30.834726333618164 2.9000000953674316
vertex -32.150001525878906 -30.834726333618164 2.200000047683716
vertex -32.150001525878906 -15.134726524353027 2.200000047683716
endloop
endfacet
facet normal 0 0 1
outer loop
vertex -47.04999923706055 -30.034727096557617 2.9000000953674316
vertex -47.04999923706055 -15.93472671508789 2.9000000953674316
vertex -47.849998474121094 -30.834726333618164 2.9000000953674316
endloop
endfacet
facet normal 0 0 1
outer loop
vertex -32.95000076293945 -30.034727096557617 2.9000000953674316
vertex -32.150001525878906 -30.834726333618164 2.9000000953674316
vertex -32.150001525878906 -15.134726524353027 2.9000000953674316
endloop
endfacet
facet normal -1 0 0
outer loop
vertex -47.849998474121094 -15.134726524353027 2.9000000953674316
vertex -47.849998474121094 -30.834726333618164 2.200000047683716
vertex -47.849998474121094 -30.834726333618164 2.9000000953674316
endloop
endfacet
facet normal 0 0 1
outer loop
vertex -47.849998474121094 -15.134726524353027 2.9000000953674316
vertex -47.849998474121094 -30.834726333618164 2.9000000953674316
vertex -47.04999923706055 -15.93472671508789 2.9000000953674316
endloop
endfacet
facet normal 1 0 0
outer loop
vertex -32.150001525878906 -30.834726333618164 2.9000000953674316
vertex -32.150001525878906 -15.134726524353027 2.200000047683716
vertex -32.150001525878906 -15.134726524353027 2.9000000953674316
endloop
endfacet
facet normal 0 0 1
outer loop
vertex -32.95000076293945 -15.93472671508789 2.9000000953674316
vertex -32.95000076293945 -30.034727096557617 2.9000000953674316
vertex -32.150001525878906 -15.134726524353027 2.9000000953674316
endloop
endfacet
facet normal -1 0 0
outer loop
vertex -47.849998474121094 -15.134726524353027 2.9000000953674316
vertex -47.849998474121094 -15.134726524353027 2.200000047683716
vertex -47.849998474121094 -30.834726333618164 2.200000047683716
endloop
endfacet
facet normal 0 1 0
outer loop
vertex -32.150001525878906 -15.134726524353027 2.9000000953674316
vertex -47.849998474121094 -15.134726524353027 2.200000047683716
vertex -47.849998474121094 -15.134726524353027 2.9000000953674316
endloop
endfacet
facet normal 0 0 1
outer loop
vertex -32.150001525878906 -15.134726524353027 2.9000000953674316
vertex -47.849998474121094 -15.134726524353027 2.9000000953674316
vertex -47.04999923706055 -15.93472671508789 2.9000000953674316
endloop
endfacet
facet normal 0 1 0
outer loop
vertex -32.150001525878906 -15.134726524353027 2.9000000953674316
vertex -32.150001525878906 -15.134726524353027 2.200000047683716
vertex -47.849998474121094 -15.134726524353027 2.200000047683716
endloop
endfacet
facet normal -1 0 0
outer loop
vertex -32.95000076293945 -15.93472671508789 2.200000047683716
vertex -32.95000076293945 -30.034727096557617 2.9000000953674316
vertex -32.95000076293945 -15.93472671508789 2.9000000953674316
endloop
endfacet
facet normal 0 -1 0
outer loop
vertex -32.95000076293945 -15.93472671508789 2.9000000953674316
vertex -47.04999923706055 -15.93472671508789 2.200000047683716
vertex -32.95000076293945 -15.93472671508789 2.200000047683716
endloop
endfacet
facet normal 0 1 0
outer loop
vertex -32.95000076293945 -30.034727096557617 2.200000047683716
vertex -47.04999923706055 -30.034727096557617 2.9000000953674316
vertex -32.95000076293945 -30.034727096557617 2.9000000953674316
endloop
endfacet
facet normal -1 0 0
outer loop
vertex -32.95000076293945 -30.034727096557617 2.9000000953674316
vertex -32.95000076293945 -15.93472671508789 2.200000047683716
vertex -32.95000076293945 -30.034727096557617 2.200000047683716
endloop
endfacet
facet normal 0 -1 0
outer loop
vertex -47.04999923706055 -15.93472671508789 2.200000047683716
vertex -32.95000076293945 -15.93472671508789 2.9000000953674316
vertex -47.04999923706055 -15.93472671508789 2.9000000953674316
endloop
endfacet
facet normal 1 0 0
outer loop
vertex -47.04999923706055 -30.034727096557617 2.200000047683716
vertex -47.04999923706055 -15.93472671508789 2.200000047683716
vertex -47.04999923706055 -15.93472671508789 2.9000000953674316
endloop
endfacet
facet normal 0 1 0
outer loop
vertex -47.04999923706055 -30.034727096557617 2.200000047683716
vertex -47.04999923706055 -30.034727096557617 2.9000000953674316
vertex -32.95000076293945 -30.034727096557617 2.200000047683716
endloop
endfacet
facet normal 1 0 0
outer loop
vertex -47.04999923706055 -30.034727096557617 2.200000047683716
vertex -47.04999923706055 -15.93472671508789 2.9000000953674316
vertex -47.04999923706055 -30.034727096557617 2.9000000953674316
endloop
endfacet
facet normal 0 0 1
outer loop
vertex 47.849998474121094 0.8652732968330383 2.9000000953674316
vertex 32.150001525878906 0.8652732968330383 2.9000000953674316
vertex 32.95000076293945 0.06527330726385117 2.9000000953674316
endloop
endfacet
facet normal 1 0 0
outer loop
vertex 47.849998474121094 -14.834726333618164 2.9000000953674316
vertex 47.849998474121094 0.8652732968330383 2.200000047683716
vertex 47.849998474121094 0.8652732968330383 2.9000000953674316
endloop
endfacet
facet normal -1 0 0
outer loop
vertex 32.150001525878906 0.8652732968330383 2.9000000953674316
vertex 32.150001525878906 0.8652732968330383 2.200000047683716
vertex 32.150001525878906 -14.834726333618164 2.200000047683716
endloop
endfacet
facet normal 0 0 1
outer loop
vertex 32.95000076293945 -14.034727096557617 2.9000000953674316
vertex 32.95000076293945 0.06527330726385117 2.9000000953674316
vertex 32.150001525878906 -14.834726333618164 2.9000000953674316
endloop
endfacet
facet normal 0 0 1
outer loop
vertex 47.04999923706055 -14.034727096557617 2.9000000953674316
vertex 32.95000076293945 -14.034727096557617 2.9000000953674316
vertex 32.150001525878906 -14.834726333618164 2.9000000953674316
endloop
endfacet
facet normal 0 1 0
outer loop
vertex 47.849998474121094 0.8652732968330383 2.9000000953674316
vertex 47.849998474121094 0.8652732968330383 2.200000047683716
vertex 32.150001525878906 0.8652732968330383 2.200000047683716
endloop
endfacet
facet normal 0 0 1
outer loop
vertex 47.849998474121094 0.8652732968330383 2.9000000953674316
vertex 32.95000076293945 0.06527330726385117 2.9000000953674316
vertex 47.04999923706055 0.06527330726385117 2.9000000953674316
endloop
endfacet
facet normal 0 -1 0
outer loop
vertex 32.150001525878906 -14.834726333618164 2.9000000953674316
vertex 32.150001525878906 -14.834726333618164 2.200000047683716
vertex 47.849998474121094 -14.834726333618164 2.200000047683716
endloop
endfacet
facet normal -1 0 0
outer loop
vertex 32.150001525878906 -14.834726333618164 2.9000000953674316
vertex 32.150001525878906 0.8652732968330383 2.9000000953674316
vertex 32.150001525878906 -14.834726333618164 2.200000047683716
endloop
endfacet
facet normal 0 0 1
outer loop
vertex 32.150001525878906 0.8652732968330383 2.9000000953674316
vertex 32.150001525878906 -14.834726333618164 2.9000000953674316
vertex 32.95000076293945 0.06527330726385117 2.9000000953674316
endloop
endfacet
facet normal 0 0 1
outer loop
vertex 47.04999923706055 -14.034727096557617 2.9000000953674316
vertex 32.150001525878906 -14.834726333618164 2.9000000953674316
vertex 47.849998474121094 -14.834726333618164 2.9000000953674316
endloop
endfacet
facet normal 0 -1 0
outer loop
vertex 32.150001525878906 -14.834726333618164 2.9000000953674316
vertex 47.849998474121094 -14.834726333618164 2.200000047683716
vertex 47.849998474121094 -14.834726333618164 2.9000000953674316
endloop
endfacet
facet normal 1 0 0
outer loop
vertex 47.849998474121094 -14.834726333618164 2.9000000953674316
vertex 47.849998474121094 -14.834726333618164 2.200000047683716
vertex 47.849998474121094 0.8652732968330383 2.200000047683716
endloop
endfacet
facet normal 0 0 1
outer loop
vertex 47.04999923706055 -14.034727096557617 2.9000000953674316
vertex 47.849998474121094 -14.834726333618164 2.9000000953674316
vertex 47.849998474121094 0.8652732968330383 2.9000000953674316
endloop
endfacet
facet normal 0 1 0
outer loop
vertex 47.849998474121094 0.8652732968330383 2.9000000953674316
vertex 32.150001525878906 0.8652732968330383 2.200000047683716
vertex 32.150001525878906 0.8652732968330383 2.9000000953674316
endloop
endfacet
facet normal 0 0 1
outer loop
vertex 47.04999923706055 0.06527330726385117 2.9000000953674316
vertex 47.04999923706055 -14.034727096557617 2.9000000953674316
vertex 47.849998474121094 0.8652732968330383 2.9000000953674316
endloop
endfacet
facet normal -1 0 0
outer loop
vertex 47.04999923706055 0.06527330726385117 2.200000047683716
vertex 47.04999923706055 -14.034727096557617 2.9000000953674316
vertex 47.04999923706055 0.06527330726385117 2.9000000953674316
endloop
endfacet
facet normal 0 1 0
outer loop
vertex 47.04999923706055 -14.034727096557617 2.200000047683716
vertex 32.95000076293945 -14.034727096557617 2.9000000953674316
vertex 47.04999923706055 -14.034727096557617 2.9000000953674316
endloop
endfacet
facet normal 1 0 0
outer loop
vertex 32.95000076293945 0.06527330726385117 2.9000000953674316
vertex 32.95000076293945 -14.034727096557617 2.200000047683716
vertex 32.95000076293945 0.06527330726385117 2.200000047683716
endloop
endfacet
facet normal 0 -1 0
outer loop
vertex 32.95000076293945 0.06527330726385117 2.200000047683716
vertex 47.04999923706055 0.06527330726385117 2.9000000953674316
vertex 32.95000076293945 0.06527330726385117 2.9000000953674316
endloop
endfacet
facet normal -1 0 0
outer loop
vertex 47.04999923706055 -14.034727096557617 2.200000047683716
vertex 47.04999923706055 -14.034727096557617 2.9000000953674316
vertex 47.04999923706055 0.06527330726385117 2.200000047683716
endloop
endfacet
facet normal 1 0 0
outer loop
vertex 32.95000076293945 -14.034727096557617 2.200000047683716
vertex 32.95000076293945 0.06527330726385117 2.9000000953674316
vertex 32.95000076293945 -14.034727096557617 2.9000000953674316
endloop
endfacet
facet normal 0 -1 0
outer loop
vertex 47.04999923706055 0.06527330726385117 2.9000000953674316
vertex 32.95000076293945 0.06527330726385117 2.200000047683716
vertex 47.04999923706055 0.06527330726385117 2.200000047683716
endloop
endfacet
facet normal 0 1 0
outer loop
vertex 32.95000076293945 -14.034727096557617 2.200000047683716
vertex 32.95000076293945 -14.034727096557617 2.9000000953674316
vertex 47.04999923706055 -14.034727096557617 2.200000047683716
endloop
endfacet
facet normal 1 0 0
outer loop
vertex 31.850000381469727 0.8652732968330383 2.9000000953674316
vertex 31.850000381469727 -14.834726333618164 2.9000000953674316
vertex 31.850000381469727 0.8652732968330383 2.200000047683716
endloop
endfacet
facet normal 0 0 1
outer loop
vertex 16.950000762939453 -14.034727096557617 2.9000000953674316
vertex 16.950000762939453 0.06527330726385117 2.9000000953674316
vertex 16.149999618530273 -14.834726333618164 2.9000000953674316
endloop
endfacet
facet normal 0 -1 0
outer loop
vertex 16.149999618530273 -14.834726333618164 2.9000000953674316
vertex 16.149999618530273 -14.834726333618164 2.200000047683716
vertex 31.850000381469727 -14.834726333618164 2.200000047683716
endloop
endfacet
facet normal 0 0 1
outer loop
vertex 16.149999618530273 0.8652732968330383 2.9000000953674316
vertex 16.149999618530273 -14.834726333618164 2.9000000953674316
vertex 16.950000762939453 0.06527330726385117 2.9000000953674316
endloop
endfacet
facet normal 0 0 1
outer loop
vertex 31.850000381469727 0.8652732968330383 2.9000000953674316
vertex 16.149999618530273 0.8652732968330383 2.9000000953674316
vertex 16.950000762939453 0.06527330726385117 2.9000000953674316
endloop
endfacet
facet normal 0 1 0
outer loop
vertex 31.850000381469727 0.8652732968330383 2.9000000953674316
vertex 16.149999618530273 0.8652732968330383 2.200000047683716
vertex 16.149999618530273 0.8652732968330383 2.9000000953674316
endloop
endfacet
facet normal 0 0 1
outer loop
vertex 31.049999237060547 -14.034727096557617 2.9000000953674316
vertex 31.850000381469727 -14.834726333618164 2.9000000953674316
vertex 31.850000381469727 0.8652732968330383 2.9000000953674316
endloop
endfacet
facet normal 0 0 1
outer loop
vertex 16.950000762939453 -14.034727096557617 2.9000000953674316
vertex 16.149999618530273 -14.834726333618164 2.9000000953674316
vertex 31.049999237060547 -14.034727096557617 2.9000000953674316
endloop
endfacet
facet normal 0 -1 0
outer loop
vertex 16.149999618530273 -14.834726333618164 2.9000000953674316
vertex 31.850000381469727 -14.834726333618164 2.200000047683716
vertex 31.850000381469727 -14.834726333618164 2.9000000953674316
endloop
endfacet
facet normal 1 0 0
outer loop
vertex 31.850000381469727 -14.834726333618164 2.9000000953674316
vertex 31.850000381469727 -14.834726333618164 2.200000047683716
vertex 31.850000381469727 0.8652732968330383 2.200000047683716
endloop
endfacet
facet normal 0 0 1
outer loop
vertex 31.850000381469727 0.8652732968330383 2.9000000953674316
vertex 16.950000762939453 0.06527330726385117 2.9000000953674316
vertex 31.049999237060547 0.06527330726385117 2.9000000953674316
endloop
endfacet
facet normal 0 0 1
outer loop
vertex 31.049999237060547 -14.034727096557617 2.9000000953674316
vertex 16.149999618530273 -14.834726333618164 2.9000000953674316
vertex 31.850000381469727 -14.834726333618164 2.9000000953674316
endloop
endfacet
facet normal 0 1 0
outer loop
vertex 31.850000381469727 0.8652732968330383 2.9000000953674316
vertex 31.850000381469727 0.8652732968330383 2.200000047683716
vertex 16.149999618530273 0.8652732968330383 2.200000047683716
endloop
endfacet
facet normal -1 0 0
outer loop
vertex 16.149999618530273 0.8652732968330383 2.9000000953674316
vertex 16.149999618530273 0.8652732968330383 2.200000047683716
vertex 16.149999618530273 -14.834726333618164 2.200000047683716
endloop
endfacet
facet normal -1 0 0
outer loop
vertex 16.149999618530273 0.8652732968330383 2.9000000953674316
vertex 16.149999618530273 -14.834726333618164 2.200000047683716
vertex 16.149999618530273 -14.834726333618164 2.9000000953674316
endloop
endfacet
facet normal 0 0 1
outer loop
vertex 31.049999237060547 0.06527330726385117 2.9000000953674316
vertex 31.049999237060547 -14.034727096557617 2.9000000953674316
vertex 31.850000381469727 0.8652732968330383 2.9000000953674316
endloop
endfacet
facet normal 1 0 0
outer loop
vertex 16.950000762939453 0.06527330726385117 2.9000000953674316
vertex 16.950000762939453 -14.034727096557617 2.200000047683716
vertex 16.950000762939453 0.06527330726385117 2.200000047683716
endloop
endfacet
facet normal -1 0 0
outer loop
vertex 31.049999237060547 0.06527330726385117 2.200000047683716
vertex 31.049999237060547 -14.034727096557617 2.9000000953674316
vertex 31.049999237060547 0.06527330726385117 2.9000000953674316
endloop
endfacet
facet normal 1 0 0
outer loop
vertex 16.950000762939453 -14.034727096557617 2.200000047683716
vertex 16.950000762939453 0.06527330726385117 2.9000000953674316
vertex 16.950000762939453 -14.034727096557617 2.9000000953674316
endloop
endfacet
facet normal 0 1 0
outer loop
vertex 16.950000762939453 -14.034727096557617 2.9000000953674316
vertex 31.049999237060547 -14.034727096557617 2.200000047683716
vertex 16.950000762939453 -14.034727096557617 2.200000047683716
endloop
endfacet
facet normal 0 1 0
outer loop
vertex 31.049999237060547 -14.034727096557617 2.200000047683716
vertex 16.950000762939453 -14.034727096557617 2.9000000953674316
vertex 31.049999237060547 -14.034727096557617 2.9000000953674316
endloop
endfacet
facet normal -1 0 0
outer loop
vertex 31.049999237060547 -14.034727096557617 2.9000000953674316
vertex 31.049999237060547 0.06527330726385117 2.200000047683716
vertex 31.049999237060547 -14.034727096557617 2.200000047683716
endloop
endfacet
facet normal 0 -1 0
outer loop
vertex 16.950000762939453 0.06527330726385117 2.200000047683716
vertex 31.049999237060547 0.06527330726385117 2.9000000953674316
vertex 16.950000762939453 0.06527330726385117 2.9000000953674316
endloop
endfacet
facet normal 0 -1 0
outer loop
vertex 31.049999237060547 0.06527330726385117 2.9000000953674316
vertex 16.950000762939453 0.06527330726385117 2.200000047683716
vertex 31.049999237060547 0.06527330726385117 2.200000047683716
endloop
endfacet
facet normal 1 0 0
outer loop
vertex 15.850000381469727 -14.834726333618164 2.9000000953674316
vertex 15.850000381469727 0.8652732968330383 2.200000047683716
vertex 15.850000381469727 0.8652732968330383 2.9000000953674316
endloop
endfacet
facet normal 0 0 1
outer loop
vertex 15.050000190734863 -14.034727096557617 2.9000000953674316
vertex 15.850000381469727 -14.834726333618164 2.9000000953674316
vertex 15.850000381469727 0.8652732968330383 2.9000000953674316
endloop
endfacet
facet normal -1 0 0
outer loop
vertex 0.15000000596046448 0.8652732968330383 2.9000000953674316
vertex 0.15000000596046448 -14.834726333618164 2.200000047683716
vertex 0.15000000596046448 -14.834726333618164 2.9000000953674316
endloop
endfacet
facet normal 0 0 1
outer loop
vertex 15.050000190734863 -14.034727096557617 2.9000000953674316
vertex 0.949999988079071 -14.034727096557617 2.9000000953674316
vertex 0.15000000596046448 -14.834726333618164 2.9000000953674316
endloop
endfacet
facet normal 0 0 1
outer loop
vertex 15.050000190734863 0.06527330726385117 2.9000000953674316
vertex 15.050000190734863 -14.034727096557617 2.9000000953674316
vertex 15.850000381469727 0.8652732968330383 2.9000000953674316
endloop
endfacet
facet normal 0 0 1
outer loop
vertex 0.949999988079071 -14.034727096557617 2.9000000953674316
vertex 0.949999988079071 0.06527330726385117 2.9000000953674316
vertex 0.15000000596046448 -14.834726333618164 2.9000000953674316
endloop
endfacet
facet normal -1 0 0
outer loop
vertex 0.15000000596046448 0.8652732968330383 2.9000000953674316
vertex 0.15000000596046448 0.8652732968330383 2.200000047683716
vertex 0.15000000596046448 -14.834726333618164 2.200000047683716
endloop
endfacet
facet normal 0 1 0
outer loop
vertex 15.850000381469727 0.8652732968330383 2.9000000953674316
vertex 0.15000000596046448 0.8652732968330383 2.200000047683716
vertex 0.15000000596046448 0.8652732968330383 2.9000000953674316
endloop
endfacet
facet normal 0 0 1
outer loop
vertex 15.850000381469727 0.8652732968330383 2.9000000953674316
vertex 0.15000000596046448 0.8652732968330383 2.9000000953674316
vertex 0.949999988079071 0.06527330726385117 2.9000000953674316
endloop
endfacet
facet normal 0 -1 0
outer loop
vertex 0.15000000596046448 -14.834726333618164 2.9000000953674316
vertex 0.15000000596046448 -14.834726333618164 2.200000047683716
vertex 15.850000381469727 -14.834726333618164 2.200000047683716
endloop
endfacet
facet normal 0 0 1
outer loop
vertex 0.15000000596046448 0.8652732968330383 2.9000000953674316
vertex 0.15000000596046448 -14.834726333618164 2.9000000953674316
vertex 0.949999988079071 0.06527330726385117 2.9000000953674316
endloop
endfacet
facet normal 0 0 1
outer loop
vertex 15.050000190734863 -14.034727096557617 2.9000000953674316
vertex 0.15000000596046448 -14.834726333618164 2.9000000953674316
vertex 15.850000381469727 -14.834726333618164 2.9000000953674316
endloop
endfacet
facet normal 0 -1 0
outer loop
vertex 0.15000000596046448 -14.834726333618164 2.9000000953674316
vertex 15.850000381469727 -14.834726333618164 2.200000047683716
vertex 15.850000381469727 -14.834726333618164 2.9000000953674316
endloop
endfacet
facet normal 0 0 1
outer loop
vertex 15.850000381469727 0.8652732968330383 2.9000000953674316
vertex 0.949999988079071 0.06527330726385117 2.9000000953674316
vertex 15.050000190734863 0.06527330726385117 2.9000000953674316
endloop
endfacet
facet normal 1 0 0
outer loop
vertex 15.850000381469727 -14.834726333618164 2.9000000953674316
vertex 15.850000381469727 -14.834726333618164 2.200000047683716
vertex 15.850000381469727 0.8652732968330383 2.200000047683716
endloop
endfacet
facet normal 0 1 0
outer loop
vertex 15.850000381469727 0.8652732968330383 2.9000000953674316
vertex 15.850000381469727 0.8652732968330383 2.200000047683716
vertex 0.15000000596046448 0.8652732968330383 2.200000047683716
endloop
endfacet
facet normal -1 0 0
outer loop
vertex 15.050000190734863 0.06527330726385117 2.200000047683716
vertex 15.050000190734863 -14.034727096557617 2.9000000953674316
vertex 15.050000190734863 0.06527330726385117 2.9000000953674316
endloop
endfacet
facet normal 0 -1 0
outer loop
vertex 15.050000190734863 0.06527330726385117 2.9000000953674316
vertex 0.949999988079071 0.06527330726385117 2.200000047683716
vertex 15.050000190734863 0.06527330726385117 2.200000047683716
endloop
endfacet
facet normal -1 0 0
outer loop
vertex 15.050000190734863 -14.034727096557617 2.9000000953674316
vertex 15.050000190734863 0.06527330726385117 2.200000047683716
vertex 15.050000190734863 -14.034727096557617 2.200000047683716
endloop
endfacet
facet normal 0 1 0
outer loop
vertex 0.949999988079071 -14.034727096557617 2.9000000953674316
vertex 15.050000190734863 -14.034727096557617 2.200000047683716
vertex 0.949999988079071 -14.034727096557617 2.200000047683716
endloop
endfacet
facet normal 1 0 0
outer loop
vertex 0.949999988079071 0.06527330726385117 2.9000000953674316
vertex 0.949999988079071 -14.034727096557617 2.200000047683716
vertex 0.949999988079071 0.06527330726385117 2.200000047683716
endloop
endfacet
facet normal 0 1 0
outer loop
vertex 15.050000190734863 -14.034727096557617 2.200000047683716
vertex 0.949999988079071 -14.034727096557617 2.9000000953674316
vertex 15.050000190734863 -14.034727096557617 2.9000000953674316
endloop
endfacet
facet normal 1 0 0
outer loop
vertex 0.949999988079071 -14.034727096557617 2.200000047683716
vertex 0.949999988079071 0.06527330726385117 2.9000000953674316
vertex 0.949999988079071 -14.034727096557617 2.9000000953674316
endloop
endfacet
facet normal 0 -1 0
outer loop
vertex 0.949999988079071 0.06527330726385117 2.200000047683716
vertex 15.050000190734863 0.06527330726385117 2.9000000953674316
vertex 0.949999988079071 0.06527330726385117 2.9000000953674316
endloop
endfacet
facet normal 0 0 1
outer loop
vertex -0.949999988079071 -14.034727096557617 2.9000000953674316
vertex -15.850000381469727 -14.834726333618164 2.9000000953674316
vertex -0.15000000596046448 -14.834726333618164 2.9000000953674316
endloop
endfacet
facet normal 0 0 1
outer loop
vertex -0.949999988079071 -14.034727096557617 2.9000000953674316
vertex -0.15000000596046448 -14.834726333618164 2.9000000953674316
vertex -0.15000000596046448 0.8652732968330383 2.9000000953674316
endloop
endfacet
facet normal 1 0 0
outer loop
vertex -0.15000000596046448 -14.834726333618164 2.9000000953674316
vertex -0.15000000596046448 0.8652732968330383 2.200000047683716
vertex -0.15000000596046448 0.8652732968330383 2.9000000953674316
endloop
endfacet
facet normal 0 0 1
outer loop
vertex -0.15000000596046448 0.8652732968330383 2.9000000953674316
vertex -15.050000190734863 0.06527330726385117 2.9000000953674316
vertex -0.949999988079071 0.06527330726385117 2.9000000953674316
endloop
endfacet
facet normal 0 0 1
outer loop
vertex -15.850000381469727 0.8652732968330383 2.9000000953674316
vertex -15.850000381469727 -14.834726333618164 2.9000000953674316
vertex -15.050000190734863 0.06527330726385117 2.9000000953674316
endloop
endfacet
facet normal 0 -1 0
outer loop
vertex -15.850000381469727 -14.834726333618164 2.9000000953674316
vertex -15.850000381469727 -14.834726333618164 2.200000047683716
vertex -0.15000000596046448 -14.834726333618164 2.200000047683716
endloop
endfacet
facet normal 0 0 1
outer loop
vertex -0.949999988079071 0.06527330726385117 2.9000000953674316
vertex -0.949999988079071 -14.034727096557617 2.9000000953674316
vertex -0.15000000596046448 0.8652732968330383 2.9000000953674316
endloop
endfacet
facet normal 0 0 1
outer loop
vertex -0.15000000596046448 0.8652732968330383 2.9000000953674316
vertex -15.850000381469727 0.8652732968330383 2.9000000953674316
vertex -15.050000190734863 0.06527330726385117 2.9000000953674316
endloop
endfacet
facet normal 0 1 0
outer loop
vertex -0.15000000596046448 0.8652732968330383 2.9000000953674316
vertex -15.850000381469727 0.8652732968330383 2.200000047683716
vertex -15.850000381469727 0.8652732968330383 2.9000000953674316
endloop
endfacet
facet normal -1 0 0
outer loop
vertex -15.850000381469727 0.8652732968330383 2.9000000953674316
vertex -15.850000381469727 0.8652732968330383 2.200000047683716
vertex -15.850000381469727 -14.834726333618164 2.200000047683716
endloop
endfacet
facet normal 0 0 1
outer loop
vertex -15.050000190734863 -14.034727096557617 2.9000000953674316
vertex -15.050000190734863 0.06527330726385117 2.9000000953674316
vertex -15.850000381469727 -14.834726333618164 2.9000000953674316
endloop
endfacet
facet normal -1 0 0
outer loop
vertex -15.850000381469727 0.8652732968330383 2.9000000953674316
vertex -15.850000381469727 -14.834726333618164 2.200000047683716
vertex -15.850000381469727 -14.834726333618164 2.9000000953674316
endloop
endfacet
facet normal 0 0 1
outer loop
vertex -0.949999988079071 -14.034727096557617 2.9000000953674316
vertex -15.050000190734863 -14.034727096557617 2.9000000953674316
vertex -15.850000381469727 -14.834726333618164 2.9000000953674316
endloop
endfacet
facet normal 0 -1 0
outer loop
vertex -15.850000381469727 -14.834726333618164 2.9000000953674316
vertex -0.15000000596046448 -14.834726333618164 2.200000047683716
vertex -0.15000000596046448 -14.834726333618164 2.9000000953674316
endloop
endfacet
facet normal 1 0 0
outer loop
vertex -0.15000000596046448 -14.834726333618164 2.9000000953674316
vertex -0.15000000596046448 -14.834726333618164 2.200000047683716
vertex -0.15000000596046448 0.8652732968330383 2.200000047683716
endloop
endfacet
facet normal 0 1 0
outer loop
vertex -0.15000000596046448 0.8652732968330383 2.9000000953674316
vertex -0.15000000596046448 0.8652732968330383 2.200000047683716
vertex -15.850000381469727 0.8652732968330383 2.200000047683716
endloop
endfacet
facet normal -1 0 0
outer loop
vertex -0.949999988079071 -14.034727096557617 2.9000000953674316
vertex -0.949999988079071 0.06527330726385117 2.200000047683716
vertex -0.949999988079071 -14.034727096557617 2.200000047683716
endloop
endfacet
facet normal 1 0 0
outer loop
vertex -15.050000190734863 0.06527330726385117 2.9000000953674316
vertex -15.050000190734863 -14.034727096557617 2.200000047683716
vertex -15.050000190734863 0.06527330726385117 2.200000047683716
endloop
endfacet
facet normal 0 -1 0
outer loop
vertex -0.949999988079071 0.06527330726385117 2.9000000953674316
vertex -15.050000190734863 0.06527330726385117 2.200000047683716
vertex -0.949999988079071 0.06527330726385117 2.200000047683716
endloop
endfacet
facet normal 0 -1 0
outer loop
vertex -15.050000190734863 0.06527330726385117 2.200000047683716
vertex -0.949999988079071 0.06527330726385117 2.9000000953674316
vertex -15.050000190734863 0.06527330726385117 2.9000000953674316
endloop
endfacet
facet normal 0 1 0
outer loop
vertex -15.050000190734863 -14.034727096557617 2.9000000953674316
vertex -0.949999988079071 -14.034727096557617 2.200000047683716
vertex -15.050000190734863 -14.034727096557617 2.200000047683716
endloop
endfacet
facet normal 0 1 0
outer loop
vertex -0.949999988079071 -14.034727096557617 2.200000047683716
vertex -15.050000190734863 -14.034727096557617 2.9000000953674316
vertex -0.949999988079071 -14.034727096557617 2.9000000953674316
endloop
endfacet
facet normal 1 0 0
outer loop
vertex -15.050000190734863 -14.034727096557617 2.200000047683716
vertex -15.050000190734863 0.06527330726385117 2.9000000953674316
vertex -15.050000190734863 -14.034727096557617 2.9000000953674316
endloop
endfacet
facet normal -1 0 0
outer loop
vertex -0.949999988079071 0.06527330726385117 2.200000047683716
vertex -0.949999988079071 -14.034727096557617 2.9000000953674316
vertex -0.949999988079071 0.06527330726385117 2.9000000953674316
endloop
endfacet
facet normal 0 0 1
outer loop
vertex -16.149999618530273 0.8652732968330383 2.9000000953674316
vertex -31.049999237060547 0.06527330726385117 2.9000000953674316
vertex -16.950000762939453 0.06527330726385117 2.9000000953674316
endloop
endfacet
facet normal 0 0 1
outer loop
vertex -16.950000762939453 -14.034727096557617 2.9000000953674316
vertex -16.149999618530273 -14.834726333618164 2.9000000953674316
vertex -16.149999618530273 0.8652732968330383 2.9000000953674316
endloop
endfacet
facet normal 0 1 0
outer loop
vertex -16.149999618530273 0.8652732968330383 2.9000000953674316
vertex -16.149999618530273 0.8652732968330383 2.200000047683716
vertex -31.850000381469727 0.8652732968330383 2.200000047683716
endloop
endfacet
facet normal 0 0 1
outer loop
vertex -16.149999618530273 0.8652732968330383 2.9000000953674316
vertex -31.850000381469727 0.8652732968330383 2.9000000953674316
vertex -31.049999237060547 0.06527330726385117 2.9000000953674316
endloop
endfacet
facet normal 0 0 1
outer loop
vertex -31.850000381469727 0.8652732968330383 2.9000000953674316
vertex -31.850000381469727 -14.834726333618164 2.9000000953674316
vertex -31.049999237060547 0.06527330726385117 2.9000000953674316
endloop
endfacet
facet normal 0 1 0
outer loop
vertex -16.149999618530273 0.8652732968330383 2.9000000953674316
vertex -31.850000381469727 0.8652732968330383 2.200000047683716
vertex -31.850000381469727 0.8652732968330383 2.9000000953674316
endloop
endfacet
facet normal 0 0 1
outer loop
vertex -16.950000762939453 0.06527330726385117 2.9000000953674316
vertex -16.950000762939453 -14.034727096557617 2.9000000953674316
vertex -16.149999618530273 0.8652732968330383 2.9000000953674316
endloop
endfacet
facet normal 1 0 0
outer loop
vertex -16.149999618530273 -14.834726333618164 2.9000000953674316
vertex -16.149999618530273 0.8652732968330383 2.200000047683716
vertex -16.149999618530273 0.8652732968330383 2.9000000953674316
endloop
endfacet
facet normal 0 -1 0
outer loop
vertex -31.850000381469727 -14.834726333618164 2.9000000953674316
vertex -31.850000381469727 -14.834726333618164 2.200000047683716
vertex -16.149999618530273 -14.834726333618164 2.200000047683716
endloop
endfacet
facet normal -1 0 0
outer loop
vertex -31.850000381469727 0.8652732968330383 2.9000000953674316
vertex -31.850000381469727 -14.834726333618164 2.200000047683716
vertex -31.850000381469727 -14.834726333618164 2.9000000953674316
endloop
endfacet
facet normal 0 0 1
outer loop
vertex -31.049999237060547 -14.034727096557617 2.9000000953674316
vertex -31.850000381469727 -14.834726333618164 2.9000000953674316
vertex -16.950000762939453 -14.034727096557617 2.9000000953674316
endloop
endfacet
facet normal 0 -1 0
outer loop
vertex -31.850000381469727 -14.834726333618164 2.9000000953674316
vertex -16.149999618530273 -14.834726333618164 2.200000047683716
vertex -16.149999618530273 -14.834726333618164 2.9000000953674316
endloop
endfacet
facet normal 0 0 1
outer loop
vertex -16.950000762939453 -14.034727096557617 2.9000000953674316
vertex -31.850000381469727 -14.834726333618164 2.9000000953674316
vertex -16.149999618530273 -14.834726333618164 2.9000000953674316
endloop
endfacet
facet normal 1 0 0
outer loop
vertex -16.149999618530273 -14.834726333618164 2.9000000953674316
vertex -16.149999618530273 -14.834726333618164 2.200000047683716
vertex -16.149999618530273 0.8652732968330383 2.200000047683716
endloop
endfacet
facet normal -1 0 0
outer loop
vertex -31.850000381469727 0.8652732968330383 2.9000000953674316
vertex -31.850000381469727 0.8652732968330383 2.200000047683716
vertex -31.850000381469727 -14.834726333618164 2.200000047683716
endloop
endfacet
facet normal 0 0 1
outer loop
vertex -31.049999237060547 -14.034727096557617 2.9000000953674316
vertex -31.049999237060547 0.06527330726385117 2.9000000953674316
vertex -31.850000381469727 -14.834726333618164 2.9000000953674316
endloop
endfacet
facet normal 0 -1 0
outer loop
vertex -16.950000762939453 0.06527330726385117 2.9000000953674316
vertex -31.049999237060547 0.06527330726385117 2.200000047683716
vertex -16.950000762939453 0.06527330726385117 2.200000047683716
endloop
endfacet
facet normal 0 -1 0
outer loop
vertex -31.049999237060547 0.06527330726385117 2.200000047683716
vertex -16.950000762939453 0.06527330726385117 2.9000000953674316
vertex -31.049999237060547 0.06527330726385117 2.9000000953674316
endloop
endfacet
facet normal 0 1 0
outer loop
vertex -31.049999237060547 -14.034727096557617 2.9000000953674316
vertex -16.950000762939453 -14.034727096557617 2.200000047683716
vertex -31.049999237060547 -14.034727096557617 2.200000047683716
endloop
endfacet
facet normal 1 0 0
outer loop
vertex -31.049999237060547 -14.034727096557617 2.200000047683716
vertex -31.049999237060547 0.06527330726385117 2.9000000953674316
vertex -31.049999237060547 -14.034727096557617 2.9000000953674316
endloop
endfacet
facet normal -1 0 0
outer loop
vertex -16.950000762939453 0.06527330726385117 2.200000047683716
vertex -16.950000762939453 -14.034727096557617 2.9000000953674316
vertex -16.950000762939453 0.06527330726385117 2.9000000953674316
endloop
endfacet
facet normal 0 1 0
outer loop
vertex -16.950000762939453 -14.034727096557617 2.200000047683716
vertex -31.049999237060547 -14.034727096557617 2.9000000953674316
vertex -16.950000762939453 -14.034727096557617 2.9000000953674316
endloop
endfacet
facet normal -1 0 0
outer loop
vertex -16.950000762939453 -14.034727096557617 2.9000000953674316
vertex -16.950000762939453 0.06527330726385117 2.200000047683716
vertex -16.950000762939453 -14.034727096557617 2.200000047683716
endloop
endfacet
facet normal 1 0 0
outer loop
vertex -31.049999237060547 0.06527330726385117 2.9000000953674316
vertex -31.049999237060547 -14.034727096557617 2.200000047683716
vertex -31.049999237060547 0.06527330726385117 2.200000047683716
endloop
endfacet
facet normal 0 0 1
outer loop
vertex -32.95000076293945 -14.034727096557617 2.9000000953674316
vertex -47.849998474121094 -14.834726333618164 2.9000000953674316
vertex -32.150001525878906 -14.834726333618164 2.9000000953674316
endloop
endfacet
facet normal -1 0 0
outer loop
vertex -47.849998474121094 -14.834726333618164 2.200000047683716
vertex -47.849998474121094 0.8652732968330383 2.9000000953674316
vertex -47.849998474121094 0.8652732968330383 2.200000047683716
endloop
endfacet
facet normal 0 1 0
outer loop
vertex -32.150001525878906 0.8652732968330383 2.9000000953674316
vertex -32.150001525878906 0.8652732968330383 2.200000047683716
vertex -47.849998474121094 0.8652732968330383 2.200000047683716
endloop
endfacet
facet normal 0 0 1
outer loop
vertex -32.150001525878906 0.8652732968330383 2.9000000953674316
vertex -47.849998474121094 0.8652732968330383 2.9000000953674316
vertex -47.04999923706055 0.06527330726385117 2.9000000953674316
endloop
endfacet
facet normal 0 0 1
outer loop
vertex -32.95000076293945 -14.034727096557617 2.9000000953674316
vertex -32.150001525878906 -14.834726333618164 2.9000000953674316
vertex -32.150001525878906 0.8652732968330383 2.9000000953674316
endloop
endfacet
facet normal 0 0 1
outer loop
vertex -32.95000076293945 -14.034727096557617 2.9000000953674316
vertex -47.04999923706055 -14.034727096557617 2.9000000953674316
vertex -47.849998474121094 -14.834726333618164 2.9000000953674316
endloop
endfacet
facet normal 0 0 1
outer loop
vertex -32.150001525878906 0.8652732968330383 2.9000000953674316
vertex -47.04999923706055 0.06527330726385117 2.9000000953674316
vertex -32.95000076293945 0.06527330726385117 2.9000000953674316
endloop
endfacet
facet normal 0 -1 0
outer loop
vertex -47.849998474121094 -14.834726333618164 2.9000000953674316
vertex -47.849998474121094 -14.834726333618164 2.200000047683716
vertex -32.150001525878906 -14.834726333618164 2.200000047683716
endloop
endfacet
facet normal -1 0 0
outer loop
vertex -47.849998474121094 0.8652732968330383 2.9000000953674316
vertex -47.849998474121094 -14.834726333618164 2.200000047683716
vertex -47.849998474121094 -14.834726333618164 2.9000000953674316
endloop
endfacet
facet normal 0 -1 0
outer loop
vertex -47.849998474121094 -14.834726333618164 2.9000000953674316
vertex -32.150001525878906 -14.834726333618164 2.200000047683716
vertex -32.150001525878906 -14.834726333618164 2.9000000953674316
endloop
endfacet
facet normal 1 0 0
outer loop
vertex -32.150001525878906 -14.834726333618164 2.9000000953674316
vertex -32.150001525878906 0.8652732968330383 2.200000047683716
vertex -32.150001525878906 0.8652732968330383 2.9000000953674316
endloop
endfacet
facet normal 0 0 1
outer loop
vertex -32.95000076293945 0.06527330726385117 2.9000000953674316
vertex -32.95000076293945 -14.034727096557617 2.9000000953674316
vertex -32.150001525878906 0.8652732968330383 2.9000000953674316
endloop
endfacet
facet normal 0 0 1
outer loop
vertex -47.849998474121094 0.8652732968330383 2.9000000953674316
vertex -47.849998474121094 -14.834726333618164 2.9000000953674316
vertex -47.04999923706055 0.06527330726385117 2.9000000953674316
endloop
endfacet
facet normal 0 1 0
outer loop
vertex -32.150001525878906 0.8652732968330383 2.9000000953674316
vertex -47.849998474121094 0.8652732968330383 2.200000047683716
vertex -47.849998474121094 0.8652732968330383 2.9000000953674316
endloop
endfacet
facet normal 1 0 0
outer loop
vertex -32.150001525878906 -14.834726333618164 2.9000000953674316
vertex -32.150001525878906 -14.834726333618164 2.200000047683716
vertex -32.150001525878906 0.8652732968330383 2.200000047683716
endloop
endfacet
facet normal 0 0 1
outer loop
vertex -47.04999923706055 -14.034727096557617 2.9000000953674316
vertex -47.04999923706055 0.06527330726385117 2.9000000953674316
vertex -47.849998474121094 -14.834726333618164 2.9000000953674316
endloop
endfacet
facet normal -1 0 0
outer loop
vertex -32.95000076293945 0.06527330726385117 2.200000047683716
vertex -32.95000076293945 -14.034727096557617 2.9000000953674316
vertex -32.95000076293945 0.06527330726385117 2.9000000953674316
endloop
endfacet
facet normal 0 1 0
outer loop
vertex -47.04999923706055 -14.034727096557617 2.9000000953674316
vertex -32.95000076293945 -14.034727096557617 2.200000047683716
vertex -47.04999923706055 -14.034727096557617 2.200000047683716
endloop
endfacet
facet normal 1 0 0
outer loop
vertex -47.04999923706055 0.06527330726385117 2.200000047683716
vertex -47.04999923706055 0.06527330726385117 2.9000000953674316
vertex -47.04999923706055 -14.034727096557617 2.200000047683716
endloop
endfacet
facet normal 1 0 0
outer loop
vertex -47.04999923706055 -14.034727096557617 2.200000047683716
vertex -47.04999923706055 0.06527330726385117 2.9000000953674316
vertex -47.04999923706055 -14.034727096557617 2.9000000953674316
endloop
endfacet
facet normal 0 -1 0
outer loop
vertex -47.04999923706055 0.06527330726385117 2.200000047683716
vertex -32.95000076293945 0.06527330726385117 2.9000000953674316
vertex -47.04999923706055 0.06527330726385117 2.9000000953674316
endloop
endfacet
facet normal -1 0 0
outer loop
vertex -32.95000076293945 -14.034727096557617 2.9000000953674316
vertex -32.95000076293945 0.06527330726385117 2.200000047683716
vertex -32.95000076293945 -14.034727096557617 2.200000047683716
endloop
endfacet
facet normal 0 1 0
outer loop
vertex -32.95000076293945 -14.034727096557617 2.200000047683716
vertex -47.04999923706055 -14.034727096557617 2.9000000953674316
vertex -32.95000076293945 -14.034727096557617 2.9000000953674316
endloop
endfacet
facet normal 0 -1 0
outer loop
vertex -32.95000076293945 0.06527330726385117 2.9000000953674316
vertex -47.04999923706055 0.06527330726385117 2.200000047683716
vertex -32.95000076293945 0.06527330726385117 2.200000047683716
endloop
endfacet
facet normal 0 -1 0
outer loop
vertex 32.150001525878906 1.1652733087539673 2.9000000953674316
vertex 32.150001525878906 1.1652733087539673 2.200000047683716
vertex 47.849998474121094 1.1652733087539673 2.200000047683716
endloop
endfacet
facet normal -1 0 0
outer loop
vertex 32.150001525878906 16.865272521972656 2.9000000953674316
vertex 32.150001525878906 16.865272521972656 2.200000047683716
vertex 32.150001525878906 1.1652733087539673 2.200000047683716
endloop
endfacet
facet normal 0 0 1
outer loop
vertex 47.04999923706055 16.06527328491211 2.9000000953674316
vertex 47.04999923706055 1.9652732610702515 2.9000000953674316
vertex 47.849998474121094 16.865272521972656 2.9000000953674316
endloop
endfacet
facet normal 1 0 0
outer loop
vertex 47.849998474121094 1.1652733087539673 2.9000000953674316
vertex 47.849998474121094 16.865272521972656 2.200000047683716
vertex 47.849998474121094 16.865272521972656 2.9000000953674316
endloop
endfacet
facet normal 0 0 1
outer loop
vertex 47.04999923706055 1.9652732610702515 2.9000000953674316
vertex 32.95000076293945 1.9652732610702515 2.9000000953674316
vertex 32.150001525878906 1.1652733087539673 2.9000000953674316
endloop
endfacet
facet normal -1 0 0
outer loop
vertex 32.150001525878906 1.1652733087539673 2.9000000953674316
vertex 32.150001525878906 16.865272521972656 2.9000000953674316
vertex 32.150001525878906 1.1652733087539673 2.200000047683716
endloop
endfacet
facet normal 0 0 1
outer loop
vertex 47.04999923706055 1.9652732610702515 2.9000000953674316
vertex 47.849998474121094 1.1652733087539673 2.9000000953674316
vertex 47.849998474121094 16.865272521972656 2.9000000953674316
endloop
endfacet
facet normal 1 0 0
outer loop
vertex 47.849998474121094 16.865272521972656 2.200000047683716
vertex 47.849998474121094 1.1652733087539673 2.9000000953674316
vertex 47.849998474121094 1.1652733087539673 2.200000047683716
endloop
endfacet
facet normal 0 0 1
outer loop
vertex 47.849998474121094 16.865272521972656 2.9000000953674316
vertex 32.95000076293945 16.06527328491211 2.9000000953674316
vertex 47.04999923706055 16.06527328491211 2.9000000953674316
endloop
endfacet
facet normal 0 1 0
outer loop
vertex 47.849998474121094 16.865272521972656 2.9000000953674316
vertex 47.849998474121094 16.865272521972656 2.200000047683716
vertex 32.150001525878906 16.865272521972656 2.200000047683716
endloop
endfacet
facet normal 0 0 1
outer loop
vertex 32.95000076293945 1.9652732610702515 2.9000000953674316
vertex 32.95000076293945 16.06527328491211 2.9000000953674316
vertex 32.150001525878906 1.1652733087539673 2.9000000953674316
endloop
endfacet
facet normal 0 0 1
outer loop
vertex 47.849998474121094 16.865272521972656 2.9000000953674316
vertex 32.150001525878906 16.865272521972656 2.9000000953674316
vertex 32.95000076293945 16.06527328491211 2.9000000953674316
endloop
endfacet
facet normal 0 1 0
outer loop
vertex 47.849998474121094 16.865272521972656 2.9000000953674316
vertex 32.150001525878906 16.865272521972656 2.200000047683716
vertex 32.150001525878906 16.865272521972656 2.9000000953674316
endloop
endfacet
facet normal 0 0 1
outer loop
vertex 32.150001525878906 16.865272521972656 2.9000000953674316
vertex 32.150001525878906 1.1652733087539673 2.9000000953674316
vertex 32.95000076293945 16.06527328491211 2.9000000953674316
endloop
endfacet
facet normal 0 -1 0
outer loop
vertex 32.150001525878906 1.1652733087539673 2.9000000953674316
vertex 47.849998474121094 1.1652733087539673 2.200000047683716
vertex 47.849998474121094 1.1652733087539673 2.9000000953674316
endloop
endfacet
facet normal 0 0 1
outer loop
vertex 47.04999923706055 1.9652732610702515 2.9000000953674316
vertex 32.150001525878906 1.1652733087539673 2.9000000953674316
vertex 47.849998474121094 1.1652733087539673 2.9000000953674316
endloop
endfacet
facet normal 0 1 0
outer loop
vertex 32.95000076293945 1.9652732610702515 2.9000000953674316
vertex 47.04999923706055 1.9652732610702515 2.200000047683716
vertex 32.95000076293945 1.9652732610702515 2.200000047683716
endloop
endfacet
facet normal -1 0 0
outer loop
vertex 47.04999923706055 16.06527328491211 2.200000047683716
vertex 47.04999923706055 1.9652732610702515 2.9000000953674316
vertex 47.04999923706055 16.06527328491211 2.9000000953674316
endloop
endfacet
facet normal -1 0 0
outer loop
vertex 47.04999923706055 1.9652732610702515 2.200000047683716
vertex 47.04999923706055 1.9652732610702515 2.9000000953674316
vertex 47.04999923706055 16.06527328491211 2.200000047683716
endloop
endfacet
facet normal 1 0 0
outer loop
vertex 32.95000076293945 1.9652732610702515 2.200000047683716
vertex 32.95000076293945 16.06527328491211 2.9000000953674316
vertex 32.95000076293945 1.9652732610702515 2.9000000953674316
endloop
endfacet
facet normal 0 -1 0
outer loop
vertex 47.04999923706055 16.06527328491211 2.9000000953674316
vertex 32.95000076293945 16.06527328491211 2.200000047683716
vertex 47.04999923706055 16.06527328491211 2.200000047683716
endloop
endfacet
facet normal 0 -1 0
outer loop
vertex 32.95000076293945 16.06527328491211 2.200000047683716
vertex 47.04999923706055 16.06527328491211 2.9000000953674316
vertex 32.95000076293945 16.06527328491211 2.9000000953674316
endloop
endfacet
facet normal 1 0 0
outer loop
vertex 32.95000076293945 16.06527328491211 2.9000000953674316
vertex 32.95000076293945 1.9652732610702515 2.200000047683716
vertex 32.95000076293945 16.06527328491211 2.200000047683716
endloop
endfacet
facet normal 0 1 0
outer loop
vertex 47.04999923706055 1.9652732610702515 2.200000047683716
vertex 32.95000076293945 1.9652732610702515 2.9000000953674316
vertex 47.04999923706055 1.9652732610702515 2.9000000953674316
endloop
endfacet
facet normal 0 1 0
outer loop
vertex 31.850000381469727 16.865272521972656 2.9000000953674316
vertex 31.850000381469727 16.865272521972656 2.200000047683716
vertex 16.149999618530273 16.865272521972656 2.200000047683716
endloop
endfacet
facet normal 0 0 1
outer loop
vertex 16.149999618530273 16.865272521972656 2.9000000953674316
vertex 16.149999618530273 1.1652733087539673 2.9000000953674316
vertex 16.950000762939453 16.06527328491211 2.9000000953674316
endloop
endfacet
facet normal 0 0 1
outer loop
vertex 31.049999237060547 1.9652732610702515 2.9000000953674316
vertex 16.149999618530273 1.1652733087539673 2.9000000953674316
vertex 31.850000381469727 1.1652733087539673 2.9000000953674316
endloop
endfacet
facet normal 0 -1 0
outer loop
vertex 16.149999618530273 1.1652733087539673 2.9000000953674316
vertex 31.850000381469727 1.1652733087539673 2.200000047683716
vertex 31.850000381469727 1.1652733087539673 2.9000000953674316
endloop
endfacet
facet normal 0 0 1
outer loop
vertex 16.950000762939453 1.9652732610702515 2.9000000953674316
vertex 16.950000762939453 16.06527328491211 2.9000000953674316
vertex 16.149999618530273 1.1652733087539673 2.9000000953674316
endloop
endfacet
facet normal -1 0 0
outer loop
vertex 16.149999618530273 16.865272521972656 2.9000000953674316
vertex 16.149999618530273 1.1652733087539673 2.200000047683716
vertex 16.149999618530273 1.1652733087539673 2.9000000953674316
endloop
endfacet
facet normal 0 0 1
outer loop
vertex 16.950000762939453 1.9652732610702515 2.9000000953674316
vertex 16.149999618530273 1.1652733087539673 2.9000000953674316
vertex 31.049999237060547 1.9652732610702515 2.9000000953674316
endloop
endfacet
facet normal 1 0 0
outer loop
vertex 31.850000381469727 16.865272521972656 2.9000000953674316
vertex 31.850000381469727 1.1652733087539673 2.9000000953674316
vertex 31.850000381469727 16.865272521972656 2.200000047683716
endloop
endfacet
facet normal 0 0 1
outer loop
vertex 31.049999237060547 16.06527328491211 2.9000000953674316
vertex 31.049999237060547 1.9652732610702515 2.9000000953674316
vertex 31.850000381469727 16.865272521972656 2.9000000953674316
endloop
endfacet
facet normal 0 0 1
outer loop
vertex 31.049999237060547 1.9652732610702515 2.9000000953674316
vertex 31.850000381469727 1.1652733087539673 2.9000000953674316
vertex 31.850000381469727 16.865272521972656 2.9000000953674316
endloop
endfacet
facet normal 0 1 0
outer loop
vertex 31.850000381469727 16.865272521972656 2.9000000953674316
vertex 16.149999618530273 16.865272521972656 2.200000047683716
vertex 16.149999618530273 16.865272521972656 2.9000000953674316
endloop
endfacet
facet normal 0 0 1
outer loop
vertex 31.850000381469727 16.865272521972656 2.9000000953674316
vertex 16.149999618530273 16.865272521972656 2.9000000953674316
vertex 16.950000762939453 16.06527328491211 2.9000000953674316
endloop
endfacet
facet normal 1 0 0
outer loop
vertex 31.850000381469727 1.1652733087539673 2.9000000953674316
vertex 31.850000381469727 1.1652733087539673 2.200000047683716
vertex 31.850000381469727 16.865272521972656 2.200000047683716
endloop
endfacet
facet normal 0 -1 0
outer loop
vertex 16.149999618530273 1.1652733087539673 2.9000000953674316
vertex 16.149999618530273 1.1652733087539673 2.200000047683716
vertex 31.850000381469727 1.1652733087539673 2.200000047683716
endloop
endfacet
facet normal 0 0 1
outer loop
vertex 31.850000381469727 16.865272521972656 2.9000000953674316
vertex 16.950000762939453 16.06527328491211 2.9000000953674316
vertex 31.049999237060547 16.06527328491211 2.9000000953674316
endloop
endfacet
facet normal -1 0 0
outer loop
vertex 16.149999618530273 16.865272521972656 2.9000000953674316
vertex 16.149999618530273 16.865272521972656 2.200000047683716
vertex 16.149999618530273 1.1652733087539673 2.200000047683716
endloop
endfacet
facet normal 1 0 0
outer loop
vertex 16.950000762939453 16.06527328491211 2.9000000953674316
vertex 16.950000762939453 1.9652732610702515 2.200000047683716
vertex 16.950000762939453 16.06527328491211 2.200000047683716
endloop
endfacet
facet normal 0 1 0
outer loop
vertex 31.049999237060547 1.9652732610702515 2.200000047683716
vertex 16.950000762939453 1.9652732610702515 2.9000000953674316
vertex 31.049999237060547 1.9652732610702515 2.9000000953674316
endloop
endfacet
facet normal 1 0 0
outer loop
vertex 16.950000762939453 1.9652732610702515 2.200000047683716
vertex 16.950000762939453 16.06527328491211 2.9000000953674316
vertex 16.950000762939453 1.9652732610702515 2.9000000953674316
endloop
endfacet
facet normal 0 1 0
outer loop
vertex 16.950000762939453 1.9652732610702515 2.9000000953674316
vertex 31.049999237060547 1.9652732610702515 2.200000047683716
vertex 16.950000762939453 1.9652732610702515 2.200000047683716
endloop
endfacet
facet normal -1 0 0
outer loop
vertex 31.049999237060547 16.06527328491211 2.200000047683716
vertex 31.049999237060547 1.9652732610702515 2.9000000953674316
vertex 31.049999237060547 16.06527328491211 2.9000000953674316
endloop
endfacet
facet normal 0 -1 0
outer loop
vertex 16.950000762939453 16.06527328491211 2.200000047683716
vertex 31.049999237060547 16.06527328491211 2.9000000953674316
vertex 16.950000762939453 16.06527328491211 2.9000000953674316
endloop
endfacet
facet normal 0 -1 0
outer loop
vertex 31.049999237060547 16.06527328491211 2.9000000953674316
vertex 16.950000762939453 16.06527328491211 2.200000047683716
vertex 31.049999237060547 16.06527328491211 2.200000047683716
endloop
endfacet
facet normal -1 0 0
outer loop
vertex 31.049999237060547 1.9652732610702515 2.9000000953674316
vertex 31.049999237060547 16.06527328491211 2.200000047683716
vertex 31.049999237060547 1.9652732610702515 2.200000047683716
endloop
endfacet
facet normal 0 0 1
outer loop
vertex 15.850000381469727 16.865272521972656 2.9000000953674316
vertex 0.949999988079071 16.06527328491211 2.9000000953674316
vertex 15.050000190734863 16.06527328491211 2.9000000953674316
endloop
endfacet
facet normal 1 0 0
outer loop
vertex 15.850000381469727 16.865272521972656 2.9000000953674316
vertex 15.850000381469727 1.1652733087539673 2.9000000953674316
vertex 15.850000381469727 16.865272521972656 2.200000047683716
endloop
endfacet
facet normal 0 -1 0
outer loop
vertex 0.15000000596046448 1.1652733087539673 2.9000000953674316
vertex 15.850000381469727 1.1652733087539673 2.200000047683716
vertex 15.850000381469727 1.1652733087539673 2.9000000953674316
endloop
endfacet
facet normal 0 0 1
outer loop
vertex 15.050000190734863 1.9652732610702515 2.9000000953674316
vertex 0.15000000596046448 1.1652733087539673 2.9000000953674316
vertex 15.850000381469727 1.1652733087539673 2.9000000953674316
endloop
endfacet
facet normal -1 0 0
outer loop
vertex 0.15000000596046448 16.865272521972656 2.9000000953674316
vertex 0.15000000596046448 16.865272521972656 2.200000047683716
vertex 0.15000000596046448 1.1652733087539673 2.200000047683716
endloop
endfacet
facet normal 0 0 1
outer loop
vertex 0.15000000596046448 16.865272521972656 2.9000000953674316
vertex 0.15000000596046448 1.1652733087539673 2.9000000953674316
vertex 0.949999988079071 16.06527328491211 2.9000000953674316
endloop
endfacet
facet normal 0 1 0
outer loop
vertex 15.850000381469727 16.865272521972656 2.9000000953674316
vertex 0.15000000596046448 16.865272521972656 2.200000047683716
vertex 0.15000000596046448 16.865272521972656 2.9000000953674316
endloop
endfacet
facet normal -1 0 0
outer loop
vertex 0.15000000596046448 16.865272521972656 2.9000000953674316
vertex 0.15000000596046448 1.1652733087539673 2.200000047683716
vertex 0.15000000596046448 1.1652733087539673 2.9000000953674316
endloop
endfacet
facet normal 0 1 0
outer loop
vertex 15.850000381469727 16.865272521972656 2.9000000953674316
vertex 15.850000381469727 16.865272521972656 2.200000047683716
vertex 0.15000000596046448 16.865272521972656 2.200000047683716
endloop
endfacet
facet normal 0 0 1
outer loop
vertex 15.050000190734863 1.9652732610702515 2.9000000953674316
vertex 0.949999988079071 1.9652732610702515 2.9000000953674316
vertex 0.15000000596046448 1.1652733087539673 2.9000000953674316
endloop
endfacet
facet normal 1 0 0
outer loop
vertex 15.850000381469727 1.1652733087539673 2.9000000953674316
vertex 15.850000381469727 1.1652733087539673 2.200000047683716
vertex 15.850000381469727 16.865272521972656 2.200000047683716
endloop
endfacet
facet normal 0 0 1
outer loop
vertex 15.850000381469727 16.865272521972656 2.9000000953674316
vertex 0.15000000596046448 16.865272521972656 2.9000000953674316
vertex 0.949999988079071 16.06527328491211 2.9000000953674316
endloop
endfacet
facet normal 0 0 1
outer loop
vertex 15.050000190734863 1.9652732610702515 2.9000000953674316
vertex 15.850000381469727 1.1652733087539673 2.9000000953674316
vertex 15.850000381469727 16.865272521972656 2.9000000953674316
endloop
endfacet
facet normal 0 -1 0
outer loop
vertex 0.15000000596046448 1.1652733087539673 2.9000000953674316
vertex 0.15000000596046448 1.1652733087539673 2.200000047683716
vertex 15.850000381469727 1.1652733087539673 2.200000047683716
endloop
endfacet
facet normal 0 0 1
outer loop
vertex 15.050000190734863 16.06527328491211 2.9000000953674316
vertex 15.050000190734863 1.9652732610702515 2.9000000953674316
vertex 15.850000381469727 16.865272521972656 2.9000000953674316
endloop
endfacet
facet normal 0 0 1
outer loop
vertex 0.949999988079071 1.9652732610702515 2.9000000953674316
vertex 0.949999988079071 16.06527328491211 2.9000000953674316
vertex 0.15000000596046448 1.1652733087539673 2.9000000953674316
endloop
endfacet
facet normal -1 0 0
outer loop
vertex 15.050000190734863 16.06527328491211 2.200000047683716
vertex 15.050000190734863 1.9652732610702515 2.9000000953674316
vertex 15.050000190734863 16.06527328491211 2.9000000953674316
endloop
endfacet
facet normal 0 1 0
outer loop
vertex 15.050000190734863 1.9652732610702515 2.200000047683716
vertex 0.949999988079071 1.9652732610702515 2.9000000953674316
vertex 15.050000190734863 1.9652732610702515 2.9000000953674316
endloop
endfacet
facet normal -1 0 0
outer loop
vertex 15.050000190734863 1.9652732610702515 2.9000000953674316
vertex 15.050000190734863 16.06527328491211 2.200000047683716
vertex 15.050000190734863 1.9652732610702515 2.200000047683716
endloop
endfacet
facet normal 0 -1 0
outer loop
vertex 0.949999988079071 16.06527328491211 2.200000047683716
vertex 15.050000190734863 16.06527328491211 2.9000000953674316
vertex 0.949999988079071 16.06527328491211 2.9000000953674316
endloop
endfacet
facet normal 1 0 0
outer loop
vertex 0.949999988079071 1.9652732610702515 2.200000047683716
vertex 0.949999988079071 16.06527328491211 2.9000000953674316
vertex 0.949999988079071 1.9652732610702515 2.9000000953674316
endloop
endfacet
facet normal 0 -1 0
outer loop
vertex 15.050000190734863 16.06527328491211 2.9000000953674316
vertex 0.949999988079071 16.06527328491211 2.200000047683716
vertex 15.050000190734863 16.06527328491211 2.200000047683716
endloop
endfacet
facet normal 0 1 0
outer loop
vertex 0.949999988079071 1.9652732610702515 2.9000000953674316
vertex 15.050000190734863 1.9652732610702515 2.200000047683716
vertex 0.949999988079071 1.9652732610702515 2.200000047683716
endloop
endfacet
facet normal 1 0 0
outer loop
vertex 0.949999988079071 16.06527328491211 2.9000000953674316
vertex 0.949999988079071 1.9652732610702515 2.200000047683716
vertex 0.949999988079071 16.06527328491211 2.200000047683716
endloop
endfacet
facet normal 1 0 0
outer loop
vertex -0.15000000596046448 16.865272521972656 2.9000000953674316
vertex -0.15000000596046448 1.1652733087539673 2.9000000953674316
vertex -0.15000000596046448 16.865272521972656 2.200000047683716
endloop
endfacet
facet normal 0 0 1
outer loop
vertex -15.850000381469727 16.865272521972656 2.9000000953674316
vertex -15.850000381469727 1.1652733087539673 2.9000000953674316
vertex -15.050000190734863 16.06527328491211 2.9000000953674316
endloop
endfacet
facet normal 0 0 1
outer loop
vertex -0.949999988079071 1.9652732610702515 2.9000000953674316
vertex -15.050000190734863 1.9652732610702515 2.9000000953674316
vertex -15.850000381469727 1.1652733087539673 2.9000000953674316
endloop
endfacet
facet normal 0 -1 0
outer loop
vertex -15.850000381469727 1.1652733087539673 2.9000000953674316
vertex -0.15000000596046448 1.1652733087539673 2.200000047683716
vertex -0.15000000596046448 1.1652733087539673 2.9000000953674316
endloop
endfacet
facet normal 0 1 0
outer loop
vertex -0.15000000596046448 16.865272521972656 2.9000000953674316
vertex -15.850000381469727 16.865272521972656 2.200000047683716
vertex -15.850000381469727 16.865272521972656 2.9000000953674316
endloop
endfacet
facet normal 0 0 1
outer loop
vertex -0.15000000596046448 16.865272521972656 2.9000000953674316
vertex -15.050000190734863 16.06527328491211 2.9000000953674316
vertex -0.949999988079071 16.06527328491211 2.9000000953674316
endloop
endfacet
facet normal -1 0 0
outer loop
vertex -15.850000381469727 16.865272521972656 2.9000000953674316
vertex -15.850000381469727 16.865272521972656 2.200000047683716
vertex -15.850000381469727 1.1652733087539673 2.200000047683716
endloop
endfacet
facet normal 1 0 0
outer loop
vertex -0.15000000596046448 1.1652733087539673 2.9000000953674316
vertex -0.15000000596046448 1.1652733087539673 2.200000047683716
vertex -0.15000000596046448 16.865272521972656 2.200000047683716
endloop
endfacet
facet normal -1 0 0
outer loop
vertex -15.850000381469727 16.865272521972656 2.9000000953674316
vertex -15.850000381469727 1.1652733087539673 2.200000047683716
vertex -15.850000381469727 1.1652733087539673 2.9000000953674316
endloop
endfacet
facet normal 0 1 0
outer loop
vertex -0.15000000596046448 16.865272521972656 2.9000000953674316
vertex -0.15000000596046448 16.865272521972656 2.200000047683716
vertex -15.850000381469727 16.865272521972656 2.200000047683716
endloop
endfacet
facet normal 0 0 1
outer loop
vertex -0.949999988079071 1.9652732610702515 2.9000000953674316
vertex -0.15000000596046448 1.1652733087539673 2.9000000953674316
vertex -0.15000000596046448 16.865272521972656 2.9000000953674316
endloop
endfacet
facet normal 0 0 1
outer loop
vertex -15.050000190734863 1.9652732610702515 2.9000000953674316
vertex -15.050000190734863 16.06527328491211 2.9000000953674316
vertex -15.850000381469727 1.1652733087539673 2.9000000953674316
endloop
endfacet
facet normal 0 -1 0
outer loop
vertex -15.850000381469727 1.1652733087539673 2.9000000953674316
vertex -15.850000381469727 1.1652733087539673 2.200000047683716
vertex -0.15000000596046448 1.1652733087539673 2.200000047683716
endloop
endfacet
facet normal 0 0 1
outer loop
vertex -0.949999988079071 16.06527328491211 2.9000000953674316
vertex -0.949999988079071 1.9652732610702515 2.9000000953674316
vertex -0.15000000596046448 16.865272521972656 2.9000000953674316
endloop
endfacet
facet normal 0 0 1
outer loop
vertex -0.949999988079071 1.9652732610702515 2.9000000953674316
vertex -15.850000381469727 1.1652733087539673 2.9000000953674316
vertex -0.15000000596046448 1.1652733087539673 2.9000000953674316
endloop
endfacet
facet normal 0 0 1
outer loop
vertex -0.15000000596046448 16.865272521972656 2.9000000953674316
vertex -15.850000381469727 16.865272521972656 2.9000000953674316
vertex -15.050000190734863 16.06527328491211 2.9000000953674316
endloop
endfacet
facet normal -1 0 0
outer loop
vertex -0.949999988079071 1.9652732610702515 2.9000000953674316
vertex -0.949999988079071 16.06527328491211 2.200000047683716
vertex -0.949999988079071 1.9652732610702515 2.200000047683716
endloop
endfacet
facet normal 0 1 0
outer loop
vertex -15.050000190734863 1.9652732610702515 2.9000000953674316
vertex -0.949999988079071 1.9652732610702515 2.200000047683716
vertex -15.050000190734863 1.9652732610702515 2.200000047683716
endloop
endfacet
facet normal 0 -1 0
outer loop
vertex -15.050000190734863 16.06527328491211 2.200000047683716
vertex -0.949999988079071 16.06527328491211 2.9000000953674316
vertex -15.050000190734863 16.06527328491211 2.9000000953674316
endloop
endfacet
facet normal 1 0 0
outer loop
vertex -15.050000190734863 1.9652732610702515 2.200000047683716
vertex -15.050000190734863 16.06527328491211 2.9000000953674316
vertex -15.050000190734863 1.9652732610702515 2.9000000953674316
endloop
endfacet
facet normal 0 -1 0
outer loop
vertex -0.949999988079071 16.06527328491211 2.9000000953674316
vertex -15.050000190734863 16.06527328491211 2.200000047683716
vertex -0.949999988079071 16.06527328491211 2.200000047683716
endloop
endfacet
facet normal 1 0 0
outer loop
vertex -15.050000190734863 16.06527328491211 2.9000000953674316
vertex -15.050000190734863 1.9652732610702515 2.200000047683716
vertex -15.050000190734863 16.06527328491211 2.200000047683716
endloop
endfacet
facet normal 0 1 0
outer loop
vertex -0.949999988079071 1.9652732610702515 2.200000047683716
vertex -15.050000190734863 1.9652732610702515 2.9000000953674316
vertex -0.949999988079071 1.9652732610702515 2.9000000953674316
endloop
endfacet
facet normal -1 0 0
outer loop
vertex -0.949999988079071 16.06527328491211 2.200000047683716
vertex -0.949999988079071 1.9652732610702515 2.9000000953674316
vertex -0.949999988079071 16.06527328491211 2.9000000953674316
endloop
endfacet
facet normal 1 0 0
outer loop
vertex -16.149999618530273 1.1652733087539673 2.9000000953674316
vertex -16.149999618530273 1.1652733087539673 2.200000047683716
vertex -16.149999618530273 16.865272521972656 2.200000047683716
endloop
endfacet
facet normal 0 0 1
outer loop
vertex -16.149999618530273 16.865272521972656 2.9000000953674316
vertex -31.850000381469727 16.865272521972656 2.9000000953674316
vertex -31.049999237060547 16.06527328491211 2.9000000953674316
endloop
endfacet
facet normal 0 0 1
outer loop
vertex -31.850000381469727 16.865272521972656 2.9000000953674316
vertex -31.850000381469727 1.1652733087539673 2.9000000953674316
vertex -31.049999237060547 16.06527328491211 2.9000000953674316
endloop
endfacet
facet normal 0 0 1
outer loop
vertex -31.049999237060547 1.9652732610702515 2.9000000953674316
vertex -31.049999237060547 16.06527328491211 2.9000000953674316
vertex -31.850000381469727 1.1652733087539673 2.9000000953674316
endloop
endfacet
facet normal -1 0 0
outer loop
vertex -31.850000381469727 16.865272521972656 2.9000000953674316
vertex -31.850000381469727 16.865272521972656 2.200000047683716
vertex -31.850000381469727 1.1652733087539673 2.200000047683716
endloop
endfacet
facet normal 0 1 0
outer loop
vertex -16.149999618530273 16.865272521972656 2.9000000953674316
vertex -31.850000381469727 16.865272521972656 2.200000047683716
vertex -31.850000381469727 16.865272521972656 2.9000000953674316
endloop
endfacet
facet normal 0 -1 0
outer loop
vertex -31.850000381469727 1.1652733087539673 2.9000000953674316
vertex -16.149999618530273 1.1652733087539673 2.200000047683716
vertex -16.149999618530273 1.1652733087539673 2.9000000953674316
endloop
endfacet
facet normal 0 0 1
outer loop
vertex -31.049999237060547 1.9652732610702515 2.9000000953674316
vertex -31.850000381469727 1.1652733087539673 2.9000000953674316
vertex -16.950000762939453 1.9652732610702515 2.9000000953674316
endloop
endfacet
facet normal -1 0 0
outer loop
vertex -31.850000381469727 16.865272521972656 2.9000000953674316
vertex -31.850000381469727 1.1652733087539673 2.200000047683716
vertex -31.850000381469727 1.1652733087539673 2.9000000953674316
endloop
endfacet
facet normal 0 1 0
outer loop
vertex -16.149999618530273 16.865272521972656 2.9000000953674316
vertex -16.149999618530273 16.865272521972656 2.200000047683716
vertex -31.850000381469727 16.865272521972656 2.200000047683716
endloop
endfacet
facet normal 0 -1 0
outer loop
vertex -31.850000381469727 1.1652733087539673 2.9000000953674316
vertex -31.850000381469727 1.1652733087539673 2.200000047683716
vertex -16.149999618530273 1.1652733087539673 2.200000047683716
endloop
endfacet
facet normal 1 0 0
outer loop
vertex -16.149999618530273 16.865272521972656 2.9000000953674316
vertex -16.149999618530273 1.1652733087539673 2.9000000953674316
vertex -16.149999618530273 16.865272521972656 2.200000047683716
endloop
endfacet
facet normal 0 0 1
outer loop
vertex -16.149999618530273 16.865272521972656 2.9000000953674316
vertex -31.049999237060547 16.06527328491211 2.9000000953674316
vertex -16.950000762939453 16.06527328491211 2.9000000953674316
endloop
endfacet
facet normal 0 0 1
outer loop
vertex -16.950000762939453 1.9652732610702515 2.9000000953674316
vertex -16.149999618530273 1.1652733087539673 2.9000000953674316
vertex -16.149999618530273 16.865272521972656 2.9000000953674316
endloop
endfacet
facet normal 0 0 1
outer loop
vertex -16.950000762939453 1.9652732610702515 2.9000000953674316
vertex -31.850000381469727 1.1652733087539673 2.9000000953674316
vertex -16.149999618530273 1.1652733087539673 2.9000000953674316
endloop
endfacet
facet normal 0 0 1
outer loop
vertex -16.950000762939453 16.06527328491211 2.9000000953674316
vertex -16.950000762939453 1.9652732610702515 2.9000000953674316
vertex -16.149999618530273 16.865272521972656 2.9000000953674316
endloop
endfacet
facet normal 0 -1 0
outer loop
vertex -16.950000762939453 16.06527328491211 2.9000000953674316
vertex -31.049999237060547 16.06527328491211 2.200000047683716
vertex -16.950000762939453 16.06527328491211 2.200000047683716
endloop
endfacet
facet normal 1 0 0
outer loop
vertex -31.049999237060547 16.06527328491211 2.9000000953674316
vertex -31.049999237060547 1.9652732610702515 2.200000047683716
vertex -31.049999237060547 16.06527328491211 2.200000047683716
endloop
endfacet
facet normal -1 0 0
outer loop
vertex -16.950000762939453 16.06527328491211 2.200000047683716
vertex -16.950000762939453 1.9652732610702515 2.9000000953674316
vertex -16.950000762939453 16.06527328491211 2.9000000953674316
endloop
endfacet
facet normal -1 0 0
outer loop
vertex -16.950000762939453 1.9652732610702515 2.9000000953674316
vertex -16.950000762939453 16.06527328491211 2.200000047683716
vertex -16.950000762939453 1.9652732610702515 2.200000047683716
endloop
endfacet
facet normal 0 1 0
outer loop
vertex -31.049999237060547 1.9652732610702515 2.9000000953674316
vertex -16.950000762939453 1.9652732610702515 2.200000047683716
vertex -31.049999237060547 1.9652732610702515 2.200000047683716
endloop
endfacet
facet normal 0 1 0
outer loop
vertex -16.950000762939453 1.9652732610702515 2.200000047683716
vertex -31.049999237060547 1.9652732610702515 2.9000000953674316
vertex -16.950000762939453 1.9652732610702515 2.9000000953674316
endloop
endfacet
facet normal 1 0 0
outer loop
vertex -31.049999237060547 1.9652732610702515 2.200000047683716
vertex -31.049999237060547 16.06527328491211 2.9000000953674316
vertex -31.049999237060547 1.9652732610702515 2.9000000953674316
endloop
endfacet
facet normal 0 -1 0
outer loop
vertex -31.049999237060547 16.06527328491211 2.200000047683716
vertex -16.950000762939453 16.06527328491211 2.9000000953674316
vertex -31.049999237060547 16.06527328491211 2.9000000953674316
endloop
endfacet
facet normal -1 0 0
outer loop
vertex -47.849998474121094 16.865272521972656 2.9000000953674316
vertex -47.849998474121094 1.1652733087539673 2.200000047683716
vertex -47.849998474121094 1.1652733087539673 2.9000000953674316
endloop
endfacet
facet normal 1 0 0
outer loop
vertex -32.150001525878906 16.865272521972656 2.9000000953674316
vertex -32.150001525878906 1.1652733087539673 2.9000000953674316
vertex -32.150001525878906 16.865272521972656 2.200000047683716
endloop
endfacet
facet normal 0 0 1
outer loop
vertex -32.95000076293945 16.06527328491211 2.9000000953674316
vertex -32.95000076293945 1.9652732610702515 2.9000000953674316
vertex -32.150001525878906 16.865272521972656 2.9000000953674316
endloop
endfacet
facet normal 0 0 1
outer loop
vertex -32.150001525878906 16.865272521972656 2.9000000953674316
vertex -47.849998474121094 16.865272521972656 2.9000000953674316
vertex -47.04999923706055 16.06527328491211 2.9000000953674316
endloop
endfacet
facet normal 0 0 1
outer loop
vertex -32.95000076293945 1.9652732610702515 2.9000000953674316
vertex -32.150001525878906 1.1652733087539673 2.9000000953674316
vertex -32.150001525878906 16.865272521972656 2.9000000953674316
endloop
endfacet
facet normal 0 1 0
outer loop
vertex -32.150001525878906 16.865272521972656 2.9000000953674316
vertex -32.150001525878906 16.865272521972656 2.200000047683716
vertex -47.849998474121094 16.865272521972656 2.200000047683716
endloop
endfacet
facet normal 0 0 1
outer loop
vertex -32.150001525878906 16.865272521972656 2.9000000953674316
vertex -47.04999923706055 16.06527328491211 2.9000000953674316
vertex -32.95000076293945 16.06527328491211 2.9000000953674316
endloop
endfacet
facet normal 1 0 0
outer loop
vertex -32.150001525878906 1.1652733087539673 2.9000000953674316
vertex -32.150001525878906 1.1652733087539673 2.200000047683716
vertex -32.150001525878906 16.865272521972656 2.200000047683716
endloop
endfacet
facet normal 0 0 1
outer loop
vertex -32.95000076293945 1.9652732610702515 2.9000000953674316
vertex -47.849998474121094 1.1652733087539673 2.9000000953674316
vertex -32.150001525878906 1.1652733087539673 2.9000000953674316
endloop
endfacet
facet normal 0 -1 0
outer loop
vertex -47.849998474121094 1.1652733087539673 2.9000000953674316
vertex -47.849998474121094 1.1652733087539673 2.200000047683716
vertex -32.150001525878906 1.1652733087539673 2.200000047683716
endloop
endfacet
facet normal 0 0 1
outer loop
vertex -47.849998474121094 16.865272521972656 2.9000000953674316
vertex -47.849998474121094 1.1652733087539673 2.9000000953674316
vertex -47.04999923706055 16.06527328491211 2.9000000953674316
endloop
endfacet
facet normal 0 1 0
outer loop
vertex -32.150001525878906 16.865272521972656 2.9000000953674316
vertex -47.849998474121094 16.865272521972656 2.200000047683716
vertex -47.849998474121094 16.865272521972656 2.9000000953674316
endloop
endfacet
facet normal -1 0 0
outer loop
vertex -47.849998474121094 16.865272521972656 2.9000000953674316
vertex -47.849998474121094 16.865272521972656 2.200000047683716
vertex -47.849998474121094 1.1652733087539673 2.200000047683716
endloop
endfacet
facet normal 0 0 1
outer loop
vertex -47.04999923706055 1.9652732610702515 2.9000000953674316
vertex -47.04999923706055 16.06527328491211 2.9000000953674316
vertex -47.849998474121094 1.1652733087539673 2.9000000953674316
endloop
endfacet
facet normal 0 0 1
outer loop
vertex -32.95000076293945 1.9652732610702515 2.9000000953674316
vertex -47.04999923706055 1.9652732610702515 2.9000000953674316
vertex -47.849998474121094 1.1652733087539673 2.9000000953674316
endloop
endfacet
facet normal 0 -1 0
outer loop
vertex -47.849998474121094 1.1652733087539673 2.9000000953674316
vertex -32.150001525878906 1.1652733087539673 2.200000047683716
vertex -32.150001525878906 1.1652733087539673 2.9000000953674316
endloop
endfacet
facet normal -1 0 0
outer loop
vertex -32.95000076293945 16.06527328491211 2.200000047683716
vertex -32.95000076293945 1.9652732610702515 2.9000000953674316
vertex -32.95000076293945 16.06527328491211 2.9000000953674316
endloop
endfacet
facet normal 0 -1 0
outer loop
vertex -32.95000076293945 16.06527328491211 2.9000000953674316
vertex -47.04999923706055 16.06527328491211 2.200000047683716
vertex -32.95000076293945 16.06527328491211 2.200000047683716
endloop
endfacet
facet normal -1 0 0
outer loop
vertex -32.95000076293945 1.9652732610702515 2.9000000953674316
vertex -32.95000076293945 16.06527328491211 2.200000047683716
vertex -32.95000076293945 1.9652732610702515 2.200000047683716
endloop
endfacet
facet normal 0 -1 0
outer loop
vertex -47.04999923706055 16.06527328491211 2.200000047683716
vertex -32.95000076293945 16.06527328491211 2.9000000953674316
vertex -47.04999923706055 16.06527328491211 2.9000000953674316
endloop
endfacet
facet normal 1 0 0
outer loop
vertex -47.04999923706055 16.06527328491211 2.200000047683716
vertex -47.04999923706055 16.06527328491211 2.9000000953674316
vertex -47.04999923706055 1.9652732610702515 2.200000047683716
endloop
endfacet
facet normal 0 1 0
outer loop
vertex -47.04999923706055 1.9652732610702515 2.9000000953674316
vertex -32.95000076293945 1.9652732610702515 2.200000047683716
vertex -47.04999923706055 1.9652732610702515 2.200000047683716
endloop
endfacet
facet normal 1 0 0
outer loop
vertex -47.04999923706055 1.9652732610702515 2.200000047683716
vertex -47.04999923706055 16.06527328491211 2.9000000953674316
vertex -47.04999923706055 1.9652732610702515 2.9000000953674316
endloop
endfacet
facet normal 0 1 0
outer loop
vertex -32.95000076293945 1.9652732610702515 2.200000047683716
vertex -47.04999923706055 1.9652732610702515 2.9000000953674316
vertex -32.95000076293945 1.9652732610702515 2.9000000953674316
endloop
endfacet
facet normal 1 0 0
outer loop
vertex 47.849998474121094 32.865272521972656 2.9000000953674316
vertex 47.849998474121094 17.165273666381836 2.9000000953674316
vertex 47.849998474121094 32.865272521972656 2.200000047683716
endloop
endfacet
facet normal 0 0 1
outer loop
vertex 47.04999923706055 17.965272903442383 2.9000000953674316
vertex 47.849998474121094 17.165273666381836 2.9000000953674316
vertex 47.849998474121094 32.865272521972656 2.9000000953674316
endloop
endfacet
facet normal 0 0 1
outer loop
vertex 47.04999923706055 17.965272903442383 2.9000000953674316
vertex 32.150001525878906 17.165273666381836 2.9000000953674316
vertex 47.849998474121094 17.165273666381836 2.9000000953674316
endloop
endfacet
facet normal 0 0 1
outer loop
vertex 32.95000076293945 17.965272903442383 2.9000000953674316
vertex 32.95000076293945 32.06527328491211 2.9000000953674316
vertex 32.150001525878906 17.165273666381836 2.9000000953674316
endloop
endfacet
facet normal -1 0 0
outer loop
vertex 32.150001525878906 17.165273666381836 2.9000000953674316
vertex 32.150001525878906 32.865272521972656 2.9000000953674316
vertex 32.150001525878906 17.165273666381836 2.200000047683716
endloop
endfacet
facet normal 1 0 0
outer loop
vertex 47.849998474121094 32.865272521972656 2.200000047683716
vertex 47.849998474121094 17.165273666381836 2.9000000953674316
vertex 47.849998474121094 17.165273666381836 2.200000047683716
endloop
endfacet
facet normal -1 0 0
outer loop
vertex 32.150001525878906 32.865272521972656 2.9000000953674316
vertex 32.150001525878906 32.865272521972656 2.200000047683716
vertex 32.150001525878906 17.165273666381836 2.200000047683716
endloop
endfacet
facet normal 0 0 1
outer loop
vertex 32.150001525878906 32.865272521972656 2.9000000953674316
vertex 32.150001525878906 17.165273666381836 2.9000000953674316
vertex 32.95000076293945 32.06527328491211 2.9000000953674316
endloop
endfacet
facet normal 0 0 1
outer loop
vertex 47.849998474121094 32.865272521972656 2.9000000953674316
vertex 32.150001525878906 32.865272521972656 2.9000000953674316
vertex 32.95000076293945 32.06527328491211 2.9000000953674316
endloop
endfacet
facet normal 0 0 1
outer loop
vertex 47.849998474121094 32.865272521972656 2.9000000953674316
vertex 32.95000076293945 32.06527328491211 2.9000000953674316
vertex 47.04999923706055 32.06527328491211 2.9000000953674316
endloop
endfacet
facet normal 0 -1 0
outer loop
vertex 32.150001525878906 17.165273666381836 2.9000000953674316
vertex 32.150001525878906 17.165273666381836 2.200000047683716
vertex 47.849998474121094 17.165273666381836 2.200000047683716
endloop
endfacet
facet normal 0 1 0
outer loop
vertex 47.849998474121094 32.865272521972656 2.9000000953674316
vertex 32.150001525878906 32.865272521972656 2.200000047683716
vertex 32.150001525878906 32.865272521972656 2.9000000953674316
endloop
endfacet
facet normal 0 1 0
outer loop
vertex 47.849998474121094 32.865272521972656 2.9000000953674316
vertex 47.849998474121094 32.865272521972656 2.200000047683716
vertex 32.150001525878906 32.865272521972656 2.200000047683716
endloop
endfacet
facet normal 0 0 1
outer loop
vertex 47.04999923706055 17.965272903442383 2.9000000953674316
vertex 32.95000076293945 17.965272903442383 2.9000000953674316
vertex 32.150001525878906 17.165273666381836 2.9000000953674316
endloop
endfacet
facet normal 0 0 1
outer loop
vertex 47.04999923706055 32.06527328491211 2.9000000953674316
vertex 47.04999923706055 17.965272903442383 2.9000000953674316
vertex 47.849998474121094 32.865272521972656 2.9000000953674316
endloop
endfacet
facet normal 0 -1 0
outer loop
vertex 32.150001525878906 17.165273666381836 2.9000000953674316
vertex 47.849998474121094 17.165273666381836 2.200000047683716
vertex 47.849998474121094 17.165273666381836 2.9000000953674316
endloop
endfacet
facet normal 1 0 0
outer loop
vertex 32.95000076293945 17.965272903442383 2.200000047683716
vertex 32.95000076293945 32.06527328491211 2.9000000953674316
vertex 32.95000076293945 17.965272903442383 2.9000000953674316
endloop
endfacet
facet normal -1 0 0
outer loop
vertex 47.04999923706055 32.06527328491211 2.200000047683716
vertex 47.04999923706055 17.965272903442383 2.9000000953674316
vertex 47.04999923706055 32.06527328491211 2.9000000953674316
endloop
endfacet
facet normal 0 1 0
outer loop
vertex 32.95000076293945 17.965272903442383 2.9000000953674316
vertex 47.04999923706055 17.965272903442383 2.200000047683716
vertex 32.95000076293945 17.965272903442383 2.200000047683716
endloop
endfacet
facet normal 1 0 0
outer loop
vertex 32.95000076293945 32.06527328491211 2.9000000953674316
vertex 32.95000076293945 17.965272903442383 2.200000047683716
vertex 32.95000076293945 32.06527328491211 2.200000047683716
endloop
endfacet
facet normal 0 -1 0
outer loop
vertex 32.95000076293945 32.06527328491211 2.200000047683716
vertex 47.04999923706055 32.06527328491211 2.9000000953674316
vertex 32.95000076293945 32.06527328491211 2.9000000953674316
endloop
endfacet
facet normal -1 0 0
outer loop
vertex 47.04999923706055 17.965272903442383 2.200000047683716
vertex 47.04999923706055 17.965272903442383 2.9000000953674316
vertex 47.04999923706055 32.06527328491211 2.200000047683716
endloop
endfacet
facet normal 0 -1 0
outer loop
vertex 47.04999923706055 32.06527328491211 2.9000000953674316
vertex 32.95000076293945 32.06527328491211 2.200000047683716
vertex 47.04999923706055 32.06527328491211 2.200000047683716
endloop
endfacet
facet normal 0 1 0
outer loop
vertex 47.04999923706055 17.965272903442383 2.200000047683716
vertex 32.95000076293945 17.965272903442383 2.9000000953674316
vertex 47.04999923706055 17.965272903442383 2.9000000953674316
endloop
endfacet
facet normal 0 0 1
outer loop
vertex 31.850000381469727 32.865272521972656 2.9000000953674316
vertex 16.950000762939453 32.06527328491211 2.9000000953674316
vertex 31.049999237060547 32.06527328491211 2.9000000953674316
endloop
endfacet
facet normal 0 0 1
outer loop
vertex 31.049999237060547 17.965272903442383 2.9000000953674316
vertex 16.149999618530273 17.165273666381836 2.9000000953674316
vertex 31.850000381469727 17.165273666381836 2.9000000953674316
endloop
endfacet
facet normal 0 0 1
outer loop
vertex 31.049999237060547 17.965272903442383 2.9000000953674316
vertex 31.850000381469727 17.165273666381836 2.9000000953674316
vertex 31.850000381469727 32.865272521972656 2.9000000953674316
endloop
endfacet
facet normal 0 0 1
outer loop
vertex 16.950000762939453 17.965272903442383 2.9000000953674316
vertex 16.149999618530273 17.165273666381836 2.9000000953674316
vertex 31.049999237060547 17.965272903442383 2.9000000953674316
endloop
endfacet
facet normal -1 0 0
outer loop
vertex 16.149999618530273 17.165273666381836 2.9000000953674316
vertex 16.149999618530273 32.865272521972656 2.9000000953674316
vertex 16.149999618530273 17.165273666381836 2.200000047683716
endloop
endfacet
facet normal 0 1 0
outer loop
vertex 31.850000381469727 32.865272521972656 2.9000000953674316
vertex 16.149999618530273 32.865272521972656 2.200000047683716
vertex 16.149999618530273 32.865272521972656 2.9000000953674316
endloop
endfacet
facet normal 1 0 0
outer loop
vertex 31.850000381469727 17.165273666381836 2.9000000953674316
vertex 31.850000381469727 32.865272521972656 2.200000047683716
vertex 31.850000381469727 32.865272521972656 2.9000000953674316
endloop
endfacet
facet normal 0 1 0
outer loop
vertex 31.850000381469727 32.865272521972656 2.9000000953674316
vertex 31.850000381469727 32.865272521972656 2.200000047683716
vertex 16.149999618530273 32.865272521972656 2.200000047683716
endloop
endfacet
facet normal 1 0 0
outer loop
vertex 31.850000381469727 17.165273666381836 2.9000000953674316
vertex 31.850000381469727 17.165273666381836 2.200000047683716
vertex 31.850000381469727 32.865272521972656 2.200000047683716
endloop
endfacet
facet normal 0 0 1
outer loop
vertex 31.049999237060547 32.06527328491211 2.9000000953674316
vertex 31.049999237060547 17.965272903442383 2.9000000953674316
vertex 31.850000381469727 32.865272521972656 2.9000000953674316
endloop
endfacet
facet normal 0 -1 0
outer loop
vertex 16.149999618530273 17.165273666381836 2.9000000953674316
vertex 31.850000381469727 17.165273666381836 2.200000047683716
vertex 31.850000381469727 17.165273666381836 2.9000000953674316
endloop
endfacet
facet normal 0 0 1
outer loop
vertex 16.950000762939453 17.965272903442383 2.9000000953674316
vertex 16.950000762939453 32.06527328491211 2.9000000953674316
vertex 16.149999618530273 17.165273666381836 2.9000000953674316
endloop
endfacet
facet normal -1 0 0
outer loop
vertex 16.149999618530273 32.865272521972656 2.9000000953674316
vertex 16.149999618530273 32.865272521972656 2.200000047683716
vertex 16.149999618530273 17.165273666381836 2.200000047683716
endloop
endfacet
facet normal 0 0 1
outer loop
vertex 31.850000381469727 32.865272521972656 2.9000000953674316
vertex 16.149999618530273 32.865272521972656 2.9000000953674316
vertex 16.950000762939453 32.06527328491211 2.9000000953674316
endloop
endfacet
facet normal 0 0 1
outer loop
vertex 16.149999618530273 32.865272521972656 2.9000000953674316
vertex 16.149999618530273 17.165273666381836 2.9000000953674316
vertex 16.950000762939453 32.06527328491211 2.9000000953674316
endloop
endfacet
facet normal 0 -1 0
outer loop
vertex 16.149999618530273 17.165273666381836 2.9000000953674316
vertex 16.149999618530273 17.165273666381836 2.200000047683716
vertex 31.850000381469727 17.165273666381836 2.200000047683716
endloop
endfacet
facet normal 1 0 0
outer loop
vertex 16.950000762939453 32.06527328491211 2.9000000953674316
vertex 16.950000762939453 17.965272903442383 2.200000047683716
vertex 16.950000762939453 32.06527328491211 2.200000047683716
endloop
endfacet
facet normal 0 1 0
outer loop
vertex 31.049999237060547 17.965272903442383 2.200000047683716
vertex 16.950000762939453 17.965272903442383 2.9000000953674316
vertex 31.049999237060547 17.965272903442383 2.9000000953674316
endloop
endfacet
facet normal 1 0 0
outer loop
vertex 16.950000762939453 17.965272903442383 2.200000047683716
vertex 16.950000762939453 32.06527328491211 2.9000000953674316
vertex 16.950000762939453 17.965272903442383 2.9000000953674316
endloop
endfacet
facet normal -1 0 0
outer loop
vertex 31.049999237060547 17.965272903442383 2.200000047683716
vertex 31.049999237060547 17.965272903442383 2.9000000953674316
vertex 31.049999237060547 32.06527328491211 2.200000047683716
endloop
endfacet
facet normal -1 0 0
outer loop
vertex 31.049999237060547 32.06527328491211 2.200000047683716
vertex 31.049999237060547 17.965272903442383 2.9000000953674316
vertex 31.049999237060547 32.06527328491211 2.9000000953674316
endloop
endfacet
facet normal 0 -1 0
outer loop
vertex 16.950000762939453 32.06527328491211 2.200000047683716
vertex 31.049999237060547 32.06527328491211 2.9000000953674316
vertex 16.950000762939453 32.06527328491211 2.9000000953674316
endloop
endfacet
facet normal 0 -1 0
outer loop
vertex 31.049999237060547 32.06527328491211 2.200000047683716
vertex 31.049999237060547 32.06527328491211 2.9000000953674316
vertex 16.950000762939453 32.06527328491211 2.200000047683716
endloop
endfacet
facet normal 0 1 0
outer loop
vertex 16.950000762939453 17.965272903442383 2.9000000953674316
vertex 31.049999237060547 17.965272903442383 2.200000047683716
vertex 16.950000762939453 17.965272903442383 2.200000047683716
endloop
endfacet
facet normal 0 0 1
outer loop
vertex 15.850000381469727 32.865272521972656 2.9000000953674316
vertex 0.949999988079071 32.06527328491211 2.9000000953674316
vertex 15.050000190734863 32.06527328491211 2.9000000953674316
endloop
endfacet
facet normal -1 0 0
outer loop
vertex 0.15000000596046448 32.865272521972656 2.9000000953674316
vertex 0.15000000596046448 32.865272521972656 2.200000047683716
vertex 0.15000000596046448 17.165273666381836 2.200000047683716
endloop
endfacet
facet normal 0 0 1
outer loop
vertex 15.050000190734863 17.965272903442383 2.9000000953674316
vertex 0.949999988079071 17.965272903442383 2.9000000953674316
vertex 0.15000000596046448 17.165273666381836 2.9000000953674316
endloop
endfacet
facet normal 0 0 1
outer loop
vertex 15.050000190734863 32.06527328491211 2.9000000953674316
vertex 15.050000190734863 17.965272903442383 2.9000000953674316
vertex 15.850000381469727 32.865272521972656 2.9000000953674316
endloop
endfacet
facet normal 1 0 0
outer loop
vertex 15.850000381469727 17.165273666381836 2.9000000953674316
vertex 15.850000381469727 32.865272521972656 2.200000047683716
vertex 15.850000381469727 32.865272521972656 2.9000000953674316
endloop
endfacet
facet normal 0 -1 0
outer loop
vertex 0.15000000596046448 17.165273666381836 2.9000000953674316
vertex 0.15000000596046448 17.165273666381836 2.200000047683716
vertex 15.850000381469727 17.165273666381836 2.200000047683716
endloop
endfacet
facet normal 0 -1 0
outer loop
vertex 0.15000000596046448 17.165273666381836 2.9000000953674316
vertex 15.850000381469727 17.165273666381836 2.200000047683716
vertex 15.850000381469727 17.165273666381836 2.9000000953674316
endloop
endfacet
facet normal 0 1 0
outer loop
vertex 15.850000381469727 32.865272521972656 2.9000000953674316
vertex 15.850000381469727 32.865272521972656 2.200000047683716
vertex 0.15000000596046448 32.865272521972656 2.200000047683716
endloop
endfacet
facet normal 0 0 1
outer loop
vertex 0.949999988079071 17.965272903442383 2.9000000953674316
vertex 0.949999988079071 32.06527328491211 2.9000000953674316
vertex 0.15000000596046448 17.165273666381836 2.9000000953674316
endloop
endfacet
facet normal 0 0 1
outer loop
vertex 15.050000190734863 17.965272903442383 2.9000000953674316
vertex 15.850000381469727 17.165273666381836 2.9000000953674316
vertex 15.850000381469727 32.865272521972656 2.9000000953674316
endloop
endfacet
facet normal 0 1 0
outer loop
vertex 15.850000381469727 32.865272521972656 2.9000000953674316
vertex 0.15000000596046448 32.865272521972656 2.200000047683716
vertex 0.15000000596046448 32.865272521972656 2.9000000953674316
endloop
endfacet
facet normal -1 0 0
outer loop
vertex 0.15000000596046448 17.165273666381836 2.9000000953674316
vertex 0.15000000596046448 32.865272521972656 2.9000000953674316
vertex 0.15000000596046448 17.165273666381836 2.200000047683716
endloop
endfacet
facet normal 0 0 1
outer loop
vertex 15.050000190734863 17.965272903442383 2.9000000953674316
vertex 0.15000000596046448 17.165273666381836 2.9000000953674316
vertex 15.850000381469727 17.165273666381836 2.9000000953674316
endloop
endfacet
facet normal 0 0 1
outer loop
vertex 15.850000381469727 32.865272521972656 2.9000000953674316
vertex 0.15000000596046448 32.865272521972656 2.9000000953674316
vertex 0.949999988079071 32.06527328491211 2.9000000953674316
endloop
endfacet
facet normal 1 0 0
outer loop
vertex 15.850000381469727 17.165273666381836 2.9000000953674316
vertex 15.850000381469727 17.165273666381836 2.200000047683716
vertex 15.850000381469727 32.865272521972656 2.200000047683716
endloop
endfacet
facet normal 0 0 1
outer loop
vertex 0.15000000596046448 32.865272521972656 2.9000000953674316
vertex 0.15000000596046448 17.165273666381836 2.9000000953674316
vertex 0.949999988079071 32.06527328491211 2.9000000953674316
endloop
endfacet
facet normal 0 1 0
outer loop
vertex 0.949999988079071 17.965272903442383 2.9000000953674316
vertex 15.050000190734863 17.965272903442383 2.200000047683716
vertex 0.949999988079071 17.965272903442383 2.200000047683716
endloop
endfacet
facet normal 1 0 0
outer loop
vertex 0.949999988079071 17.965272903442383 2.200000047683716
vertex 0.949999988079071 32.06527328491211 2.9000000953674316
vertex 0.949999988079071 17.965272903442383 2.9000000953674316
endloop
endfacet
facet normal -1 0 0
outer loop
vertex 15.050000190734863 32.06527328491211 2.200000047683716
vertex 15.050000190734863 17.965272903442383 2.9000000953674316
vertex 15.050000190734863 32.06527328491211 2.9000000953674316
endloop
endfacet
facet normal -1 0 0
outer loop
vertex 15.050000190734863 17.965272903442383 2.9000000953674316
vertex 15.050000190734863 32.06527328491211 2.200000047683716
vertex 15.050000190734863 17.965272903442383 2.200000047683716
endloop
endfacet
facet normal 0 -1 0
outer loop
vertex 0.949999988079071 32.06527328491211 2.200000047683716
vertex 15.050000190734863 32.06527328491211 2.9000000953674316
vertex 0.949999988079071 32.06527328491211 2.9000000953674316
endloop
endfacet
facet normal 0 -1 0
outer loop
vertex 15.050000190734863 32.06527328491211 2.200000047683716
vertex 15.050000190734863 32.06527328491211 2.9000000953674316
vertex 0.949999988079071 32.06527328491211 2.200000047683716
endloop
endfacet
facet normal 0 1 0
outer loop
vertex 15.050000190734863 17.965272903442383 2.200000047683716
vertex 0.949999988079071 17.965272903442383 2.9000000953674316
vertex 15.050000190734863 17.965272903442383 2.9000000953674316
endloop
endfacet
facet normal 1 0 0
outer loop
vertex 0.949999988079071 32.06527328491211 2.9000000953674316
vertex 0.949999988079071 17.965272903442383 2.200000047683716
vertex 0.949999988079071 32.06527328491211 2.200000047683716
endloop
endfacet
facet normal 1 0 0
outer loop
vertex -0.15000000596046448 17.165273666381836 2.9000000953674316
vertex -0.15000000596046448 17.165273666381836 2.200000047683716
vertex -0.15000000596046448 32.865272521972656 2.200000047683716
endloop
endfacet
facet normal 1 0 0
outer loop
vertex -0.15000000596046448 17.165273666381836 2.9000000953674316
vertex -0.15000000596046448 32.865272521972656 2.200000047683716
vertex -0.15000000596046448 32.865272521972656 2.9000000953674316
endloop
endfacet
facet normal 0 0 1
outer loop
vertex -15.850000381469727 32.865272521972656 2.9000000953674316
vertex -15.850000381469727 17.165273666381836 2.9000000953674316
vertex -15.050000190734863 32.06527328491211 2.9000000953674316
endloop
endfacet
facet normal 0 0 1
outer loop
vertex -0.949999988079071 17.965272903442383 2.9000000953674316
vertex -0.15000000596046448 17.165273666381836 2.9000000953674316
vertex -0.15000000596046448 32.865272521972656 2.9000000953674316
endloop
endfacet
facet normal 0 -1 0
outer loop
vertex -15.850000381469727 17.165273666381836 2.9000000953674316
vertex -15.850000381469727 17.165273666381836 2.200000047683716
vertex -0.15000000596046448 17.165273666381836 2.200000047683716
endloop
endfacet
facet normal 0 0 1
outer loop
vertex -0.15000000596046448 32.865272521972656 2.9000000953674316
vertex -15.850000381469727 32.865272521972656 2.9000000953674316
vertex -15.050000190734863 32.06527328491211 2.9000000953674316
endloop
endfacet
facet normal 0 0 1
outer loop
vertex -0.949999988079071 17.965272903442383 2.9000000953674316
vertex -15.050000190734863 17.965272903442383 2.9000000953674316
vertex -15.850000381469727 17.165273666381836 2.9000000953674316
endloop
endfacet
facet normal 0 -1 0
outer loop
vertex -15.850000381469727 17.165273666381836 2.9000000953674316
vertex -0.15000000596046448 17.165273666381836 2.200000047683716
vertex -0.15000000596046448 17.165273666381836 2.9000000953674316
endloop
endfacet
facet normal 0 0 1
outer loop
vertex -0.949999988079071 17.965272903442383 2.9000000953674316
vertex -15.850000381469727 17.165273666381836 2.9000000953674316
vertex -0.15000000596046448 17.165273666381836 2.9000000953674316
endloop
endfacet
facet normal 0 0 1
outer loop
vertex -15.050000190734863 17.965272903442383 2.9000000953674316
vertex -15.050000190734863 32.06527328491211 2.9000000953674316
vertex -15.850000381469727 17.165273666381836 2.9000000953674316
endloop
endfacet
facet normal 0 0 1
outer loop
vertex -0.15000000596046448 32.865272521972656 2.9000000953674316
vertex -15.050000190734863 32.06527328491211 2.9000000953674316
vertex -0.949999988079071 32.06527328491211 2.9000000953674316
endloop
endfacet
facet normal -1 0 0
outer loop
vertex -15.850000381469727 17.165273666381836 2.9000000953674316
vertex -15.850000381469727 32.865272521972656 2.9000000953674316
vertex -15.850000381469727 17.165273666381836 2.200000047683716
endloop
endfacet
facet normal -1 0 0
outer loop
vertex -15.850000381469727 32.865272521972656 2.9000000953674316
vertex -15.850000381469727 32.865272521972656 2.200000047683716
vertex -15.850000381469727 17.165273666381836 2.200000047683716
endloop
endfacet
facet normal 0 0 1
outer loop
vertex -0.949999988079071 32.06527328491211 2.9000000953674316
vertex -0.949999988079071 17.965272903442383 2.9000000953674316
vertex -0.15000000596046448 32.865272521972656 2.9000000953674316
endloop
endfacet
facet normal 0 1 0
outer loop
vertex -0.15000000596046448 32.865272521972656 2.9000000953674316
vertex -15.850000381469727 32.865272521972656 2.200000047683716
vertex -15.850000381469727 32.865272521972656 2.9000000953674316
endloop
endfacet
facet normal 0 1 0
outer loop
vertex -15.850000381469727 32.865272521972656 2.200000047683716
vertex -0.15000000596046448 32.865272521972656 2.9000000953674316
vertex -0.15000000596046448 32.865272521972656 2.200000047683716
endloop
endfacet
facet normal 1 0 0
outer loop
vertex -15.050000190734863 17.965272903442383 2.200000047683716
vertex -15.050000190734863 32.06527328491211 2.9000000953674316
vertex -15.050000190734863 17.965272903442383 2.9000000953674316
endloop
endfacet
facet normal 1 0 0
outer loop
vertex -15.050000190734863 32.06527328491211 2.9000000953674316
vertex -15.050000190734863 17.965272903442383 2.200000047683716
vertex -15.050000190734863 32.06527328491211 2.200000047683716
endloop
endfacet
facet normal 0 -1 0
outer loop
vertex -15.050000190734863 32.06527328491211 2.200000047683716
vertex -0.949999988079071 32.06527328491211 2.9000000953674316
vertex -15.050000190734863 32.06527328491211 2.9000000953674316
endloop
endfacet
facet normal 0 1 0
outer loop
vertex -15.050000190734863 17.965272903442383 2.9000000953674316
vertex -0.949999988079071 17.965272903442383 2.200000047683716
vertex -15.050000190734863 17.965272903442383 2.200000047683716
endloop
endfacet
facet normal 0 1 0
outer loop
vertex -0.949999988079071 17.965272903442383 2.200000047683716
vertex -15.050000190734863 17.965272903442383 2.9000000953674316
vertex -0.949999988079071 17.965272903442383 2.9000000953674316
endloop
endfacet
facet normal -1 0 0
outer loop
vertex -0.949999988079071 17.965272903442383 2.9000000953674316
vertex -0.949999988079071 32.06527328491211 2.200000047683716
vertex -0.949999988079071 17.965272903442383 2.200000047683716
endloop
endfacet
facet normal 0 -1 0
outer loop
vertex -0.949999988079071 32.06527328491211 2.200000047683716
vertex -0.949999988079071 32.06527328491211 2.9000000953674316
vertex -15.050000190734863 32.06527328491211 2.200000047683716
endloop
endfacet
facet normal -1 0 0
outer loop
vertex -0.949999988079071 32.06527328491211 2.200000047683716
vertex -0.949999988079071 17.965272903442383 2.9000000953674316
vertex -0.949999988079071 32.06527328491211 2.9000000953674316
endloop
endfacet
facet normal 0 0 1
outer loop
vertex -16.950000762939453 17.965272903442383 2.9000000953674316
vertex -16.149999618530273 17.165273666381836 2.9000000953674316
vertex -16.149999618530273 32.865272521972656 2.9000000953674316
endloop
endfacet
facet normal 0 0 1
outer loop
vertex -31.850000381469727 32.865272521972656 2.9000000953674316
vertex -31.850000381469727 17.165273666381836 2.9000000953674316
vertex -31.049999237060547 32.06527328491211 2.9000000953674316
endloop
endfacet
facet normal 1 0 0
outer loop
vertex -16.149999618530273 17.165273666381836 2.9000000953674316
vertex -16.149999618530273 17.165273666381836 2.200000047683716
vertex -16.149999618530273 32.865272521972656 2.200000047683716
endloop
endfacet
facet normal 0 0 1
outer loop
vertex -16.149999618530273 32.865272521972656 2.9000000953674316
vertex -31.850000381469727 32.865272521972656 2.9000000953674316
vertex -31.049999237060547 32.06527328491211 2.9000000953674316
endloop
endfacet
facet normal 0 0 1
outer loop
vertex -16.950000762939453 17.965272903442383 2.9000000953674316
vertex -31.850000381469727 17.165273666381836 2.9000000953674316
vertex -16.149999618530273 17.165273666381836 2.9000000953674316
endloop
endfacet
facet normal 0 0 1
outer loop
vertex -16.149999618530273 32.865272521972656 2.9000000953674316
vertex -31.049999237060547 32.06527328491211 2.9000000953674316
vertex -16.950000762939453 32.06527328491211 2.9000000953674316
endloop
endfacet
facet normal 0 -1 0
outer loop
vertex -31.850000381469727 17.165273666381836 2.9000000953674316
vertex -16.149999618530273 17.165273666381836 2.200000047683716
vertex -16.149999618530273 17.165273666381836 2.9000000953674316
endloop
endfacet
facet normal -1 0 0
outer loop
vertex -31.850000381469727 17.165273666381836 2.9000000953674316
vertex -31.850000381469727 32.865272521972656 2.9000000953674316
vertex -31.850000381469727 17.165273666381836 2.200000047683716
endloop
endfacet
facet normal 0 0 1
outer loop
vertex -31.049999237060547 17.965272903442383 2.9000000953674316
vertex -31.049999237060547 32.06527328491211 2.9000000953674316
vertex -31.850000381469727 17.165273666381836 2.9000000953674316
endloop
endfacet
facet normal 0 -1 0
outer loop
vertex -31.850000381469727 17.165273666381836 2.9000000953674316
vertex -31.850000381469727 17.165273666381836 2.200000047683716
vertex -16.149999618530273 17.165273666381836 2.200000047683716
endloop
endfacet
facet normal 0 0 1
outer loop
vertex -31.049999237060547 17.965272903442383 2.9000000953674316
vertex -31.850000381469727 17.165273666381836 2.9000000953674316
vertex -16.950000762939453 17.965272903442383 2.9000000953674316
endloop
endfacet
facet normal 0 1 0
outer loop
vertex -31.850000381469727 32.865272521972656 2.200000047683716
vertex -16.149999618530273 32.865272521972656 2.9000000953674316
vertex -16.149999618530273 32.865272521972656 2.200000047683716
endloop
endfacet
facet normal 0 1 0
outer loop
vertex -16.149999618530273 32.865272521972656 2.9000000953674316
vertex -31.850000381469727 32.865272521972656 2.200000047683716
vertex -31.850000381469727 32.865272521972656 2.9000000953674316
endloop
endfacet
facet normal -1 0 0
outer loop
vertex -31.850000381469727 32.865272521972656 2.9000000953674316
vertex -31.850000381469727 32.865272521972656 2.200000047683716
vertex -31.850000381469727 17.165273666381836 2.200000047683716
endloop
endfacet
facet normal 0 0 1
outer loop
vertex -16.950000762939453 32.06527328491211 2.9000000953674316
vertex -16.950000762939453 17.965272903442383 2.9000000953674316
vertex -16.149999618530273 32.865272521972656 2.9000000953674316
endloop
endfacet
facet normal 1 0 0
outer loop
vertex -16.149999618530273 17.165273666381836 2.9000000953674316
vertex -16.149999618530273 32.865272521972656 2.200000047683716
vertex -16.149999618530273 32.865272521972656 2.9000000953674316
endloop
endfacet
facet normal 1 0 0
outer loop
vertex -31.049999237060547 32.06527328491211 2.9000000953674316
vertex -31.049999237060547 17.965272903442383 2.200000047683716
vertex -31.049999237060547 32.06527328491211 2.200000047683716
endloop
endfacet
facet normal -1 0 0
outer loop
vertex -16.950000762939453 17.965272903442383 2.9000000953674316
vertex -16.950000762939453 32.06527328491211 2.200000047683716
vertex -16.950000762939453 17.965272903442383 2.200000047683716
endloop
endfacet
facet normal 0 1 0
outer loop
vertex -31.049999237060547 17.965272903442383 2.9000000953674316
vertex -16.950000762939453 17.965272903442383 2.200000047683716
vertex -31.049999237060547 17.965272903442383 2.200000047683716
endloop
endfacet
facet normal 0 -1 0
outer loop
vertex -16.950000762939453 32.06527328491211 2.200000047683716
vertex -16.950000762939453 32.06527328491211 2.9000000953674316
vertex -31.049999237060547 32.06527328491211 2.200000047683716
endloop
endfacet
facet normal 1 0 0
outer loop
vertex -31.049999237060547 17.965272903442383 2.200000047683716
vertex -31.049999237060547 32.06527328491211 2.9000000953674316
vertex -31.049999237060547 17.965272903442383 2.9000000953674316
endloop
endfacet
facet normal -1 0 0
outer loop
vertex -16.950000762939453 32.06527328491211 2.200000047683716
vertex -16.950000762939453 17.965272903442383 2.9000000953674316
vertex -16.950000762939453 32.06527328491211 2.9000000953674316
endloop
endfacet
facet normal 0 1 0
outer loop
vertex -16.950000762939453 17.965272903442383 2.200000047683716
vertex -31.049999237060547 17.965272903442383 2.9000000953674316
vertex -16.950000762939453 17.965272903442383 2.9000000953674316
endloop
endfacet
facet normal 0 -1 0
outer loop
vertex -31.049999237060547 32.06527328491211 2.200000047683716
vertex -16.950000762939453 32.06527328491211 2.9000000953674316
vertex -31.049999237060547 32.06527328491211 2.9000000953674316
endloop
endfacet
facet normal 0 1 0
outer loop
vertex -32.150001525878906 32.865272521972656 2.9000000953674316
vertex -47.849998474121094 32.865272521972656 2.200000047683716
vertex -47.849998474121094 32.865272521972656 2.9000000953674316
endloop
endfacet
facet normal 1 0 0
outer loop
vertex -32.150001525878906 17.165273666381836 2.9000000953674316
vertex -32.150001525878906 32.865272521972656 2.200000047683716
vertex -32.150001525878906 32.865272521972656 2.9000000953674316
endloop
endfacet
facet normal 0 0 1
outer loop
vertex -32.95000076293945 32.06527328491211 2.9000000953674316
vertex -32.95000076293945 17.965272903442383 2.9000000953674316
vertex -32.150001525878906 32.865272521972656 2.9000000953674316
endloop
endfacet
facet normal 0 -1 0
outer loop
vertex -47.849998474121094 17.165273666381836 2.9000000953674316
vertex -47.849998474121094 17.165273666381836 2.200000047683716
vertex -32.150001525878906 17.165273666381836 2.200000047683716
endloop
endfacet
facet normal -1 0 0
outer loop
vertex -47.849998474121094 32.865272521972656 2.9000000953674316
vertex -47.849998474121094 32.865272521972656 2.200000047683716
vertex -47.849998474121094 17.165273666381836 2.200000047683716
endloop
endfacet
facet normal 0 0 1
outer loop
vertex -47.849998474121094 32.865272521972656 2.9000000953674316
vertex -47.849998474121094 17.165273666381836 2.9000000953674316
vertex -47.04999923706055 32.06527328491211 2.9000000953674316
endloop
endfacet
facet normal 0 0 1
outer loop
vertex -47.04999923706055 17.965272903442383 2.9000000953674316
vertex -47.04999923706055 32.06527328491211 2.9000000953674316
vertex -47.849998474121094 17.165273666381836 2.9000000953674316
endloop
endfacet
facet normal 0 0 1
outer loop
vertex -32.150001525878906 32.865272521972656 2.9000000953674316
vertex -47.849998474121094 32.865272521972656 2.9000000953674316
vertex -47.04999923706055 32.06527328491211 2.9000000953674316
endloop
endfacet
facet normal 1 0 0
outer loop
vertex -32.150001525878906 17.165273666381836 2.9000000953674316
vertex -32.150001525878906 17.165273666381836 2.200000047683716
vertex -32.150001525878906 32.865272521972656 2.200000047683716
endloop
endfacet
facet normal 0 0 1
outer loop
vertex -32.95000076293945 17.965272903442383 2.9000000953674316
vertex -47.849998474121094 17.165273666381836 2.9000000953674316
vertex -32.150001525878906 17.165273666381836 2.9000000953674316
endloop
endfacet
facet normal 0 -1 0
outer loop
vertex -47.849998474121094 17.165273666381836 2.9000000953674316
vertex -32.150001525878906 17.165273666381836 2.200000047683716
vertex -32.150001525878906 17.165273666381836 2.9000000953674316
endloop
endfacet
facet normal 0 0 1
outer loop
vertex -32.95000076293945 17.965272903442383 2.9000000953674316
vertex -47.04999923706055 17.965272903442383 2.9000000953674316
vertex -47.849998474121094 17.165273666381836 2.9000000953674316
endloop
endfacet
facet normal 0 0 1
outer loop
vertex -32.95000076293945 17.965272903442383 2.9000000953674316
vertex -32.150001525878906 17.165273666381836 2.9000000953674316
vertex -32.150001525878906 32.865272521972656 2.9000000953674316
endloop
endfacet
facet normal -1 0 0
outer loop
vertex -47.849998474121094 32.865272521972656 2.9000000953674316
vertex -47.849998474121094 17.165273666381836 2.200000047683716
vertex -47.849998474121094 17.165273666381836 2.9000000953674316
endloop
endfacet
facet normal 0 0 1
outer loop
vertex -32.150001525878906 32.865272521972656 2.9000000953674316
vertex -47.04999923706055 32.06527328491211 2.9000000953674316
vertex -32.95000076293945 32.06527328491211 2.9000000953674316
endloop
endfacet
facet normal 0 1 0
outer loop
vertex -32.150001525878906 32.865272521972656 2.200000047683716
vertex -47.849998474121094 32.865272521972656 2.200000047683716
vertex -32.150001525878906 32.865272521972656 2.9000000953674316
endloop
endfacet
facet normal 0 1 0
outer loop
vertex -47.04999923706055 17.965272903442383 2.9000000953674316
vertex -32.95000076293945 17.965272903442383 2.200000047683716
vertex -47.04999923706055 17.965272903442383 2.200000047683716
endloop
endfacet
facet normal 1 0 0
outer loop
vertex -47.04999923706055 32.06527328491211 2.200000047683716
vertex -47.04999923706055 32.06527328491211 2.9000000953674316
vertex -47.04999923706055 17.965272903442383 2.200000047683716
endloop
endfacet
facet normal -1 0 0
outer loop
vertex -32.95000076293945 17.965272903442383 2.9000000953674316
vertex -32.95000076293945 32.06527328491211 2.200000047683716
vertex -32.95000076293945 17.965272903442383 2.200000047683716
endloop
endfacet
facet normal 0 1 0
outer loop
vertex -32.95000076293945 17.965272903442383 2.200000047683716
vertex -47.04999923706055 17.965272903442383 2.9000000953674316
vertex -32.95000076293945 17.965272903442383 2.9000000953674316
endloop
endfacet
facet normal 1 0 0
outer loop
vertex -47.04999923706055 17.965272903442383 2.200000047683716
vertex -47.04999923706055 32.06527328491211 2.9000000953674316
vertex -47.04999923706055 17.965272903442383 2.9000000953674316
endloop
endfacet
facet normal 0 -1 0
outer loop
vertex -32.95000076293945 32.06527328491211 2.9000000953674316
vertex -47.04999923706055 32.06527328491211 2.200000047683716
vertex -32.95000076293945 32.06527328491211 2.200000047683716
endloop
endfacet
facet normal -1 0 0
outer loop
vertex -32.95000076293945 32.06527328491211 2.200000047683716
vertex -32.95000076293945 17.965272903442383 2.9000000953674316
vertex -32.95000076293945 32.06527328491211 2.9000000953674316
endloop
endfacet
facet normal 0 -1 0
outer loop
vertex -47.04999923706055 32.06527328491211 2.200000047683716
vertex -32.95000076293945 32.06527328491211 2.9000000953674316
vertex -47.04999923706055 32.06527328491211 2.9000000953674316
endloop
endfacet
endsolid auto-kdk-case
