solid auto-kdk-case
facet normal -0.2334446690738317 0.9723700871998322 0
outer loop
vertex 9.263606071472168 53.272239685058594 -13.078324317932129
vertex 7.05068826675415 52.740966796875 -13.100000381469727
vertex 9.263606071472168 53.272239685058594 -1
endloop
endfacet
facet normal 0 1 0
outer loop
vertex 58.20000076293945 41.19996643066406 -1
vertex 50.400001525878906 41.19996643066406 -1.100000023841858
vertex 48 41.19996643066406 -1.100000023841858
endloop
endfacet
facet normal 0 1 0
outer loop
vertex -48 41.19996643066406 -1.100000023841858
vertex -58.20000076293945 41.19996643066406 -1
vertex -15.300000190734863 41.19996643066406 -1
endloop
endfacet
facet normal -1 0 0
outer loop
vertex -58.20000076293945 -37.680946350097656 -13.100000381469727
vertex -58.20000076293945 -44.20003128051758 -13.100000381469727
vertex -58.20000076293945 -44.20003128051758 -1
endloop
endfacet
facet normal 0 -1 0
outer loop
vertex -58.20000076293945 -44.20003128051758 -13.100000381469727
vertex -55.20000076293945 -44.20003128051758 -5
vertex -55.20000076293945 -44.20003128051758 -4
endloop
endfacet
facet normal 0 -1 0
outer loop
vertex -55.20000076293945 -44.20003128051758 -5
vertex -58.20000076293945 -44.20003128051758 -13.100000381469727
vertex -43.20000076293945 -44.20003128051758 -5
endloop
endfacet
facet normal 0 1 0
outer loop
vertex 28.078065872192383 41.19996643066406 -1
vertex 58.20000076293945 41.19996643066406 -1
vertex 48 41.19996643066406 -1.100000023841858
endloop
endfacet
facet normal 0 -1 0
outer loop
vertex -58.20000076293945 -44.20003128051758 -13.100000381469727
vertex 16.5 -44.20003128051758 -11.449999809265137
vertex 15.92597484588623 -44.20003128051758 -11.335819244384766
endloop
endfacet
facet normal 0 -1 0
outer loop
vertex 15.439339637756348 -44.20003128051758 -11.010660171508789
vertex 15.114180564880371 -44.20003128051758 -10.524024963378906
vertex -58.20000076293945 -44.20003128051758 -13.100000381469727
endloop
endfacet
facet normal 0 -1 0
outer loop
vertex 15.439339637756348 -44.20003128051758 -11.010660171508789
vertex -58.20000076293945 -44.20003128051758 -13.100000381469727
vertex 15.92597484588623 -44.20003128051758 -11.335819244384766
endloop
endfacet
facet normal 0 -1 0
outer loop
vertex 15.114180564880371 -44.20003128051758 -10.524024963378906
vertex 15 -44.20003128051758 -9.949999809265137
vertex -58.20000076293945 -44.20003128051758 -13.100000381469727
endloop
endfacet
facet normal 0 -1 0
outer loop
vertex 16.5 -44.20003128051758 -11.449999809265137
vertex -58.20000076293945 -44.20003128051758 -13.100000381469727
vertex 28.5 -44.20003128051758 -11.449999809265137
endloop
endfacet
facet normal 0 -1 0
outer loop
vertex -43.20000076293945 -44.20003128051758 -5
vertex -58.20000076293945 -44.20003128051758 -13.100000381469727
vertex 15 -44.20003128051758 -4.949999809265137
endloop
endfacet
facet normal 0 -1 0
outer loop
vertex 15 -44.20003128051758 -4.949999809265137
vertex -58.20000076293945 -44.20003128051758 -13.100000381469727
vertex 15 -44.20003128051758 -9.949999809265137
endloop
endfacet
facet normal -0.1564372909601748 0.9876878930092449 0
outer loop
vertex 9.574056625366211 53.3214111328125 -13.100000381469727
vertex 9.263606071472168 53.272239685058594 -13.078324317932129
vertex 9.574056625366211 53.3214111328125 -1
endloop
endfacet
facet normal -0.07845965703876415 0.9969172895568414 0
outer loop
vertex 11.842839241027832 53.499969482421875 -13.078324317932129
vertex 9.574056625366211 53.3214111328125 -13.100000381469727
vertex 11.842839241027832 53.499969482421875 -1
endloop
endfacet
facet normal 0 1 0
outer loop
vertex 50.400001525878906 41.19996643066406 -2.5
vertex 50.400001525878906 41.19996643066406 -1.100000023841858
vertex 58.20000076293945 41.19996643066406 -1
endloop
endfacet
facet normal 0.23344462151273465 0.9723700986182041 0
outer loop
vertex 16.949312210083008 52.740966796875 -1
vertex 14.736393928527832 53.272239685058594 -13.100000381469727
vertex 14.736393928527832 53.272239685058594 -1
endloop
endfacet
facet normal 0.3090261106765014 0.9510535541809171 0
outer loop
vertex 17.248249053955078 52.64383316040039 -1
vertex 16.949312210083008 52.740966796875 -13.078324317932129
vertex 16.949312210083008 52.740966796875 -1
endloop
endfacet
facet normal 0.3826820686885265 0.9238800973634348 0
outer loop
vertex 19.350812911987305 51.772926330566406 -1
vertex 17.248249053955078 52.64383316040039 -13.100000381469727
vertex 17.248249053955078 52.64383316040039 -1
endloop
endfacet
facet normal 0.5877877291190642 0.8090151948493016 0
outer loop
vertex 21.82560157775879 50.256370544433594 -1
vertex 21.571311950683594 50.441123962402344 -13.078324317932129
vertex 21.571311950683594 50.441123962402344 -1
endloop
endfacet
facet normal -0.3090256648199276 0.9510536990531091 0
outer loop
vertex 7.05068826675415 52.740966796875 -13.100000381469727
vertex 6.751750946044922 52.64383316040039 -13.078324317932129
vertex 7.05068826675415 52.740966796875 -1
endloop
endfacet
facet normal -0.38268214276670737 0.9238800666793722 0
outer loop
vertex 6.751750946044922 52.64383316040039 -13.078324317932129
vertex 4.6491875648498535 51.772926330566406 -13.100000381469727
vertex 6.751750946044922 52.64383316040039 -1
endloop
endfacet
facet normal 0 -1 0
outer loop
vertex -58.20000076293945 -44.20003128051758 -1
vertex -58.20000076293945 -44.20003128051758 -13.100000381469727
vertex -55.20000076293945 -44.20003128051758 -4
endloop
endfacet
facet normal 0.45399459300566675 0.8910044385532649 0
outer loop
vertex 19.630874633789062 51.630226135253906 -1
vertex 19.350812911987305 51.772926330566406 -13.078324317932129
vertex 19.350812911987305 51.772926330566406 -1
endloop
endfacet
facet normal 0 1 0
outer loop
vertex 50.400001525878906 41.19996643066406 -2.5
vertex 58.20000076293945 41.19996643066406 -1
vertex 50.20000076293945 41.19996643066406 -3.5
endloop
endfacet
facet normal 0 1 0
outer loop
vertex 48 41.19996643066406 -2.5
vertex 50.400001525878906 41.19996643066406 -2.5
vertex 50.20000076293945 41.19996643066406 -3.5
endloop
endfacet
facet normal -0.5224988208560444 0.8526400073911868 0
outer loop
vertex 4.369125843048096 51.630226135253906 -13.060014724731445
vertex 2.4286887645721436 50.441123962402344 -12.948502540588379
vertex 4.369125843048096 51.630226135253906 -1
endloop
endfacet
facet normal 0 0 1
outer loop
vertex 28.078065872192383 40.19996643066406 0
vertex 52.20000076293945 37.19996643066406 0
vertex 57.20000076293945 40.19996643066406 0
endloop
endfacet
facet normal 0 1 0
outer loop
vertex 28.078065872192383 41.19996643066406 -1
vertex 48 41.19996643066406 -1.100000023841858
vertex 48 41.19996643066406 -2.5
endloop
endfacet
facet normal -0.4539945930056668 0.891004438553265 0
outer loop
vertex 4.6491875648498535 51.772926330566406 -13.100000381469727
vertex 4.369125843048096 51.630226135253906 -13.060014724731445
vertex 4.6491875648498535 51.772926330566406 -1
endloop
endfacet
facet normal 0 1 0
outer loop
vertex 48 41.19996643066406 -2.5
vertex 50.20000076293945 41.19996643066406 -3.5
vertex 28.078065872192383 41.19996643066406 -1
endloop
endfacet
facet normal 0 1 0
outer loop
vertex 48.20000076293945 41.19996643066406 -3.5
vertex 28.078065872192383 41.19996643066406 -1
vertex 50.20000076293945 41.19996643066406 -3.5
endloop
endfacet
facet normal -0.5877859256265399 0.8090165051686843 0
outer loop
vertex 2.4286887645721436 50.441123962402344 -12.948502540588379
vertex 2.1743979454040527 50.256370544433594 -12.957780838012695
vertex 2.4286887645721436 50.441123962402344 -1
endloop
endfacet
facet normal 0 0 1
outer loop
vertex 28.078065872192383 40.19996643066406 0
vertex 27.799999237060547 37.19996643066406 0
vertex 52.20000076293945 37.19996643066406 0
endloop
endfacet
facet normal 0 1 0
outer loop
vertex 58.20000076293945 41.19996643066406 -1
vertex 50.20000076293945 41.19996643066406 -13.100000381469727
vertex 50.20000076293945 41.19996643066406 -3.5
endloop
endfacet
facet normal 0 1 0
outer loop
vertex 48.20000076293945 41.19996643066406 -13.100000381469727
vertex 28.078065872192383 41.19996643066406 -1
vertex 48.20000076293945 41.19996643066406 -3.5
endloop
endfacet
facet normal 0.5224976883456471 0.8526407013938508 2.3952330532779883e-7
outer loop
vertex 21.571311950683594 50.441123962402344 -1
vertex 19.630874633789062 51.630226135253906 -13.100000381469727
vertex 20.859180450439453 50.87751770019531 -1
endloop
endfacet
facet normal 0 0 1
outer loop
vertex 52.20000076293945 37.19996643066406 0
vertex 53.70000076293945 -6.800032138824463 0
vertex 57.20000076293945 40.19996643066406 0
endloop
endfacet
facet normal 0.5224994037162877 0.8526396502134556 0
outer loop
vertex 20.859180450439453 50.87751770019531 -1
vertex 19.630874633789062 51.630226135253906 -13.100000381469727
vertex 19.630874633789062 51.630226135253906 -1
endloop
endfacet
facet normal 0.8090172913545245 0.5877848435349354 0
outer loop
vertex 25.4411563873291 46.5712776184082 -1
vertex 25.25640296936035 46.82556915283203 -13.078324317932129
vertex 25.25640296936035 46.82556915283203 -1
endloop
endfacet
facet normal -0.6494464760585952 0.7604073084440158 0
outer loop
vertex 2.1743979454040527 50.256370544433594 -12.957780838012695
vertex 1.6438723802566528 49.803260803222656 -13.034790992736816
vertex 2.1743979454040527 50.256370544433594 -1
endloop
endfacet
facet normal 0 0 1
outer loop
vertex 52.20000076293945 -6.800032138824463 0
vertex 53.70000076293945 -6.800032138824463 0
vertex 52.20000076293945 37.19996643066406 0
endloop
endfacet
facet normal 0.9238796248414336 0.38268320946032075 0
outer loop
vertex 28.078065872192383 41.19996643066406 -1
vertex 26.77295684814453 44.35078048706055 -13.100000381469727
vertex 26.77295684814453 44.35078048706055 -1
endloop
endfacet
facet normal 1 0 0
outer loop
vertex 58.20000076293945 -44.20003128051758 -1
vertex 58.20000076293945 34.680885314941406 -13.100000381469727
vertex 58.20000076293945 41.19996643066406 -1
endloop
endfacet
facet normal -0.6494499082186115 0.7604043771012687 2.6166375367345206e-7
outer loop
vertex 1.6438723802566528 49.803260803222656 -13.034790992736816
vertex 1.327592134475708 49.53313064575195 -13.120649337768555
vertex 2.1743979454040527 50.256370544433594 -1
endloop
endfacet
facet normal -0.6494482189653316 0.7604058198638117 5.755481033124019e-8
outer loop
vertex 1.327592134475708 49.53313064575195 -13.120649337768555
vertex 1.171677827835083 49.399967193603516 -13.203216552734375
vertex 2.1743979454040527 50.256370544433594 -1
endloop
endfacet
facet normal 0 1 0
outer loop
vertex 1.171677827835083 49.399967193603516 -13.203216552734375
vertex 0.9521477818489075 49.399967193603516 -13.139182090759277
vertex 1.171677827835083 49.399967193603516 -1
endloop
endfacet
facet normal 0 1 0
outer loop
vertex 0.9521477818489075 49.399967193603516 -13.139182090759277
vertex 0.5543230175971985 49.399967193603516 -13.100000381469727
vertex 1.171677827835083 49.399967193603516 -1
endloop
endfacet
facet normal 0 -1 0
outer loop
vertex -55.20000076293945 -44.20003128051758 -4
vertex -49.599998474121094 -44.20003128051758 -4
vertex -52.24091339111328 -44.20003128051758 -1.5949000120162964
endloop
endfacet
facet normal 0 -1 0
outer loop
vertex -58.20000076293945 -44.20003128051758 -1
vertex -55.20000076293945 -44.20003128051758 -4
vertex -53.70000076293945 -44.20003128051758 -1.5076520442962646
endloop
endfacet
facet normal 0 -1 0
outer loop
vertex -53.70000076293945 -44.20003128051758 -1.5076520442962646
vertex -55.20000076293945 -44.20003128051758 -4
vertex -52.95277786254883 -44.20003128051758 -1.5589157342910767
endloop
endfacet
facet normal 0 -1 0
outer loop
vertex -52.95277786254883 -44.20003128051758 -1.5589157342910767
vertex -55.20000076293945 -44.20003128051758 -4
vertex -52.24091339111328 -44.20003128051758 -1.5949000120162964
endloop
endfacet
facet normal 0 -1 0
outer loop
vertex -52.24091339111328 -44.20003128051758 -1.5949000120162964
vertex -49.599998474121094 -44.20003128051758 -4
vertex -51.5658073425293 -44.20003128051758 -1.6254053115844727
endloop
endfacet
facet normal 0 -1 0
outer loop
vertex -48.79999923706055 -44.20003128051758 -1.6661099195480347
vertex -48.79999923706055 -44.20003128051758 -4
vertex -43.20000076293945 -44.20003128051758 -4
endloop
endfacet
facet normal 0 -1 0
outer loop
vertex -51.5658073425293 -44.20003128051758 -1.6254053115844727
vertex -49.599998474121094 -44.20003128051758 -4
vertex -50.346126556396484 -44.20003128051758 -1.6591570377349854
endloop
endfacet
facet normal 0 -1 0
outer loop
vertex -50.346126556396484 -44.20003128051758 -1.6591570377349854
vertex -49.599998474121094 -44.20003128051758 -4
vertex -49.599998474121094 -44.20003128051758 -1.6661099195480347
endloop
endfacet
facet normal 0 -1 0
outer loop
vertex 28.5 -44.20003128051758 -11.449999809265137
vertex -58.20000076293945 -44.20003128051758 -13.100000381469727
vertex 58.20000076293945 -44.20003128051758 -13.100000381469727
endloop
endfacet
facet normal 0 0 1
outer loop
vertex 1.171677827835083 48.399967193603516 0
vertex -11.300000190734863 45.399967193603516 0
vertex 1.3453260660171509 48.4151611328125 0
endloop
endfacet
facet normal 0 0 1
outer loop
vertex 25.864112854003906 43.93179702758789 0
vertex 24.609045028686523 46.015281677246094 0
vertex 27.15682601928711 40.81837844848633 0
endloop
endfacet
facet normal 0 0 1
outer loop
vertex 27.799999237060547 37.19996643066406 0
vertex 24.609045028686523 46.015281677246094 0
vertex 24.470481872558594 46.205997467041016 0
endloop
endfacet
facet normal 0 0 1
outer loop
vertex -11.300000190734863 45.399967193603516 0
vertex 2.7367162704467773 48.039520263671875 0
vertex 1.3453260660171509 48.4151611328125 0
endloop
endfacet
facet normal 0 0 1
outer loop
vertex 0.9604484438896179 46.26325225830078 0
vertex 2.7367162704467773 48.039520263671875 0
vertex -11.300000190734863 45.399967193603516 0
endloop
endfacet
facet normal 0 0 1
outer loop
vertex -11.300000190734863 45.399967193603516 0
vertex 0.35597068071365356 45.399967193603516 0
vertex 0.9604484438896179 46.26325225830078 0
endloop
endfacet
facet normal 0 -1 0
outer loop
vertex -53.70000076293945 -44.20003128051758 -1
vertex -58.20000076293945 -44.20003128051758 -1
vertex -53.70000076293945 -44.20003128051758 -1.5076520442962646
endloop
endfacet
facet normal 0 0 1
outer loop
vertex 24.609045028686523 46.015281677246094 0
vertex 27.799999237060547 37.19996643066406 0
vertex 27.15682601928711 40.81837844848633 0
endloop
endfacet
facet normal 0 0 1
outer loop
vertex -12.542640686035156 48.399967193603516 0
vertex -11.300000190734863 45.399967193603516 0
vertex 1.171677827835083 48.399967193603516 0
endloop
endfacet
facet normal 0 -1 0
outer loop
vertex 29.074024200439453 -44.20003128051758 -11.335819244384766
vertex 28.5 -44.20003128051758 -11.449999809265137
vertex 58.20000076293945 -44.20003128051758 -13.100000381469727
endloop
endfacet
facet normal 0 -1 0
outer loop
vertex 29.560659408569336 -44.20003128051758 -11.010660171508789
vertex 29.074024200439453 -44.20003128051758 -11.335819244384766
vertex 58.20000076293945 -44.20003128051758 -13.100000381469727
endloop
endfacet
facet normal 0 0 1
outer loop
vertex 24.609045028686523 46.015281677246094 0
vertex 25.864112854003906 43.93179702758789 0
vertex 25.757089614868164 44.141841888427734 0
endloop
endfacet
facet normal 0 0 1
outer loop
vertex 22.876808166503906 48.0434684753418 0
vertex 27.799999237060547 37.19996643066406 0
vertex 23.043502807617188 47.87677764892578 0
endloop
endfacet
facet normal 0 0 1
outer loop
vertex 25.542015075683594 41.92885971069336 0
vertex 22.876808166503906 48.0434684753418 0
vertex 24.480388641357422 44.20552444458008 0
endloop
endfacet
facet normal 0 0 1
outer loop
vertex 22.876808166503906 48.0434684753418 0
vertex 23.03955078125 46.26325225830078 0
vertex 24.480388641357422 44.20552444458008 0
endloop
endfacet
facet normal 0 -1 0
outer loop
vertex 29.885818481445312 -44.20003128051758 -10.524024963378906
vertex 29.560659408569336 -44.20003128051758 -11.010660171508789
vertex 58.20000076293945 -44.20003128051758 -13.100000381469727
endloop
endfacet
facet normal 0 -1 0
outer loop
vertex 29.885818481445312 -44.20003128051758 -10.524024963378906
vertex 58.20000076293945 -44.20003128051758 -13.100000381469727
vertex 30 -44.20003128051758 -9.949999809265137
endloop
endfacet
facet normal 0 0 1
outer loop
vertex 27.799999237060547 37.19996643066406 0
vertex 24.470481872558594 46.205997467041016 0
vertex 23.043502807617188 47.87677764892578 0
endloop
endfacet
facet normal 0 0 1
outer loop
vertex 27.799999237060547 37.19996643066406 0
vertex 22.876808166503906 48.0434684753418 0
vertex 25.542015075683594 41.92885971069336 0
endloop
endfacet
facet normal 0 0 1
outer loop
vertex -12.542640686035156 48.399967193603516 0
vertex -14.300000190734863 41.19996643066406 0
vertex -11.300000190734863 45.399967193603516 0
endloop
endfacet
facet normal 0 0 1
outer loop
vertex -14.300000190734863 46.642608642578125 0
vertex -14.300000190734863 41.19996643066406 0
vertex -12.542640686035156 48.399967193603516 0
endloop
endfacet
facet normal 0 0 1
outer loop
vertex -14.300000190734863 41.19996643066406 0
vertex -11.800000190734863 37.19996643066406 0
vertex -11.300000190734863 45.399967193603516 0
endloop
endfacet
facet normal 0 0 1
outer loop
vertex -11.800000190734863 37.19996643066406 0
vertex -11.300000190734863 36.999969482421875 0
vertex -11.300000190734863 45.399967193603516 0
endloop
endfacet
facet normal 0 0 1
outer loop
vertex -54.89134216308594 -42.961971282958984 0
vertex -55.05355453491211 -42.85358428955078 0
vertex -57.20000076293945 -43.20003128051758 0
endloop
endfacet
facet normal 0 0 1
outer loop
vertex -57.20000076293945 -43.20003128051758 0
vertex -55.16194152832031 -42.691375732421875 0
vertex -55.20000076293945 -42.500030517578125 0
endloop
endfacet
facet normal 0 0 1
outer loop
vertex -55.16194152832031 -42.691375732421875 0
vertex -57.20000076293945 -43.20003128051758 0
vertex -55.05355453491211 -42.85358428955078 0
endloop
endfacet
facet normal 0 0 1
outer loop
vertex -57.20000076293945 -43.20003128051758 0
vertex -55.20000076293945 -42.500030517578125 0
vertex -55.20000076293945 -41.500030517578125 0
endloop
endfacet
facet normal 0 0 1
outer loop
vertex -57.20000076293945 -43.20003128051758 0
vertex -55.20000076293945 -41.500030517578125 0
vertex -55.16194152832031 -41.30868911743164 0
endloop
endfacet
facet normal 0 0 1
outer loop
vertex -57.20000076293945 -43.20003128051758 0
vertex -55.16194152832031 -41.30868911743164 0
vertex -52.20000076293945 -35.20003128051758 0
endloop
endfacet
facet normal 0 0 1
outer loop
vertex -14.300000190734863 41.19996643066406 0
vertex -14.315192222595215 41.02632141113281 0
vertex -11.800000190734863 37.19996643066406 0
endloop
endfacet
facet normal 0 0 1
outer loop
vertex -14.315192222595215 41.02632141113281 0
vertex -14.360307693481445 40.857948303222656 0
vertex -11.800000190734863 37.19996643066406 0
endloop
endfacet
facet normal 0 0 1
outer loop
vertex -14.360307693481445 40.857948303222656 0
vertex -14.433974266052246 40.69996643066406 0
vertex -11.800000190734863 37.19996643066406 0
endloop
endfacet
facet normal 0 0 1
outer loop
vertex -14.433974266052246 40.69996643066406 0
vertex -14.533955574035645 40.55717849731445 0
vertex -11.800000190734863 37.19996643066406 0
endloop
endfacet
facet normal 0 0 1
outer loop
vertex 18.93182945251465 50.86408233642578 0
vertex 21.01531219482422 49.609012603759766 0
vertex 19.141876220703125 50.757057189941406 0
endloop
endfacet
facet normal 0 0 1
outer loop
vertex 16.901865005493164 51.70492172241211 0
vertex 16.677661895751953 51.777767181396484 0
vertex 21.263282775878906 48.039520263671875 0
endloop
endfacet
facet normal 0 0 1
outer loop
vertex -14.533955574035645 40.55717849731445 0
vertex -14.657212257385254 40.433921813964844 0
vertex -11.800000190734863 37.19996643066406 0
endloop
endfacet
facet normal 0 0 1
outer loop
vertex -14.657212257385254 40.433921813964844 0
vertex -14.800000190734863 40.33394241333008 0
vertex -11.800000190734863 37.19996643066406 0
endloop
endfacet
facet normal 0 0 1
outer loop
vertex -14.800000190734863 40.33394241333008 0
vertex -14.957980155944824 40.260276794433594 0
vertex -11.800000190734863 37.19996643066406 0
endloop
endfacet
facet normal 0 0 1
outer loop
vertex -14.957980155944824 40.260276794433594 0
vertex -15.126351356506348 40.21516036987305 0
vertex -11.800000190734863 37.19996643066406 0
endloop
endfacet
facet normal 0 0 1
outer loop
vertex -15.126351356506348 40.21516036987305 0
vertex -15.300000190734863 40.19996643066406 0
vertex -11.800000190734863 37.19996643066406 0
endloop
endfacet
facet normal 0 0 1
outer loop
vertex -11.800000190734863 37.19996643066406 0
vertex -11.800000190734863 36.999969482421875 0
vertex -11.300000190734863 36.999969482421875 0
endloop
endfacet
facet normal 0 0 1
outer loop
vertex -49.599998474121094 -43.000030517578125 0
vertex -54.89134216308594 -42.961971282958984 0
vertex -57.20000076293945 -43.20003128051758 0
endloop
endfacet
facet normal 0 -1 0
outer loop
vertex 30 -44.20003128051758 -9.949999809265137
vertex 58.20000076293945 -44.20003128051758 -13.100000381469727
vertex 43.20000076293945 -44.20003128051758 -5
endloop
endfacet
facet normal 0 -1 0
outer loop
vertex 43.20000076293945 -44.20003128051758 -5
vertex 58.20000076293945 -44.20003128051758 -13.100000381469727
vertex 55.20000076293945 -44.20003128051758 -5
endloop
endfacet
facet normal 1 0 0
outer loop
vertex 58.20000076293945 -44.20003128051758 -1
vertex 58.20000076293945 -44.20003128051758 -13.100000381469727
vertex 58.20000076293945 34.680885314941406 -13.100000381469727
endloop
endfacet
facet normal 0 0 1
outer loop
vertex 18.93182945251465 50.86408233642578 0
vertex 22.876808166503906 48.0434684753418 0
vertex 21.206029891967773 49.4704475402832 0
endloop
endfacet
facet normal 0 0 1
outer loop
vertex 21.206029891967773 49.4704475402832 0
vertex 21.01531219482422 49.609012603759766 0
vertex 18.93182945251465 50.86408233642578 0
endloop
endfacet
facet normal 0 0 1
outer loop
vertex -15.300000190734863 40.19996643066406 0
vertex -57.20000076293945 40.19996643066406 0
vertex -11.800000190734863 37.19996643066406 0
endloop
endfacet
facet normal 0 0 1
outer loop
vertex 18.93182945251465 50.86408233642578 0
vertex 23.03955078125 46.26325225830078 0
vertex 22.876808166503906 48.0434684753418 0
endloop
endfacet
facet normal 0 0 1
outer loop
vertex -49.599998474121094 -43.000030517578125 0
vertex -57.20000076293945 -43.20003128051758 0
vertex -49.599998474121094 -43.20003128051758 0
endloop
endfacet
facet normal 0 0 1
outer loop
vertex -52.20000076293945 -35.20003128051758 0
vertex -55.16194152832031 -41.30868911743164 0
vertex -55.05355453491211 -41.146480560302734 0
endloop
endfacet
facet normal 0 0 1
outer loop
vertex -52.20000076293945 -35.20003128051758 0
vertex -55.05355453491211 -41.146480560302734 0
vertex -54.89134216308594 -41.03809356689453 0
endloop
endfacet
facet normal 0 0 1
outer loop
vertex -52.20000076293945 -35.20003128051758 0
vertex -54.89134216308594 -41.03809356689453 0
vertex -47.29999923706055 -40.20003128051758 0
endloop
endfacet
facet normal 0 0 1
outer loop
vertex 18.93182945251465 50.86408233642578 0
vertex 21.263282775878906 48.039520263671875 0
vertex 23.03955078125 46.26325225830078 0
endloop
endfacet
facet normal 0 0 1
outer loop
vertex 21.263282775878906 48.039520263671875 0
vertex 18.93182945251465 50.86408233642578 0
vertex 16.901865005493164 51.70492172241211 0
endloop
endfacet
facet normal 0 0 1
outer loop
vertex 16.677661895751953 51.777767181396484 0
vertex 19.205554962158203 49.48035430908203 0
vertex 21.263282775878906 48.039520263671875 0
endloop
endfacet
facet normal 0.1564372909601748 0.9876878930092449 0
outer loop
vertex 14.425943374633789 53.3214111328125 -13.078324317932129
vertex 14.425943374633789 53.3214111328125 -1
vertex 14.736393928527832 53.272239685058594 -1
endloop
endfacet
facet normal 0.0784592790765323 0.9969173193032538 7.130789950829182e-8
outer loop
vertex 14.425943374633789 53.3214111328125 -1
vertex 12.157160758972168 53.499969482421875 -13.100000381469727
vertex 12.337555885314941 53.48577117919922 -1
endloop
endfacet
facet normal 0.07846403260681671 0.9969169451800266 0
outer loop
vertex 12.157160758972168 53.499969482421875 -13.100000381469727
vertex 12.157160758972168 53.499969482421875 -1
vertex 12.337555885314941 53.48577117919922 -1
endloop
endfacet
facet normal 0 0 1
outer loop
vertex 16.677661895751953 51.777767181396484 0
vertex 16.928890228271484 50.5419807434082 0
vertex 19.205554962158203 49.48035430908203 0
endloop
endfacet
facet normal 0 0 1
outer loop
vertex 16.677661895751953 51.777767181396484 0
vertex 11.882129669189453 52.499969482421875 0
vertex 16.928890228271484 50.5419807434082 0
endloop
endfacet
facet normal 0 1 0
outer loop
vertex -12.956853866577148 49.399967193603516 -13.100000381469727
vertex -12.956853866577148 49.399967193603516 -1
vertex 1.171677827835083 49.399967193603516 -1
endloop
endfacet
facet normal -0.7071063494912325 0.7071072128815991 0
outer loop
vertex -12.956853866577148 49.399967193603516 -1
vertex -15.300000190734863 47.05682373046875 -13.100000381469727
vertex -15.300000190734863 47.05682373046875 -1
endloop
endfacet
facet normal 0 1 0
outer loop
vertex 12.157160758972168 53.499969482421875 -1
vertex 11.842839241027832 53.499969482421875 -13.078324317932129
vertex 11.842839241027832 53.499969482421875 -1
endloop
endfacet
facet normal -0.07846444486198431 0.9969169127322921 9.03290488745011e-7
outer loop
vertex 11.842839241027832 53.499969482421875 -1
vertex 9.574056625366211 53.3214111328125 -13.100000381469727
vertex 11.662445068359375 53.48577117919922 -1
endloop
endfacet
facet normal -0.07845924346821918 0.9969173221056973 0
outer loop
vertex 9.574056625366211 53.3214111328125 -13.100000381469727
vertex 9.574056625366211 53.3214111328125 -1
vertex 11.662445068359375 53.48577117919922 -1
endloop
endfacet
facet normal -0.1564372909601748 0.9876878930092449 0
outer loop
vertex 9.574056625366211 53.3214111328125 -1
vertex 9.263606071472168 53.272239685058594 -13.078324317932129
vertex 9.263606071472168 53.272239685058594 -1
endloop
endfacet
facet normal -0.2334446690738317 0.9723700871998322 0
outer loop
vertex 9.263606071472168 53.272239685058594 -1
vertex 7.05068826675415 52.740966796875 -13.100000381469727
vertex 7.05068826675415 52.740966796875 -1
endloop
endfacet
facet normal -0.30902566481992755 0.9510536990531091 0
outer loop
vertex 6.751750946044922 52.64383316040039 -13.078324317932129
vertex 6.751750946044922 52.64383316040039 -1
vertex 7.05068826675415 52.740966796875 -1
endloop
endfacet
facet normal -0.3826821427667074 0.9238800666793723 0
outer loop
vertex 4.6491875648498535 51.772926330566406 -13.100000381469727
vertex 4.6491875648498535 51.772926330566406 -1
vertex 6.751750946044922 52.64383316040039 -1
endloop
endfacet
facet normal -1 0 0
outer loop
vertex -15.300000190734863 41.19996643066406 -13.928426742553711
vertex -15.300000190734863 41.19996643066406 -1
vertex -15.300000190734863 47.05682373046875 -1
endloop
endfacet
facet normal 0 0 1
outer loop
vertex 0.35597068071365356 28.59996795654297 0
vertex -3.799999952316284 21.199968338012695 0
vertex 0.9604484438896179 27.736684799194336 0
endloop
endfacet
facet normal 0 0 1
outer loop
vertex -3.799999952316284 28.59996795654297 0
vertex -3.799999952316284 21.199968338012695 0
vertex 0.35597068071365356 28.59996795654297 0
endloop
endfacet
facet normal 0 0 1
outer loop
vertex -3.799999952316284 21.199968338012695 0
vertex 2.7367162704467773 25.960416793823242 0
vertex 0.9604484438896179 27.736684799194336 0
endloop
endfacet
facet normal 0 0 1
outer loop
vertex 53.70000076293945 -6.800032138824463 0
vertex 53.70000076293945 -40.20003128051758 0
vertex 57.20000076293945 40.19996643066406 0
endloop
endfacet
facet normal 0 0 1
outer loop
vertex 27.799999237060547 37.19996643066406 0
vertex 27.212039947509766 40.69996643066406 0
vertex 27.15682601928711 40.81837844848633 0
endloop
endfacet
facet normal -0.4539945930056668 0.891004438553265 0
outer loop
vertex 4.6491875648498535 51.772926330566406 -1
vertex 4.369125843048096 51.630226135253906 -13.060014724731445
vertex 4.369125843048096 51.630226135253906 -1
endloop
endfacet
facet normal 0 0 1
outer loop
vertex 57.20000076293945 40.19996643066406 0
vertex 54.89134216308594 -41.03809356689453 0
vertex 55.05355453491211 -41.146480560302734 0
endloop
endfacet
facet normal 0 0 1
outer loop
vertex 55.05355453491211 -41.146480560302734 0
vertex 55.16194152832031 -41.30868911743164 0
vertex 57.20000076293945 40.19996643066406 0
endloop
endfacet
facet normal 0 0 1
outer loop
vertex 55.16194152832031 -41.30868911743164 0
vertex 55.20000076293945 -41.500030517578125 0
vertex 57.20000076293945 40.19996643066406 0
endloop
endfacet
facet normal -0.5224991825232034 0.852639785761008 8.079115266332987e-8
outer loop
vertex 2.4286887645721436 50.441123962402344 -12.948502540588379
vertex 3.1408193111419678 50.87751770019531 -1
vertex 4.369125843048096 51.630226135253906 -1
endloop
endfacet
facet normal 0 1 0
outer loop
vertex -48 41.19996643066406 -2.5
vertex -48 41.19996643066406 -1.100000023841858
vertex -15.300000190734863 41.19996643066406 -1
endloop
endfacet
facet normal 0 0 1
outer loop
vertex 54.70000076293945 -41.000030517578125 0
vertex 54.89134216308594 -41.03809356689453 0
vertex 57.20000076293945 40.19996643066406 0
endloop
endfacet
facet normal 0 0 1
outer loop
vertex 54.70000076293945 -41.000030517578125 0
vertex 57.20000076293945 40.19996643066406 0
vertex 53.70000076293945 -40.20003128051758 0
endloop
endfacet
facet normal 0 0 1
outer loop
vertex 27.904417037963867 40.21516036987305 0
vertex 27.799999237060547 37.19996643066406 0
vertex 28.078065872192383 40.19996643066406 0
endloop
endfacet
facet normal 0 0 1
outer loop
vertex 27.736045837402344 40.260276794433594 0
vertex 27.799999237060547 37.19996643066406 0
vertex 27.904417037963867 40.21516036987305 0
endloop
endfacet
facet normal 0 0 1
outer loop
vertex 27.312021255493164 40.55717849731445 0
vertex 27.799999237060547 37.19996643066406 0
vertex 27.435277938842773 40.433921813964844 0
endloop
endfacet
facet normal 0 0 1
outer loop
vertex 27.578065872192383 40.33394241333008 0
vertex 27.799999237060547 37.19996643066406 0
vertex 27.736045837402344 40.260276794433594 0
endloop
endfacet
facet normal 0 0 1
outer loop
vertex 27.799999237060547 37.19996643066406 0
vertex 27.578065872192383 40.33394241333008 0
vertex 27.435277938842773 40.433921813964844 0
endloop
endfacet
facet normal 0 0 1
outer loop
vertex 27.799999237060547 37.19996643066406 0
vertex 27.312021255493164 40.55717849731445 0
vertex 27.212039947509766 40.69996643066406 0
endloop
endfacet
facet normal 0 0 1
outer loop
vertex 25.542015075683594 41.92885971069336 0
vertex 26.19217300415039 39.5024299621582 0
vertex 27.799999237060547 37.19996643066406 0
endloop
endfacet
facet normal 0 0 1
outer loop
vertex 26.19217300415039 39.5024299621582 0
vertex 26.41111183166504 36.999969482421875 0
vertex 27.799999237060547 37.19996643066406 0
endloop
endfacet
facet normal 0 0 1
outer loop
vertex 26.41111183166504 36.999969482421875 0
vertex 26.19217300415039 34.49750518798828 0
vertex 27.799999237060547 37.19996643066406 0
endloop
endfacet
facet normal 0 0 1
outer loop
vertex 55.20000076293945 -41.500030517578125 0
vertex 57.20000076293945 -43.20003128051758 0
vertex 57.20000076293945 40.19996643066406 0
endloop
endfacet
facet normal 0 1 0
outer loop
vertex -16.902175903320312 41.19996643066406 -13.139182090759277
vertex -17.299999237060547 41.19996643066406 -13.100000381469727
vertex -15.300000190734863 41.19996643066406 -1
endloop
endfacet
facet normal 0 1 0
outer loop
vertex -15.300000190734863 41.19996643066406 -1
vertex -50.20000076293945 41.19996643066406 -3.5
vertex -48 41.19996643066406 -2.5
endloop
endfacet
facet normal 0 0 1
outer loop
vertex 26.19217300415039 34.49750518798828 0
vertex 27.799999237060547 21.199968338012695 0
vertex 27.799999237060547 37.19996643066406 0
endloop
endfacet
facet normal 0 0 1
outer loop
vertex 25.542015075683594 32.07107925415039 0
vertex 27.799999237060547 21.199968338012695 0
vertex 26.19217300415039 34.49750518798828 0
endloop
endfacet
facet normal 0 1 0
outer loop
vertex -48.20000076293945 41.19996643066406 -3.5
vertex -50.20000076293945 41.19996643066406 -3.5
vertex -15.300000190734863 41.19996643066406 -1
endloop
endfacet
facet normal -0.5224981970397932 0.8526403896662212 0
outer loop
vertex 2.4286887645721436 50.441123962402344 -12.948502540588379
vertex 2.4286887645721436 50.441123962402344 -1
vertex 3.1408193111419678 50.87751770019531 -1
endloop
endfacet
facet normal 0 0 1
outer loop
vertex -57.20000076293945 40.19996643066406 0
vertex -52.20000076293945 37.19996643066406 0
vertex -11.800000190734863 37.19996643066406 0
endloop
endfacet
facet normal -0.5877859256265399 0.8090165051686843 0
outer loop
vertex 2.4286887645721436 50.441123962402344 -1
vertex 2.1743979454040527 50.256370544433594 -12.957780838012695
vertex 2.1743979454040527 50.256370544433594 -1
endloop
endfacet
facet normal 0.8910056424812559 0.45399223018303336 0
outer loop
vertex 26.77295684814453 44.35078048706055 -1
vertex 26.630258560180664 44.63084030151367 -13.078324317932129
vertex 26.630258560180664 44.63084030151367 -1
endloop
endfacet
facet normal 0.8526400359918965 0.5224987741839567 0
outer loop
vertex 26.630258560180664 44.63084030151367 -1
vertex 25.4411563873291 46.5712776184082 -13.100000381469727
vertex 25.4411563873291 46.5712776184082 -1
endloop
endfacet
facet normal 0 0 1
outer loop
vertex 55.20000076293945 -41.500030517578125 0
vertex 55.20000076293945 -42.500030517578125 0
vertex 57.20000076293945 -43.20003128051758 0
endloop
endfacet
facet normal 0 0 1
outer loop
vertex 55.20000076293945 -42.500030517578125 0
vertex 55.16194152832031 -42.691375732421875 0
vertex 57.20000076293945 -43.20003128051758 0
endloop
endfacet
facet normal 0 0 1
outer loop
vertex 55.16194152832031 -42.691375732421875 0
vertex 55.05355453491211 -42.85358428955078 0
vertex 57.20000076293945 -43.20003128051758 0
endloop
endfacet
facet normal 0 0 1
outer loop
vertex 14.541152954101562 52.29069900512695 0
vertex 11.882129669189453 52.499969482421875 0
vertex 16.677661895751953 51.777767181396484 0
endloop
endfacet
facet normal 0 0 1
outer loop
vertex 14.541152954101562 52.29069900512695 0
vertex 14.30831527709961 52.32757568359375 0
vertex 11.882129669189453 52.499969482421875 0
endloop
endfacet
facet normal 0 0 1
outer loop
vertex 12.117870330810547 52.499969482421875 0
vertex 11.882129669189453 52.499969482421875 0
vertex 14.30831527709961 52.32757568359375 0
endloop
endfacet
facet normal 0 0 1
outer loop
vertex 55.05355453491211 -42.85358428955078 0
vertex 54.89134216308594 -42.961971282958984 0
vertex 57.20000076293945 -43.20003128051758 0
endloop
endfacet
facet normal 0 0 1
outer loop
vertex 54.89134216308594 -42.961971282958984 0
vertex 54.70000076293945 -43.000030517578125 0
vertex 57.20000076293945 -43.20003128051758 0
endloop
endfacet
facet normal 0 0 1
outer loop
vertex 53.70000076293945 -40.20003128051758 0
vertex 53 -40.500030517578125 0
vertex 54.70000076293945 -41.000030517578125 0
endloop
endfacet
facet normal 0 0 1
outer loop
vertex 53 -40.20003128051758 0
vertex 53 -40.500030517578125 0
vertex 53.70000076293945 -40.20003128051758 0
endloop
endfacet
facet normal 0 0 1
outer loop
vertex -47.29999923706055 -40.20003128051758 0
vertex -54.89134216308594 -41.03809356689453 0
vertex -46 -40.500030517578125 0
endloop
endfacet
facet normal 0 0 1
outer loop
vertex -46 -40.500030517578125 0
vertex -54.89134216308594 -41.03809356689453 0
vertex -43.70000076293945 -41.000030517578125 0
endloop
endfacet
facet normal 0 0 1
outer loop
vertex 54.70000076293945 -43.000030517578125 0
vertex 49.599998474121094 -43.000030517578125 0
vertex 57.20000076293945 -43.20003128051758 0
endloop
endfacet
facet normal 0 0 1
outer loop
vertex 11.882129669189453 52.499969482421875 0
vertex 14.502463340759277 51.192142486572266 0
vertex 16.928890228271484 50.5419807434082 0
endloop
endfacet
facet normal 0 0 1
outer loop
vertex 9.69168472290039 52.32757568359375 0
vertex 14.502463340759277 51.192142486572266 0
vertex 11.882129669189453 52.499969482421875 0
endloop
endfacet
facet normal 0 1 0
outer loop
vertex 12.157160758972168 53.499969482421875 -13.100000381469727
vertex 11.842839241027832 53.499969482421875 -13.078324317932129
vertex 12.157160758972168 53.499969482421875 -1
endloop
endfacet
facet normal 0.07845965703876415 0.9969172895568414 0
outer loop
vertex 14.425943374633789 53.3214111328125 -13.078324317932129
vertex 12.157160758972168 53.499969482421875 -13.100000381469727
vertex 14.425943374633789 53.3214111328125 -1
endloop
endfacet
facet normal 0 0 1
outer loop
vertex 9.458847045898438 52.29069900512695 0
vertex 12 51.41107940673828 0
vertex 14.502463340759277 51.192142486572266 0
endloop
endfacet
facet normal 0 0 1
outer loop
vertex 9.69168472290039 52.32757568359375 0
vertex 9.458847045898438 52.29069900512695 0
vertex 14.502463340759277 51.192142486572266 0
endloop
endfacet
facet normal 0 0 1
outer loop
vertex 49.599998474121094 -43.000030517578125 0
vertex 49.599998474121094 -43.20003128051758 0
vertex 57.20000076293945 -43.20003128051758 0
endloop
endfacet
facet normal 0.1564372909601748 0.9876878930092449 0
outer loop
vertex 14.736393928527832 53.272239685058594 -13.100000381469727
vertex 14.425943374633789 53.3214111328125 -13.078324317932129
vertex 14.736393928527832 53.272239685058594 -1
endloop
endfacet
facet normal 0.23344462151273468 0.9723700986182042 0
outer loop
vertex 16.949312210083008 52.740966796875 -13.078324317932129
vertex 14.736393928527832 53.272239685058594 -13.100000381469727
vertex 16.949312210083008 52.740966796875 -1
endloop
endfacet
facet normal 0 -1 0
outer loop
vertex 53.70000076293945 -44.20003128051758 -1
vertex 53.70000076293945 -44.20003128051758 -1.5076520442962646
vertex 58.20000076293945 -44.20003128051758 -1
endloop
endfacet
facet normal 0.3090261106765014 0.9510535541809172 0
outer loop
vertex 17.248249053955078 52.64383316040039 -1
vertex 17.248249053955078 52.64383316040039 -13.100000381469727
vertex 16.949312210083008 52.740966796875 -13.078324317932129
endloop
endfacet
facet normal 0.5877877291190642 0.8090151948493016 0
outer loop
vertex 21.82560157775879 50.256370544433594 -13.100000381469727
vertex 21.571311950683594 50.441123962402344 -13.078324317932129
vertex 21.82560157775879 50.256370544433594 -1
endloop
endfacet
facet normal 0 0 1
outer loop
vertex -48.79999923706055 -43.000030517578125 0
vertex -48.79999923706055 -43.20003128051758 0
vertex -43.50865936279297 -42.961971282958984 0
endloop
endfacet
facet normal 0 0 1
outer loop
vertex 9.458847045898438 52.29069900512695 0
vertex 9.497536659240723 51.192142486572266 0
vertex 12 51.41107940673828 0
endloop
endfacet
facet normal 0 0 1
outer loop
vertex -46 -40.20003128051758 0
vertex -47.29999923706055 -40.20003128051758 0
vertex -46 -40.500030517578125 0
endloop
endfacet
facet normal -0.6494478139538115 0.7604061657763012 0
outer loop
vertex 2.1743979454040527 50.256370544433594 -1
vertex 1.171677827835083 49.399967193603516 -13.203216552734375
vertex 1.171677827835083 49.399967193603516 -1
endloop
endfacet
facet normal 0 0 1
outer loop
vertex -47.29999923706055 -35.20003128051758 0
vertex -52.20000076293945 -35.20003128051758 0
vertex -47.29999923706055 -40.20003128051758 0
endloop
endfacet
facet normal 0.4539945930056668 0.891004438553265 0
outer loop
vertex 19.630874633789062 51.630226135253906 -13.100000381469727
vertex 19.350812911987305 51.772926330566406 -13.078324317932129
vertex 19.630874633789062 51.630226135253906 -1
endloop
endfacet
facet normal 0 0 1
outer loop
vertex 7.322338104248047 51.777767181396484 0
vertex 9.497536659240723 51.192142486572266 0
vertex 9.458847045898438 52.29069900512695 0
endloop
endfacet
facet normal 0 0 1
outer loop
vertex 7.322338104248047 51.777767181396484 0
vertex 7.098135471343994 51.70492172241211 0
vertex 9.497536659240723 51.192142486572266 0
endloop
endfacet
facet normal 0 0 1
outer loop
vertex 7.098135471343994 51.70492172241211 0
vertex 7.071109771728516 50.5419807434082 0
vertex 9.497536659240723 51.192142486572266 0
endloop
endfacet
facet normal 0 1 0
outer loop
vertex -58.20000076293945 41.19996643066406 -1
vertex -48 41.19996643066406 -1.100000023841858
vertex -50.400001525878906 41.19996643066406 -1.100000023841858
endloop
endfacet
facet normal 0 1 0
outer loop
vertex -58.20000076293945 41.19996643066406 -1
vertex -50.400001525878906 41.19996643066406 -1.100000023841858
vertex -50.400001525878906 41.19996643066406 -2.5
endloop
endfacet
facet normal 0.3826820686885265 0.9238800973634348 0
outer loop
vertex 19.350812911987305 51.772926330566406 -13.078324317932129
vertex 17.248249053955078 52.64383316040039 -13.100000381469727
vertex 19.350812911987305 51.772926330566406 -1
endloop
endfacet
facet normal 0.5224987741839567 0.8526400359918965 0
outer loop
vertex 21.571311950683594 50.441123962402344 -13.078324317932129
vertex 19.630874633789062 51.630226135253906 -13.100000381469727
vertex 21.571311950683594 50.441123962402344 -1
endloop
endfacet
facet normal 0.8090172913545245 0.5877848435349354 0
outer loop
vertex 25.25640296936035 46.82556915283203 -13.078324317932129
vertex 25.4411563873291 46.5712776184082 -1
vertex 25.4411563873291 46.5712776184082 -13.100000381469727
endloop
endfacet
facet normal 0.9238805829044598 0.3826808964818016 0
outer loop
vertex 28.078065872192383 41.19996643066406 -1
vertex 28.078065872192383 41.19996643066406 -13.505379676818848
vertex 27.883689880371094 41.66923522949219 -13.264784812927246
endloop
endfacet
facet normal 0 1 0
outer loop
vertex 28.585996627807617 41.19996643066406 -13.264784812927246
vertex 28.078065872192383 41.19996643066406 -13.505379676818848
vertex 28.078065872192383 41.19996643066406 -1
endloop
endfacet
facet normal 0.9238782755154187 0.3826864670073843 2.4970473833462587e-7
outer loop
vertex 28.078065872192383 41.19996643066406 -1
vertex 27.883689880371094 41.66923522949219 -13.264784812927246
vertex 27.718904495239258 42.06705856323242 -13.139182090759277
endloop
endfacet
facet normal 0 0 1
outer loop
vertex 7.098135471343994 51.70492172241211 0
vertex 5.068170547485352 50.86408233642578 0
vertex 7.071109771728516 50.5419807434082 0
endloop
endfacet
facet normal -1 0 0
outer loop
vertex -58.20000076293945 -37.680946350097656 -13.100000381469727
vertex -58.20000076293945 -44.20003128051758 -1
vertex -58.20000076293945 41.19996643066406 -1
endloop
endfacet
facet normal 0 -1 0
outer loop
vertex 16.5 -44.20003128051758 -3.450000047683716
vertex 28.5 -44.20003128051758 -3.450000047683716
vertex -44.70000076293945 -44.20003128051758 -1
endloop
endfacet
facet normal 0 -1 0
outer loop
vertex 44.70000076293945 -44.20003128051758 -1
vertex -44.70000076293945 -44.20003128051758 -1
vertex 28.5 -44.20003128051758 -3.450000047683716
endloop
endfacet
facet normal 0.923879742708419 0.38268292490392514 -4.671466401705589e-8
outer loop
vertex 27.718904495239258 42.06705856323242 -13.139182090759277
vertex 27.56666374206543 42.434600830078125 -13.100000381469727
vertex 28.078065872192383 41.19996643066406 -1
endloop
endfacet
facet normal 0 1 0
outer loop
vertex 29.016599655151367 41.19996643066406 -13.139182090759277
vertex 28.585996627807617 41.19996643066406 -13.264784812927246
vertex 28.078065872192383 41.19996643066406 -1
endloop
endfacet
facet normal 0.707109815256892 0.7071037471031842 0
outer loop
vertex 23.556133270263672 48.778358459472656 -13.078324317932129
vertex 23.556133270263672 48.778358459472656 -1
vertex 23.778390884399414 48.55609893798828 -1
endloop
endfacet
facet normal 0 0 1
outer loop
vertex -57.20000076293945 -43.20003128051758 0
vertex -52.20000076293945 -35.20003128051758 0
vertex -52.20000076293945 37.19996643066406 0
endloop
endfacet
facet normal 0 -1 0
outer loop
vertex -43.20000076293945 -44.20003128051758 -4
vertex -43.20000076293945 -44.20003128051758 -5
vertex 15 -44.20003128051758 -4.949999809265137
endloop
endfacet
facet normal 0 -1 0
outer loop
vertex -48.79999923706055 -44.20003128051758 -1.6661099195480347
vertex -43.20000076293945 -44.20003128051758 -4
vertex 15 -44.20003128051758 -4.949999809265137
endloop
endfacet
facet normal 0 -1 0
outer loop
vertex 15 -44.20003128051758 -4.949999809265137
vertex 15.114180564880371 -44.20003128051758 -4.375974655151367
vertex -45.44722366333008 -44.20003128051758 -1.5589157342910767
endloop
endfacet
facet normal 0 -1 0
outer loop
vertex -48.05387496948242 -44.20003128051758 -1.6591570377349854
vertex -48.79999923706055 -44.20003128051758 -1.6661099195480347
vertex 15 -44.20003128051758 -4.949999809265137
endloop
endfacet
facet normal 0 -1 0
outer loop
vertex -46.83419418334961 -44.20003128051758 -1.6254053115844727
vertex -48.05387496948242 -44.20003128051758 -1.6591570377349854
vertex 15 -44.20003128051758 -4.949999809265137
endloop
endfacet
facet normal 0 -1 0
outer loop
vertex -46.159088134765625 -44.20003128051758 -1.5949000120162964
vertex -46.83419418334961 -44.20003128051758 -1.6254053115844727
vertex 15 -44.20003128051758 -4.949999809265137
endloop
endfacet
facet normal 0 -1 0
outer loop
vertex -45.44722366333008 -44.20003128051758 -1.5589157342910767
vertex -46.159088134765625 -44.20003128051758 -1.5949000120162964
vertex 15 -44.20003128051758 -4.949999809265137
endloop
endfacet
facet normal 0 -1 0
outer loop
vertex -44.70000076293945 -44.20003128051758 -1.5076520442962646
vertex -45.44722366333008 -44.20003128051758 -1.5589157342910767
vertex 15.114180564880371 -44.20003128051758 -4.375974655151367
endloop
endfacet
facet normal 0 -1 0
outer loop
vertex -44.70000076293945 -44.20003128051758 -1
vertex -44.70000076293945 -44.20003128051758 -1.5076520442962646
vertex 15.439339637756348 -44.20003128051758 -3.8893399238586426
endloop
endfacet
facet normal 0 1 0
outer loop
vertex 29.016599655151367 41.19996643066406 -13.139182090759277
vertex 28.078065872192383 41.19996643066406 -1
vertex 29.4144229888916 41.19996643066406 -13.100000381469727
endloop
endfacet
facet normal 0.923879653190736 0.3826831410189962 -2.0879736343754267e-8
outer loop
vertex 28.078065872192383 41.19996643066406 -1
vertex 27.56666374206543 42.434600830078125 -13.100000381469727
vertex 26.77295684814453 44.35078048706055 -13.100000381469727
endloop
endfacet
facet normal 0 0 1
outer loop
vertex -46 -40.500030517578125 0
vertex -43.70000076293945 -41.000030517578125 0
vertex 43.238059997558594 -42.691375732421875 0
endloop
endfacet
facet normal 0 0 1
outer loop
vertex 43.238059997558594 -42.691375732421875 0
vertex -43.70000076293945 -41.000030517578125 0
vertex -43.50865936279297 -41.03809356689453 0
endloop
endfacet
facet normal 0 -1 0
outer loop
vertex 15.439339637756348 -44.20003128051758 -3.8893399238586426
vertex -44.70000076293945 -44.20003128051758 -1.5076520442962646
vertex 15.114180564880371 -44.20003128051758 -4.375974655151367
endloop
endfacet
facet normal 0 -1 0
outer loop
vertex 15.439339637756348 -44.20003128051758 -3.8893399238586426
vertex 15.92597484588623 -44.20003128051758 -3.564180612564087
vertex -44.70000076293945 -44.20003128051758 -1
endloop
endfacet
facet normal 0 -1 0
outer loop
vertex 15.92597484588623 -44.20003128051758 -3.564180612564087
vertex 16.5 -44.20003128051758 -3.450000047683716
vertex -44.70000076293945 -44.20003128051758 -1
endloop
endfacet
facet normal 0.8526400359918965 0.5224987741839567 0
outer loop
vertex 26.630258560180664 44.63084030151367 -13.078324317932129
vertex 25.4411563873291 46.5712776184082 -13.100000381469727
vertex 26.630258560180664 44.63084030151367 -1
endloop
endfacet
facet normal 0.8910056424812559 0.4539922301830334 0
outer loop
vertex 26.630258560180664 44.63084030151367 -13.078324317932129
vertex 26.77295684814453 44.35078048706055 -1
vertex 26.77295684814453 44.35078048706055 -13.100000381469727
endloop
endfacet
facet normal 0.6494476394796375 0.7604063147911956 0
outer loop
vertex 21.82560157775879 50.256370544433594 -13.100000381469727
vertex 23.556133270263672 48.778358459472656 -1
vertex 23.556133270263672 48.778358459472656 -13.078324317932129
endloop
endfacet
facet normal 0 0 1
outer loop
vertex -43.50865936279297 -42.961971282958984 0
vertex -48.79999923706055 -43.20003128051758 0
vertex 48.79999923706055 -43.20003128051758 0
endloop
endfacet
facet normal 0 0 1
outer loop
vertex -43.3464469909668 -42.85358428955078 0
vertex -43.50865936279297 -42.961971282958984 0
vertex 43.50865936279297 -42.961971282958984 0
endloop
endfacet
facet normal 0 0 1
outer loop
vertex -43.238059997558594 -42.691375732421875 0
vertex -43.3464469909668 -42.85358428955078 0
vertex 43.3464469909668 -42.85358428955078 0
endloop
endfacet
facet normal 0 0 1
outer loop
vertex -43.20000076293945 -42.500030517578125 0
vertex -43.238059997558594 -42.691375732421875 0
vertex 43.238059997558594 -42.691375732421875 0
endloop
endfacet
facet normal 0 0 1
outer loop
vertex -43.20000076293945 -41.500030517578125 0
vertex -43.20000076293945 -42.500030517578125 0
vertex 43.238059997558594 -42.691375732421875 0
endloop
endfacet
facet normal 0 0 1
outer loop
vertex -43.238059997558594 -41.30868911743164 0
vertex -43.20000076293945 -41.500030517578125 0
vertex 43.238059997558594 -42.691375732421875 0
endloop
endfacet
facet normal 0 0 1
outer loop
vertex -43.3464469909668 -41.146480560302734 0
vertex -43.238059997558594 -41.30868911743164 0
vertex 43.238059997558594 -42.691375732421875 0
endloop
endfacet
facet normal 0 0 1
outer loop
vertex 43.238059997558594 -42.691375732421875 0
vertex -43.50865936279297 -41.03809356689453 0
vertex -43.3464469909668 -41.146480560302734 0
endloop
endfacet
facet normal 0.6494476394796375 0.7604063147911956 0
outer loop
vertex 23.556133270263672 48.778358459472656 -1
vertex 21.82560157775879 50.256370544433594 -13.100000381469727
vertex 21.82560157775879 50.256370544433594 -1
endloop
endfacet
facet normal 0 1 0
outer loop
vertex -50.20000076293945 41.19996643066406 -3.5
vertex -50.400001525878906 41.19996643066406 -2.5
vertex -48 41.19996643066406 -2.5
endloop
endfacet
facet normal 0.707109815256892 0.7071037471031842 0
outer loop
vertex 23.778390884399414 48.55609893798828 -13.100000381469727
vertex 23.556133270263672 48.778358459472656 -13.078324317932129
vertex 23.778390884399414 48.55609893798828 -1
endloop
endfacet
facet normal 0.7604054020200208 0.6494487081970141 0
outer loop
vertex 23.778390884399414 48.55609893798828 -13.100000381469727
vertex 23.778390884399414 48.55609893798828 -1
vertex 24.715221405029297 47.45921325683594 -1
endloop
endfacet
facet normal 0 0 1
outer loop
vertex 53 -40.500030517578125 0
vertex 43.50865936279297 -41.03809356689453 0
vertex 54.70000076293945 -41.000030517578125 0
endloop
endfacet
facet normal 0.760406929442269 0.6494469198141614 -2.80379108797618e-7
outer loop
vertex 25.25640296936035 46.82556915283203 -1
vertex 23.778390884399414 48.55609893798828 -13.100000381469727
vertex 24.715221405029297 47.45921325683594 -1
endloop
endfacet
facet normal -1 0 0
outer loop
vertex -58.20000076293945 41.19996643066406 -13.100000381469727
vertex -58.20000076293945 -37.680946350097656 -13.100000381469727
vertex -58.20000076293945 41.19996643066406 -1
endloop
endfacet
facet normal 0.7604059612948404 0.6494480533709143 0
outer loop
vertex 23.778390884399414 48.55609893798828 -13.100000381469727
vertex 25.25640296936035 46.82556915283203 -1
vertex 25.25640296936035 46.82556915283203 -13.078324317932129
endloop
endfacet
facet normal 0 1 0
outer loop
vertex -50.20000076293945 41.19996643066406 -3.5
vertex -58.20000076293945 41.19996643066406 -1
vertex -50.400001525878906 41.19996643066406 -2.5
endloop
endfacet
facet normal 0 0 1
outer loop
vertex 15 -40.500030517578125 0
vertex -46 -40.500030517578125 0
vertex 43.238059997558594 -42.691375732421875 0
endloop
endfacet
facet normal 0 0 1
outer loop
vertex 43.3464469909668 -42.85358428955078 0
vertex -43.3464469909668 -42.85358428955078 0
vertex 43.50865936279297 -42.961971282958984 0
endloop
endfacet
facet normal 0 0 1
outer loop
vertex 43.238059997558594 -42.691375732421875 0
vertex -43.238059997558594 -42.691375732421875 0
vertex 43.3464469909668 -42.85358428955078 0
endloop
endfacet
facet normal 0 0 1
outer loop
vertex 43.50865936279297 -42.961971282958984 0
vertex -43.50865936279297 -42.961971282958984 0
vertex 48.79999923706055 -43.000030517578125 0
endloop
endfacet
facet normal 0 0 1
outer loop
vertex 48.79999923706055 -43.000030517578125 0
vertex -43.50865936279297 -42.961971282958984 0
vertex 48.79999923706055 -43.20003128051758 0
endloop
endfacet
facet normal 0 -1 0
outer loop
vertex 30 -44.20003128051758 -4.949999809265137
vertex 30 -44.20003128051758 -9.949999809265137
vertex 43.20000076293945 -44.20003128051758 -5
endloop
endfacet
facet normal 0 -1 0
outer loop
vertex 29.885818481445312 -44.20003128051758 -4.375974655151367
vertex 30 -44.20003128051758 -4.949999809265137
vertex 48.79999923706055 -44.20003128051758 -1.6661099195480347
endloop
endfacet
facet normal 0 1 0
outer loop
vertex -15.300000190734863 41.19996643066406 -1
vertex -48.20000076293945 41.19996643066406 -13.100000381469727
vertex -48.20000076293945 41.19996643066406 -3.5
endloop
endfacet
facet normal 0 -1 0
outer loop
vertex 30 -44.20003128051758 -4.949999809265137
vertex 43.20000076293945 -44.20003128051758 -5
vertex 43.20000076293945 -44.20003128051758 -4
endloop
endfacet
facet normal 0 -1 0
outer loop
vertex 48.79999923706055 -44.20003128051758 -1.6661099195480347
vertex 30 -44.20003128051758 -4.949999809265137
vertex 43.20000076293945 -44.20003128051758 -4
endloop
endfacet
facet normal 0 1 0
outer loop
vertex -50.20000076293945 41.19996643066406 -3.5
vertex -58.20000076293945 41.19996643066406 -13.100000381469727
vertex -58.20000076293945 41.19996643066406 -1
endloop
endfacet
facet normal 0 -1 0
outer loop
vertex 55.20000076293945 -44.20003128051758 -5
vertex 58.20000076293945 -44.20003128051758 -13.100000381469727
vertex 58.20000076293945 -44.20003128051758 -1
endloop
endfacet
facet normal 0 0 1
outer loop
vertex 24.480388641357422 29.79441261291504 0
vertex 27.799999237060547 21.199968338012695 0
vertex 25.542015075683594 32.07107925415039 0
endloop
endfacet
facet normal 0 0 1
outer loop
vertex 23.03955078125 27.736684799194336 0
vertex 27.799999237060547 21.199968338012695 0
vertex 24.480388641357422 29.79441261291504 0
endloop
endfacet
facet normal 0 1 0
outer loop
vertex 48.20000076293945 41.19996643066406 -13.100000381469727
vertex 29.4144229888916 41.19996643066406 -13.100000381469727
vertex 28.078065872192383 41.19996643066406 -1
endloop
endfacet
facet normal 1 0 0
outer loop
vertex 58.20000076293945 34.680885314941406 -13.100000381469727
vertex 58.20000076293945 41.19996643066406 -13.100000381469727
vertex 58.20000076293945 41.19996643066406 -1
endloop
endfacet
facet normal 0 1 0
outer loop
vertex 58.20000076293945 41.19996643066406 -13.100000381469727
vertex 50.20000076293945 41.19996643066406 -13.100000381469727
vertex 58.20000076293945 41.19996643066406 -1
endloop
endfacet
facet normal 0 0 1
outer loop
vertex 23.03955078125 27.736684799194336 0
vertex 21.263282775878906 25.960416793823242 0
vertex 27.799999237060547 21.199968338012695 0
endloop
endfacet
facet normal 0 0 1
outer loop
vertex 21.263282775878906 25.960416793823242 0
vertex 19.205554962158203 24.51957893371582 0
vertex 27.799999237060547 21.199968338012695 0
endloop
endfacet
facet normal 0 -1 0
outer loop
vertex 53.70000076293945 -44.20003128051758 -1.5076520442962646
vertex 49.599998474121094 -44.20003128051758 -4
vertex 58.20000076293945 -44.20003128051758 -1
endloop
endfacet
facet normal 0 -1 0
outer loop
vertex 52.95277786254883 -44.20003128051758 -1.5589157342910767
vertex 49.599998474121094 -44.20003128051758 -4
vertex 53.70000076293945 -44.20003128051758 -1.5076520442962646
endloop
endfacet
facet normal 0 -1 0
outer loop
vertex 52.24091339111328 -44.20003128051758 -1.5949000120162964
vertex 49.599998474121094 -44.20003128051758 -4
vertex 52.95277786254883 -44.20003128051758 -1.5589157342910767
endloop
endfacet
facet normal 0 0 1
outer loop
vertex 5.068170547485352 50.86408233642578 0
vertex 1.8144654035568237 48.6339225769043 0
vertex 7.071109771728516 50.5419807434082 0
endloop
endfacet
facet normal 0 0 1
outer loop
vertex 1.8144654035568237 48.6339225769043 0
vertex 4.794444561004639 49.48035430908203 0
vertex 7.071109771728516 50.5419807434082 0
endloop
endfacet
facet normal 0 0 1
outer loop
vertex 4.858124256134033 50.757057189941406 0
vertex 1.8144654035568237 48.6339225769043 0
vertex 5.068170547485352 50.86408233642578 0
endloop
endfacet
facet normal 0 -1 0
outer loop
vertex 51.5658073425293 -44.20003128051758 -1.6254053115844727
vertex 49.599998474121094 -44.20003128051758 -4
vertex 52.24091339111328 -44.20003128051758 -1.5949000120162964
endloop
endfacet
facet normal 0 0 1
outer loop
vertex 2.984687566757202 49.609012603759766 0
vertex 1.8144654035568237 48.6339225769043 0
vertex 4.858124256134033 50.757057189941406 0
endloop
endfacet
facet normal 0 0 1
outer loop
vertex 2.7939693927764893 49.4704475402832 0
vertex 1.8144654035568237 48.6339225769043 0
vertex 2.984687566757202 49.609012603759766 0
endloop
endfacet
facet normal 0 -1 0
outer loop
vertex 29.560659408569336 -44.20003128051758 -3.8893399238586426
vertex 29.885818481445312 -44.20003128051758 -4.375974655151367
vertex 48.79999923706055 -44.20003128051758 -1.6661099195480347
endloop
endfacet
facet normal 0 1 0
outer loop
vertex -54.92518997192383 41.19996643066406 -13.100000381469727
vertex -58.20000076293945 41.19996643066406 -13.100000381469727
vertex -50.20000076293945 41.19996643066406 -3.5
endloop
endfacet
facet normal 0 1 0
outer loop
vertex -54.92518997192383 41.19996643066406 -13.100000381469727
vertex -50.20000076293945 41.19996643066406 -3.5
vertex -50.20000076293945 41.19996643066406 -13.100000381469727
endloop
endfacet
facet normal 0 0 1
outer loop
vertex -3.799999952316284 21.199968338012695 0
vertex 9.497536659240723 22.80779457092285 0
vertex 7.071109771728516 23.45795249938965 0
endloop
endfacet
facet normal 0 0 1
outer loop
vertex 1.8144654035568237 48.6339225769043 0
vertex 2.7367162704467773 48.039520263671875 0
vertex 4.794444561004639 49.48035430908203 0
endloop
endfacet
facet normal 0 0 1
outer loop
vertex 1.8144654035568237 48.6339225769043 0
vertex 1.671677827835083 48.53394317626953 0
vertex 2.7367162704467773 48.039520263671875 0
endloop
endfacet
facet normal 0 0 1
outer loop
vertex 1.5136979818344116 48.46027374267578 0
vertex 1.3453260660171509 48.4151611328125 0
vertex 2.7367162704467773 48.039520263671875 0
endloop
endfacet
facet normal 0 0 1
outer loop
vertex 1.671677827835083 48.53394317626953 0
vertex 1.5136979818344116 48.46027374267578 0
vertex 2.7367162704467773 48.039520263671875 0
endloop
endfacet
facet normal 0 0 1
outer loop
vertex -57.20000076293945 40.19996643066406 0
vertex -57.20000076293945 -43.20003128051758 0
vertex -52.20000076293945 37.19996643066406 0
endloop
endfacet
facet normal 0 -1 0
outer loop
vertex 28.5 -44.20003128051758 -3.450000047683716
vertex 29.074024200439453 -44.20003128051758 -3.564180612564087
vertex 48.79999923706055 -44.20003128051758 -1.6661099195480347
endloop
endfacet
facet normal 0 -1 0
outer loop
vertex 48.79999923706055 -44.20003128051758 -1.6661099195480347
vertex 29.074024200439453 -44.20003128051758 -3.564180612564087
vertex 29.560659408569336 -44.20003128051758 -3.8893399238586426
endloop
endfacet
facet normal 0 1 0
outer loop
vertex 0.5543230175971985 49.399967193603516 -13.100000381469727
vertex -12.956853866577148 49.399967193603516 -13.100000381469727
vertex 1.171677827835083 49.399967193603516 -1
endloop
endfacet
facet normal -0.7071063494912325 0.7071072128815991 0
outer loop
vertex -12.956853866577148 49.399967193603516 -13.100000381469727
vertex -15.300000190734863 47.05682373046875 -13.100000381469727
vertex -12.956853866577148 49.399967193603516 -1
endloop
endfacet
facet normal 0 0 1
outer loop
vertex 9.497536659240723 22.80779457092285 0
vertex -3.799999952316284 21.199968338012695 0
vertex 12 22.588855743408203 0
endloop
endfacet
facet normal 0 -1 0
outer loop
vertex 55.20000076293945 -44.20003128051758 -4
vertex 55.20000076293945 -44.20003128051758 -5
vertex 58.20000076293945 -44.20003128051758 -1
endloop
endfacet
facet normal -1 0 0
outer loop
vertex -15.300000190734863 47.05682373046875 -13.100000381469727
vertex -15.300000190734863 43.19996643066406 -13.100000381469727
vertex -15.300000190734863 47.05682373046875 -1
endloop
endfacet
facet normal 0 -1 0
outer loop
vertex 55.20000076293945 -44.20003128051758 -4
vertex 58.20000076293945 -44.20003128051758 -1
vertex 49.599998474121094 -44.20003128051758 -4
endloop
endfacet
facet normal 0 -1 0
outer loop
vertex 50.346126556396484 -44.20003128051758 -1.6591570377349854
vertex 49.599998474121094 -44.20003128051758 -4
vertex 51.5658073425293 -44.20003128051758 -1.6254053115844727
endloop
endfacet
facet normal 0 -1 0
outer loop
vertex 49.599998474121094 -44.20003128051758 -4
vertex 50.346126556396484 -44.20003128051758 -1.6591570377349854
vertex 49.599998474121094 -44.20003128051758 -1.6661099195480347
endloop
endfacet
facet normal 0 0 1
outer loop
vertex 2.7367162704467773 25.960416793823242 0
vertex -3.799999952316284 21.199968338012695 0
vertex 4.794444561004639 24.51957893371582 0
endloop
endfacet
facet normal 0 0 1
outer loop
vertex 7.071109771728516 23.45795249938965 0
vertex 4.794444561004639 24.51957893371582 0
vertex -3.799999952316284 21.199968338012695 0
endloop
endfacet
facet normal 0 0 1
outer loop
vertex 12 22.588855743408203 0
vertex -3.799999952316284 21.199968338012695 0
vertex 27.799999237060547 21.199968338012695 0
endloop
endfacet
facet normal 0 -1 0
outer loop
vertex 48.79999923706055 -44.20003128051758 -1.6661099195480347
vertex 43.20000076293945 -44.20003128051758 -4
vertex 48.79999923706055 -44.20003128051758 -4
endloop
endfacet
facet normal 0 0 1
outer loop
vertex 53 -40.500030517578125 0
vertex 15 -40.500030517578125 0
vertex 43.50865936279297 -41.03809356689453 0
endloop
endfacet
facet normal -1 0 0
outer loop
vertex -15.300000190734863 43.19996643066406 -13.100000381469727
vertex -15.300000190734863 42.80214309692383 -13.139182090759277
vertex -15.300000190734863 47.05682373046875 -1
endloop
endfacet
facet normal 0 0 1
outer loop
vertex 43.3464469909668 -41.146480560302734 0
vertex 43.50865936279297 -41.03809356689453 0
vertex 15 -40.500030517578125 0
endloop
endfacet
facet normal 0 0 1
outer loop
vertex 43.238059997558594 -41.30868911743164 0
vertex 43.3464469909668 -41.146480560302734 0
vertex 15 -40.500030517578125 0
endloop
endfacet
facet normal 0 0 1
outer loop
vertex 15 -40.500030517578125 0
vertex 43.20000076293945 -41.500030517578125 0
vertex 43.238059997558594 -41.30868911743164 0
endloop
endfacet
facet normal 0 0 1
outer loop
vertex 15 -40.500030517578125 0
vertex 43.20000076293945 -42.500030517578125 0
vertex 43.20000076293945 -41.500030517578125 0
endloop
endfacet
facet normal 0 0 1
outer loop
vertex 15 -40.500030517578125 0
vertex 43.238059997558594 -42.691375732421875 0
vertex 43.20000076293945 -42.500030517578125 0
endloop
endfacet
facet normal 0 -1 0
outer loop
vertex 45.44722366333008 -44.20003128051758 -1.5589157342910767
vertex 28.5 -44.20003128051758 -3.450000047683716
vertex 46.159088134765625 -44.20003128051758 -1.5949000120162964
endloop
endfacet
facet normal 0 -1 0
outer loop
vertex 48.05387496948242 -44.20003128051758 -1.6591570377349854
vertex 28.5 -44.20003128051758 -3.450000047683716
vertex 48.79999923706055 -44.20003128051758 -1.6661099195480347
endloop
endfacet
facet normal 0 -1 0
outer loop
vertex 46.83419418334961 -44.20003128051758 -1.6254053115844727
vertex 28.5 -44.20003128051758 -3.450000047683716
vertex 48.05387496948242 -44.20003128051758 -1.6591570377349854
endloop
endfacet
facet normal -1 0 0
outer loop
vertex -15.300000190734863 42.80214309692383 -13.139182090759277
vertex -15.300000190734863 42.37154006958008 -13.264784812927246
vertex -15.300000190734863 47.05682373046875 -1
endloop
endfacet
facet normal 0 -1 0
outer loop
vertex 28.5 -44.20003128051758 -3.450000047683716
vertex 46.83419418334961 -44.20003128051758 -1.6254053115844727
vertex 46.159088134765625 -44.20003128051758 -1.5949000120162964
endloop
endfacet
facet normal 0 -1 0
outer loop
vertex 44.70000076293945 -44.20003128051758 -1
vertex 28.5 -44.20003128051758 -3.450000047683716
vertex 44.70000076293945 -44.20003128051758 -1.5076520442962646
endloop
endfacet
facet normal 0 -1 0
outer loop
vertex 28.5 -44.20003128051758 -3.450000047683716
vertex 45.44722366333008 -44.20003128051758 -1.5589157342910767
vertex 44.70000076293945 -44.20003128051758 -1.5076520442962646
endloop
endfacet
facet normal 0 0 1
outer loop
vertex 12 22.588855743408203 0
vertex 27.799999237060547 21.199968338012695 0
vertex 14.502463340759277 22.80779457092285 0
endloop
endfacet
facet normal 0 0 1
outer loop
vertex 14.502463340759277 22.80779457092285 0
vertex 27.799999237060547 21.199968338012695 0
vertex 16.928890228271484 23.45795249938965 0
endloop
endfacet
facet normal 0 1 0
outer loop
vertex -15.300000190734863 41.19996643066406 -1
vertex -16.471572875976562 41.19996643066406 -13.264784812927246
vertex -16.902175903320312 41.19996643066406 -13.139182090759277
endloop
endfacet
facet normal 0 0 1
outer loop
vertex 19.205554962158203 24.51957893371582 0
vertex 16.928890228271484 23.45795249938965 0
vertex 27.799999237060547 21.199968338012695 0
endloop
endfacet
facet normal 0 1 0
outer loop
vertex -17.299999237060547 41.19996643066406 -13.100000381469727
vertex -48.20000076293945 41.19996643066406 -13.100000381469727
vertex -15.300000190734863 41.19996643066406 -1
endloop
endfacet
facet normal 0 1 0
outer loop
vertex -15.300000190734863 41.19996643066406 -13.928426742553711
vertex -15.963643074035645 41.19996643066406 -13.505379676818848
vertex -15.300000190734863 41.19996643066406 -1
endloop
endfacet
facet normal 0 1 0
outer loop
vertex -15.963643074035645 41.19996643066406 -13.505379676818848
vertex -16.471572875976562 41.19996643066406 -13.264784812927246
vertex -15.300000190734863 41.19996643066406 -1
endloop
endfacet
facet normal -1 0 0
outer loop
vertex -15.300000190734863 41.863609313964844 -13.505379676818848
vertex -15.300000190734863 41.19996643066406 -13.928426742553711
vertex -15.300000190734863 47.05682373046875 -1
endloop
endfacet
facet normal -1 0 0
outer loop
vertex -15.300000190734863 42.37154006958008 -13.264784812927246
vertex -15.300000190734863 41.863609313964844 -13.505379676818848
vertex -15.300000190734863 47.05682373046875 -1
endloop
endfacet
facet normal -0.002461857339895332 0 -0.9999969696246274
outer loop
vertex 57.20000076293945 -43.20003128051758 -14.100000381469727
vertex 49.39509201049805 40.219181060791016 -14.080785751342773
vertex 57.20000076293945 40.19996643066406 -14.100000381469727
endloop
endfacet
facet normal 0 0 -1
outer loop
vertex 23 -7.000032424926758 -14.100000381469727
vertex 10.697638511657715 29.613908767700195 -14.100000381469727
vertex 12 29.499967575073242 -14.100000381469727
endloop
endfacet
facet normal 0 0 -1
outer loop
vertex -12.542640686035156 48.399967193603516 -14.100000381469727
vertex -14.300000190734863 43.19996643066406 -14.100000381469727
vertex -14.300000190734863 46.642608642578125 -14.100000381469727
endloop
endfacet
facet normal 0 0 -1
outer loop
vertex -57.20000076293945 -43.20003128051758 -14.100000381469727
vertex 22.538061141967773 -21.691373825073242 -14.100000381469727
vertex 22.646446228027344 -21.853586196899414 -14.100000381469727
endloop
endfacet
facet normal 0 0 -1
outer loop
vertex 22.808658599853516 -21.961971282958984 -14.100000381469727
vertex -57.20000076293945 -43.20003128051758 -14.100000381469727
vertex 22.646446228027344 -21.853586196899414 -14.100000381469727
endloop
endfacet
facet normal 0 0 -1
outer loop
vertex 23 -7.000032424926758 -14.100000381469727
vertex -14.300000190734863 43.19996643066406 -14.100000381469727
vertex -12.542640686035156 48.399967193603516 -14.100000381469727
endloop
endfacet
facet normal 0 0 -1
outer loop
vertex 23 -7.000032424926758 -14.100000381469727
vertex -14.357644081115723 42.61469650268555 -14.100000381469727
vertex -14.300000190734863 43.19996643066406 -14.100000381469727
endloop
endfacet
facet normal 0 0 -1
outer loop
vertex 23 -7.000032424926758 -14.100000381469727
vertex -14.528361320495605 42.051918029785156 -14.100000381469727
vertex -14.357644081115723 42.61469650268555 -14.100000381469727
endloop
endfacet
facet normal 0 0 -1
outer loop
vertex 22.538061141967773 -21.691373825073242 -14.100000381469727
vertex -57.20000076293945 -43.20003128051758 -14.100000381469727
vertex 22.5 -21.500032424926758 -14.100000381469727
endloop
endfacet
facet normal 0 0 -1
outer loop
vertex 23 -7.000032424926758 -14.100000381469727
vertex -14.805591583251953 41.53325653076172 -14.100000381469727
vertex -14.528361320495605 42.051918029785156 -14.100000381469727
endloop
endfacet
facet normal 0 0 -1
outer loop
vertex -14.805591583251953 41.53325653076172 -14.100000381469727
vertex 23 -7.000032424926758 -14.100000381469727
vertex -15.178679466247559 41.07864761352539 -14.100000381469727
endloop
endfacet
facet normal 0 0 -1
outer loop
vertex 22.5 -21.500032424926758 -14.100000381469727
vertex -15.633289337158203 40.70555877685547 -14.100000381469727
vertex -15.178679466247559 41.07864761352539 -14.100000381469727
endloop
endfacet
facet normal 0 0 -1
outer loop
vertex 22.5 -21.500032424926758 -14.100000381469727
vertex -16.151948928833008 40.42832946777344 -14.100000381469727
vertex -15.633289337158203 40.70555877685547 -14.100000381469727
endloop
endfacet
facet normal 0 0 -1
outer loop
vertex 22.5 -21.500032424926758 -14.100000381469727
vertex -16.71472930908203 40.25761032104492 -14.100000381469727
vertex -16.151948928833008 40.42832946777344 -14.100000381469727
endloop
endfacet
facet normal 0 0 -1
outer loop
vertex 22.5 -21.500032424926758 -14.100000381469727
vertex -17.299999237060547 40.19996643066406 -14.100000381469727
vertex -16.71472930908203 40.25761032104492 -14.100000381469727
endloop
endfacet
facet normal 0 0 -1
outer loop
vertex 22.5 -21.500032424926758 -14.100000381469727
vertex -57.20000076293945 -43.20003128051758 -14.100000381469727
vertex -17.299999237060547 40.19996643066406 -14.100000381469727
endloop
endfacet
facet normal 0 0 -1
outer loop
vertex 19.166988372802734 50.740840911865234 -14.100000381469727
vertex 15.75 43.49515914916992 -14.100000381469727
vertex 16.9292049407959 51.692832946777344 -14.100000381469727
endloop
endfacet
facet normal 0 0 -1
outer loop
vertex 15.75 43.49515914916992 -14.100000381469727
vertex 14.570046424865723 52.28303527832031 -14.100000381469727
vertex 16.9292049407959 51.692832946777344 -14.100000381469727
endloop
endfacet
facet normal 0 0 -1
outer loop
vertex 42.191341400146484 -21.961971282958984 -14.100000381469727
vertex -57.20000076293945 -43.20003128051758 -14.100000381469727
vertex 22.808658599853516 -21.961971282958984 -14.100000381469727
endloop
endfacet
facet normal 0 0 -1
outer loop
vertex 57.20000076293945 -43.20003128051758 -14.100000381469727
vertex -57.20000076293945 -43.20003128051758 -14.100000381469727
vertex 42.191341400146484 -21.961971282958984 -14.100000381469727
endloop
endfacet
facet normal 0 0 -1
outer loop
vertex 19.166988372802734 50.740840911865234 -14.100000381469727
vertex 18.495189666748047 40.749969482421875 -14.100000381469727
vertex 17.745332717895508 41.82087326049805 -14.100000381469727
endloop
endfacet
facet normal 0 0 -1
outer loop
vertex 16.820907592773438 42.74530029296875 -14.100000381469727
vertex 19.166988372802734 50.740840911865234 -14.100000381469727
vertex 17.745332717895508 41.82087326049805 -14.100000381469727
endloop
endfacet
facet normal 0 0 -1
outer loop
vertex 15.75 43.49515914916992 -14.100000381469727
vertex 19.166988372802734 50.740840911865234 -14.100000381469727
vertex 16.820907592773438 42.74530029296875 -14.100000381469727
endloop
endfacet
facet normal 0.09710336168499586 0.009314471400468826 -0.9952307158503514
outer loop
vertex 57.20000076293945 -43.20003128051758 -14.100000381469727
vertex 49.20000076293945 40.19996643066406 -14.100000381469727
vertex 49.39509201049805 40.219181060791016 -14.080785751342773
endloop
endfacet
facet normal -0.09893750610519568 -0.009490408519944683 -0.9950483918040413
outer loop
vertex 57.20000076293945 -43.20003128051758 -14.100000381469727
vertex 49.00490951538086 40.219181060791016 -14.080785751342773
vertex 49.20000076293945 40.19996643066406 -14.100000381469727
endloop
endfacet
facet normal 0.0009804934225561344 0.0003266615946887877 -0.9999994659622828
outer loop
vertex 57.20000076293945 -43.20003128051758 -14.100000381469727
vertex 29.4144229888916 40.19996643066406 -14.100000381469727
vertex 49.00490951538086 40.219181060791016 -14.080785751342773
endloop
endfacet
facet normal 0 0 -1
outer loop
vertex 14.56515121459961 44.04766082763672 -14.100000381469727
vertex 14.570046424865723 52.28303527832031 -14.100000381469727
vertex 15.75 43.49515914916992 -14.100000381469727
endloop
endfacet
facet normal 0 0 -1
outer loop
vertex 23.062374114990234 47.85359573364258 -14.100000381469727
vertex 24.624059677124023 45.98943328857422 -14.100000381469727
vertex 57.20000076293945 -43.20003128051758 -14.100000381469727
endloop
endfacet
facet normal 0 0 -1
outer loop
vertex 57.20000076293945 -43.20003128051758 -14.100000381469727
vertex 21.228296279907227 49.450504302978516 -14.100000381469727
vertex 23.062374114990234 47.85359573364258 -14.100000381469727
endloop
endfacet
facet normal 0 0 -1
outer loop
vertex 19.166988372802734 50.740840911865234 -14.100000381469727
vertex 21.228296279907227 49.450504302978516 -14.100000381469727
vertex 57.20000076293945 -43.20003128051758 -14.100000381469727
endloop
endfacet
facet normal 0 0 -1
outer loop
vertex 14.570046424865723 52.28303527832031 -14.100000381469727
vertex 13.302361488342285 44.386024475097656 -14.100000381469727
vertex 12.14760684967041 52.49692153930664 -14.100000381469727
endloop
endfacet
facet normal 0 0 -1
outer loop
vertex 25.877361297607422 43.899810791015625 -14.100000381469727
vertex 26.642784118652344 42.051918029785156 -14.100000381469727
vertex 57.20000076293945 -43.20003128051758 -14.100000381469727
endloop
endfacet
facet normal 0 0 -1
outer loop
vertex 26.642784118652344 42.051918029785156 -14.100000381469727
vertex 26.920015335083008 41.53325653076172 -14.100000381469727
vertex 57.20000076293945 -43.20003128051758 -14.100000381469727
endloop
endfacet
facet normal 0 0 -1
outer loop
vertex 12.14760684967041 52.49692153930664 -14.100000381469727
vertex 10.697638511657715 44.386024475097656 -14.100000381469727
vertex 9.721531867980957 52.329219818115234 -14.100000381469727
endloop
endfacet
facet normal 0 0 -1
outer loop
vertex 10.697638511657715 44.386024475097656 -14.100000381469727
vertex 7.351560115814209 51.7840576171875 -14.100000381469727
vertex 9.721531867980957 52.329219818115234 -14.100000381469727
endloop
endfacet
facet normal 0 0 -1
outer loop
vertex 13.302361488342285 44.386024475097656 -14.100000381469727
vertex 14.570046424865723 52.28303527832031 -14.100000381469727
vertex 14.56515121459961 44.04766082763672 -14.100000381469727
endloop
endfacet
facet normal 0 0 -1
outer loop
vertex 57.20000076293945 -43.20003128051758 -14.100000381469727
vertex 28.829153060913086 40.25761032104492 -14.100000381469727
vertex 29.4144229888916 40.19996643066406 -14.100000381469727
endloop
endfacet
facet normal 0 0 -1
outer loop
vertex 12 44.499969482421875 -14.100000381469727
vertex 12.14760684967041 52.49692153930664 -14.100000381469727
vertex 13.302361488342285 44.386024475097656 -14.100000381469727
endloop
endfacet
facet normal 0 0 -1
outer loop
vertex 10.697638511657715 44.386024475097656 -14.100000381469727
vertex 12.14760684967041 52.49692153930664 -14.100000381469727
vertex 12 44.499969482421875 -14.100000381469727
endloop
endfacet
facet normal 0 0 -1
outer loop
vertex 28.266372680664062 40.42832946777344 -14.100000381469727
vertex 28.829153060913086 40.25761032104492 -14.100000381469727
vertex 57.20000076293945 -43.20003128051758 -14.100000381469727
endloop
endfacet
facet normal 0 0 -1
outer loop
vertex 27.747713088989258 40.70555877685547 -14.100000381469727
vertex 57.20000076293945 -43.20003128051758 -14.100000381469727
vertex 27.293102264404297 41.07864761352539 -14.100000381469727
endloop
endfacet
facet normal 0 0 -1
outer loop
vertex 57.20000076293945 -43.20003128051758 -14.100000381469727
vertex 27.747713088989258 40.70555877685547 -14.100000381469727
vertex 28.266372680664062 40.42832946777344 -14.100000381469727
endloop
endfacet
facet normal 0 0 -1
outer loop
vertex 9.43484878540039 44.04766082763672 -14.100000381469727
vertex 7.351560115814209 51.7840576171875 -14.100000381469727
vertex 10.697638511657715 44.386024475097656 -14.100000381469727
endloop
endfacet
facet normal 0 0 -1
outer loop
vertex 26.920015335083008 41.53325653076172 -14.100000381469727
vertex 27.293102264404297 41.07864761352539 -14.100000381469727
vertex 57.20000076293945 -43.20003128051758 -14.100000381469727
endloop
endfacet
facet normal 0 0 -1
outer loop
vertex 57.20000076293945 -43.20003128051758 -14.100000381469727
vertex 24.624059677124023 45.98943328857422 -14.100000381469727
vertex 25.877361297607422 43.899810791015625 -14.100000381469727
endloop
endfacet
facet normal 0 0 -1
outer loop
vertex 42.353553771972656 -7.146478652954102 -14.100000381469727
vertex 42.191341400146484 -7.038092613220215 -14.100000381469727
vertex 19.166988372802734 50.740840911865234 -14.100000381469727
endloop
endfacet
facet normal 0 0 -1
outer loop
vertex 42.46194076538086 -7.308690547943115 -14.100000381469727
vertex 42.353553771972656 -7.146478652954102 -14.100000381469727
vertex 19.166988372802734 50.740840911865234 -14.100000381469727
endloop
endfacet
facet normal 0 0 -1
outer loop
vertex 42.191341400146484 -7.038092613220215 -14.100000381469727
vertex 42 -7.000032424926758 -14.100000381469727
vertex 19.166988372802734 50.740840911865234 -14.100000381469727
endloop
endfacet
facet normal -0.0006058700717446848 0.0002898587224284323 -0.9999997744516631
outer loop
vertex -17.299999237060547 40.19996643066406 -14.100000381469727
vertex -57.20000076293945 -43.20003128051758 -14.100000381469727
vertex -49.00490951538086 40.219181060791016 -14.080785751342773
endloop
endfacet
facet normal 0.09893750610519568 -0.009490408519944683 -0.9950483918040413
outer loop
vertex -57.20000076293945 -43.20003128051758 -14.100000381469727
vertex -49.20000076293945 40.19996643066406 -14.100000381469727
vertex -49.00490951538086 40.219181060791016 -14.080785751342773
endloop
endfacet
facet normal -0.09710336168499586 0.009314471400468826 -0.9952307158503514
outer loop
vertex -57.20000076293945 -43.20003128051758 -14.100000381469727
vertex -49.39509201049805 40.219181060791016 -14.080785751342773
vertex -49.20000076293945 40.19996643066406 -14.100000381469727
endloop
endfacet
facet normal 0.002461857339895332 0 -0.9999969696246274
outer loop
vertex -57.20000076293945 -43.20003128051758 -14.100000381469727
vertex -57.20000076293945 40.19996643066406 -14.100000381469727
vertex -49.39509201049805 40.219181060791016 -14.080785751342773
endloop
endfacet
facet normal 0 0 -1
outer loop
vertex 8.25 43.49515914916992 -14.100000381469727
vertex 7.351560115814209 51.7840576171875 -14.100000381469727
vertex 9.43484878540039 44.04766082763672 -14.100000381469727
endloop
endfacet
facet normal 0 0 -1
outer loop
vertex 57.20000076293945 -43.20003128051758 -14.100000381469727
vertex 42.191341400146484 -21.961971282958984 -14.100000381469727
vertex 42.353553771972656 -21.853586196899414 -14.100000381469727
endloop
endfacet
facet normal 0 0 -1
outer loop
vertex 57.20000076293945 -43.20003128051758 -14.100000381469727
vertex 42.353553771972656 -21.853586196899414 -14.100000381469727
vertex 42.46194076538086 -21.691373825073242 -14.100000381469727
endloop
endfacet
facet normal 0 0 -1
outer loop
vertex 57.20000076293945 -43.20003128051758 -14.100000381469727
vertex 42.46194076538086 -21.691373825073242 -14.100000381469727
vertex 42.5 -21.500032424926758 -14.100000381469727
endloop
endfacet
facet normal 0 0 -1
outer loop
vertex 8.25 43.49515914916992 -14.100000381469727
vertex 5.12343692779541 50.88590621948242 -14.100000381469727
vertex 7.351560115814209 51.7840576171875 -14.100000381469727
endloop
endfacet
facet normal 0 0 -1
outer loop
vertex 5.12343692779541 50.88590621948242 -14.100000381469727
vertex 7.179092884063721 42.74530029296875 -14.100000381469727
vertex 2.221033811569214 48.90555953979492 -14.100000381469727
endloop
endfacet
facet normal 0 0 -1
outer loop
vertex 7.179092884063721 42.74530029296875 -14.100000381469727
vertex 5.12343692779541 50.88590621948242 -14.100000381469727
vertex 8.25 43.49515914916992 -14.100000381469727
endloop
endfacet
facet normal 0 0 -1
outer loop
vertex 6.254666805267334 41.82087326049805 -14.100000381469727
vertex 2.221033811569214 48.90555953979492 -14.100000381469727
vertex 7.179092884063721 42.74530029296875 -14.100000381469727
endloop
endfacet
facet normal 0 0 -1
outer loop
vertex 5.504809379577637 40.749969482421875 -14.100000381469727
vertex 2.221033811569214 48.90555953979492 -14.100000381469727
vertex 6.254666805267334 41.82087326049805 -14.100000381469727
endloop
endfacet
facet normal 0 0 -1
outer loop
vertex 5.504809379577637 40.749969482421875 -14.100000381469727
vertex 4.952305316925049 39.565120697021484 -14.100000381469727
vertex 1.7023732662200928 48.62833023071289 -14.100000381469727
endloop
endfacet
facet normal 0 0 -1
outer loop
vertex 5.504809379577637 40.749969482421875 -14.100000381469727
vertex 1.7023732662200928 48.62833023071289 -14.100000381469727
vertex 2.221033811569214 48.90555953979492 -14.100000381469727
endloop
endfacet
facet normal 0 0 -1
outer loop
vertex 4.952305316925049 39.565120697021484 -14.100000381469727
vertex 1.1395939588546753 48.457611083984375 -14.100000381469727
vertex 1.7023732662200928 48.62833023071289 -14.100000381469727
endloop
endfacet
facet normal 0 0 -1
outer loop
vertex 4.952305316925049 39.565120697021484 -14.100000381469727
vertex 0.5543230175971985 48.399967193603516 -14.100000381469727
vertex 1.1395939588546753 48.457611083984375 -14.100000381469727
endloop
endfacet
facet normal 0 0 -1
outer loop
vertex 4.952305316925049 39.565120697021484 -14.100000381469727
vertex 4.613941669464111 38.302330017089844 -14.100000381469727
vertex 0.5543230175971985 48.399967193603516 -14.100000381469727
endloop
endfacet
facet normal 0 0 -1
outer loop
vertex 57.20000076293945 -43.20003128051758 -14.100000381469727
vertex 42.5 -21.500032424926758 -14.100000381469727
vertex 42.5 -7.500032424926758 -14.100000381469727
endloop
endfacet
facet normal 0 0 -1
outer loop
vertex -12.542640686035156 48.399967193603516 -14.100000381469727
vertex 0.5543230175971985 48.399967193603516 -14.100000381469727
vertex 4.952305316925049 34.434818267822266 -14.100000381469727
endloop
endfacet
facet normal 0 0 -1
outer loop
vertex 4.613941669464111 35.69760513305664 -14.100000381469727
vertex 0.5543230175971985 48.399967193603516 -14.100000381469727
vertex 4.5 36.999969482421875 -14.100000381469727
endloop
endfacet
facet normal 0 0 -1
outer loop
vertex 4.952305316925049 34.434818267822266 -14.100000381469727
vertex 0.5543230175971985 48.399967193603516 -14.100000381469727
vertex 4.613941669464111 35.69760513305664 -14.100000381469727
endloop
endfacet
facet normal 0 0 -1
outer loop
vertex 42 -7.000032424926758 -14.100000381469727
vertex 18.495189666748047 40.749969482421875 -14.100000381469727
vertex 19.166988372802734 50.740840911865234 -14.100000381469727
endloop
endfacet
facet normal 0 0 -1
outer loop
vertex 57.20000076293945 -43.20003128051758 -14.100000381469727
vertex 42.46194076538086 -7.308690547943115 -14.100000381469727
vertex 19.166988372802734 50.740840911865234 -14.100000381469727
endloop
endfacet
facet normal 0 0 -1
outer loop
vertex 42.46194076538086 -7.308690547943115 -14.100000381469727
vertex 57.20000076293945 -43.20003128051758 -14.100000381469727
vertex 42.5 -7.500032424926758 -14.100000381469727
endloop
endfacet
facet normal 0 0 -1
outer loop
vertex 19.04769515991211 39.565120697021484 -14.100000381469727
vertex 18.495189666748047 40.749969482421875 -14.100000381469727
vertex 42 -7.000032424926758 -14.100000381469727
endloop
endfacet
facet normal 0 0 -1
outer loop
vertex 42 -7.000032424926758 -14.100000381469727
vertex 19.386058807373047 38.302330017089844 -14.100000381469727
vertex 19.04769515991211 39.565120697021484 -14.100000381469727
endloop
endfacet
facet normal 0 0 -1
outer loop
vertex 42 -7.000032424926758 -14.100000381469727
vertex 19.5 36.999969482421875 -14.100000381469727
vertex 19.386058807373047 38.302330017089844 -14.100000381469727
endloop
endfacet
facet normal 0 0 -1
outer loop
vertex 42 -7.000032424926758 -14.100000381469727
vertex 19.386058807373047 35.69760513305664 -14.100000381469727
vertex 19.5 36.999969482421875 -14.100000381469727
endloop
endfacet
facet normal 0 0 -1
outer loop
vertex 42 -7.000032424926758 -14.100000381469727
vertex 19.04769515991211 34.434818267822266 -14.100000381469727
vertex 19.386058807373047 35.69760513305664 -14.100000381469727
endloop
endfacet
facet normal 0 0 -1
outer loop
vertex 19.04769515991211 34.434818267822266 -14.100000381469727
vertex 23 -7.000032424926758 -14.100000381469727
vertex 18.495189666748047 33.249969482421875 -14.100000381469727
endloop
endfacet
facet normal 0 0 -1
outer loop
vertex 17.745332717895508 32.17906188964844 -14.100000381469727
vertex 18.495189666748047 33.249969482421875 -14.100000381469727
vertex 23 -7.000032424926758 -14.100000381469727
endloop
endfacet
facet normal 0 0 -1
outer loop
vertex 16.820907592773438 31.254634857177734 -14.100000381469727
vertex 17.745332717895508 32.17906188964844 -14.100000381469727
vertex 23 -7.000032424926758 -14.100000381469727
endloop
endfacet
facet normal 0 0 -1
outer loop
vertex 15.75 30.504777908325195 -14.100000381469727
vertex 16.820907592773438 31.254634857177734 -14.100000381469727
vertex 23 -7.000032424926758 -14.100000381469727
endloop
endfacet
facet normal 0 0 -1
outer loop
vertex 22.5 -21.500032424926758 -14.100000381469727
vertex -15.178679466247559 41.07864761352539 -14.100000381469727
vertex 22.5 -7.500032424926758 -14.100000381469727
endloop
endfacet
facet normal 0 0 -1
outer loop
vertex 22.538061141967773 -7.308690547943115 -14.100000381469727
vertex 22.5 -7.500032424926758 -14.100000381469727
vertex -15.178679466247559 41.07864761352539 -14.100000381469727
endloop
endfacet
facet normal 0 0 -1
outer loop
vertex 22.646446228027344 -7.146478652954102 -14.100000381469727
vertex 22.538061141967773 -7.308690547943115 -14.100000381469727
vertex -15.178679466247559 41.07864761352539 -14.100000381469727
endloop
endfacet
facet normal 0 0 -1
outer loop
vertex 14.56515121459961 29.952272415161133 -14.100000381469727
vertex 15.75 30.504777908325195 -14.100000381469727
vertex 23 -7.000032424926758 -14.100000381469727
endloop
endfacet
facet normal 0 0 -1
outer loop
vertex 23 -7.000032424926758 -14.100000381469727
vertex 13.302361488342285 29.613908767700195 -14.100000381469727
vertex 14.56515121459961 29.952272415161133 -14.100000381469727
endloop
endfacet
facet normal 0 0 -1
outer loop
vertex 22.808658599853516 -7.038092613220215 -14.100000381469727
vertex 22.646446228027344 -7.146478652954102 -14.100000381469727
vertex -15.178679466247559 41.07864761352539 -14.100000381469727
endloop
endfacet
facet normal 0 0 -1
outer loop
vertex 23 -7.000032424926758 -14.100000381469727
vertex 22.808658599853516 -7.038092613220215 -14.100000381469727
vertex -15.178679466247559 41.07864761352539 -14.100000381469727
endloop
endfacet
facet normal 0 0 -1
outer loop
vertex 23 -7.000032424926758 -14.100000381469727
vertex -12.542640686035156 48.399967193603516 -14.100000381469727
vertex 4.952305316925049 34.434818267822266 -14.100000381469727
endloop
endfacet
facet normal 0 0 -1
outer loop
vertex 23 -7.000032424926758 -14.100000381469727
vertex 6.254666805267334 32.17906188964844 -14.100000381469727
vertex 7.179092884063721 31.254634857177734 -14.100000381469727
endloop
endfacet
facet normal 0 0 -1
outer loop
vertex 8.25 30.504777908325195 -14.100000381469727
vertex 9.43484878540039 29.952272415161133 -14.100000381469727
vertex 23 -7.000032424926758 -14.100000381469727
endloop
endfacet
facet normal 0 0 -1
outer loop
vertex 23 -7.000032424926758 -14.100000381469727
vertex 9.43484878540039 29.952272415161133 -14.100000381469727
vertex 10.697638511657715 29.613908767700195 -14.100000381469727
endloop
endfacet
facet normal 0 0 -1
outer loop
vertex 23 -7.000032424926758 -14.100000381469727
vertex 12 29.499967575073242 -14.100000381469727
vertex 13.302361488342285 29.613908767700195 -14.100000381469727
endloop
endfacet
facet normal 0 0 -1
outer loop
vertex 8.25 30.504777908325195 -14.100000381469727
vertex 23 -7.000032424926758 -14.100000381469727
vertex 7.179092884063721 31.254634857177734 -14.100000381469727
endloop
endfacet
facet normal 0 0 -1
outer loop
vertex 6.254666805267334 32.17906188964844 -14.100000381469727
vertex 23 -7.000032424926758 -14.100000381469727
vertex 5.504809379577637 33.249969482421875 -14.100000381469727
endloop
endfacet
facet normal 0 0 -1
outer loop
vertex 5.504809379577637 33.249969482421875 -14.100000381469727
vertex 23 -7.000032424926758 -14.100000381469727
vertex 4.952305316925049 34.434818267822266 -14.100000381469727
endloop
endfacet
facet normal 0 0 -1
outer loop
vertex 42 -7.000032424926758 -14.100000381469727
vertex 23 -7.000032424926758 -14.100000381469727
vertex 19.04769515991211 34.434818267822266 -14.100000381469727
endloop
endfacet
facet normal 0 0 -1
outer loop
vertex 4.613941669464111 38.302330017089844 -14.100000381469727
vertex 4.5 36.999969482421875 -14.100000381469727
vertex 0.5543230175971985 48.399967193603516 -14.100000381469727
endloop
endfacet
facet normal 0 0 1
outer loop
vertex 53 -40.20003128051758 -4.099999904632568
vertex 53.70000076293945 -40.20003128051758 -4.099999904632568
vertex 53.70000076293945 -6.800032138824463 -4.099999904632568
endloop
endfacet
facet normal 1 0 0
outer loop
vertex -52.20000076293945 -35.20003128051758 0
vertex -52.20000076293945 -35.20003128051758 -4.099999904632568
vertex -52.20000076293945 37.19996643066406 0
endloop
endfacet
facet normal 0 0 1
outer loop
vertex -52.20000076293945 37.19996643066406 -4.099999904632568
vertex -11.800000190734863 21.199968338012695 -4.099999904632568
vertex -11.800000190734863 36.999969482421875 -4.099999904632568
endloop
endfacet
facet normal 0 -1 0
outer loop
vertex 52.20000076293945 -6.800032138824463 -4.099999904632568
vertex 53.70000076293945 -6.800032138824463 0
vertex 52.20000076293945 -6.800032138824463 0
endloop
endfacet
facet normal 0 -1 0
outer loop
vertex 52.20000076293945 -6.800032138824463 -4.099999904632568
vertex 53.70000076293945 -6.800032138824463 -4.099999904632568
vertex 53.70000076293945 -6.800032138824463 0
endloop
endfacet
facet normal 0 1 0
outer loop
vertex -46 -40.20003128051758 -4.099999904632568
vertex -47.29999923706055 -40.20003128051758 0
vertex -46 -40.20003128051758 0
endloop
endfacet
facet normal 0 -1 0
outer loop
vertex -11.800000190734863 37.19996643066406 0
vertex -52.20000076293945 37.19996643066406 -4.099999904632568
vertex -11.800000190734863 37.19996643066406 -4.099999904632568
endloop
endfacet
facet normal 0 0 1
outer loop
vertex -52.20000076293945 37.19996643066406 -4.099999904632568
vertex 20.5 -7.500032424926758 -4.099999904632568
vertex -11.800000190734863 21.199968338012695 -4.099999904632568
endloop
endfacet
facet normal 0 0 1
outer loop
vertex -52.20000076293945 37.19996643066406 -4.099999904632568
vertex -46 -7.500032424926758 -4.099999904632568
vertex 20.5 -7.500032424926758 -4.099999904632568
endloop
endfacet
facet normal 0 -1 0
outer loop
vertex 27.799999237060547 21.199968338012695 0
vertex -3.799999952316284 21.199968338012695 -4.099999904632568
vertex 27.799999237060547 21.199968338012695 -4.099999904632568
endloop
endfacet
facet normal 0 1 0
outer loop
vertex 53.70000076293945 -40.20003128051758 -4.099999904632568
vertex 53 -40.20003128051758 -4.099999904632568
vertex 53 -40.20003128051758 0
endloop
endfacet
facet normal 1 0 0
outer loop
vertex -52.20000076293945 37.19996643066406 0
vertex -52.20000076293945 -35.20003128051758 -4.099999904632568
vertex -52.20000076293945 37.19996643066406 -4.099999904632568
endloop
endfacet
facet normal 0 -1 0
outer loop
vertex -3.799999952316284 21.199968338012695 0
vertex -3.799999952316284 21.199968338012695 -4.099999904632568
vertex 27.799999237060547 21.199968338012695 0
endloop
endfacet
facet normal 1 0 0
outer loop
vertex 27.799999237060547 21.199968338012695 0
vertex 27.799999237060547 21.199968338012695 -4.099999904632568
vertex 27.799999237060547 37.19996643066406 0
endloop
endfacet
facet normal 0 0 1
outer loop
vertex -3.799999952316284 21.199968338012695 -4.099999904632568
vertex 20.5 -7.500032424926758 -4.099999904632568
vertex 27.799999237060547 21.199968338012695 -4.099999904632568
endloop
endfacet
facet normal 1 0 0
outer loop
vertex -47.29999923706055 -40.20003128051758 -4.099999904632568
vertex -47.29999923706055 -35.20003128051758 -4.099999904632568
vertex -47.29999923706055 -35.20003128051758 0
endloop
endfacet
facet normal 0 1 0
outer loop
vertex -52.20000076293945 -35.20003128051758 -4.099999904632568
vertex -52.20000076293945 -35.20003128051758 0
vertex -47.29999923706055 -35.20003128051758 -4.099999904632568
endloop
endfacet
facet normal -1 0 0
outer loop
vertex 53.70000076293945 -6.800032138824463 -4.099999904632568
vertex 53.70000076293945 -40.20003128051758 0
vertex 53.70000076293945 -6.800032138824463 0
endloop
endfacet
facet normal 0 0 1
outer loop
vertex 27.799999237060547 21.199968338012695 -4.099999904632568
vertex 52.20000076293945 -6.800032138824463 -4.099999904632568
vertex 52.20000076293945 37.19996643066406 -4.099999904632568
endloop
endfacet
facet normal 0 0 1
outer loop
vertex 52.20000076293945 -6.800032138824463 -4.099999904632568
vertex 53 -7.500032424926758 -4.099999904632568
vertex 53.70000076293945 -6.800032138824463 -4.099999904632568
endloop
endfacet
facet normal 0 0 1
outer loop
vertex 53 -7.500032424926758 -4.099999904632568
vertex 53 -40.20003128051758 -4.099999904632568
vertex 53.70000076293945 -6.800032138824463 -4.099999904632568
endloop
endfacet
facet normal 0 0 1
outer loop
vertex -3.799999952316284 21.199968338012695 -4.099999904632568
vertex -11.800000190734863 21.199968338012695 -4.099999904632568
vertex 20.5 -7.500032424926758 -4.099999904632568
endloop
endfacet
facet normal 0 0 1
outer loop
vertex 52.20000076293945 -6.800032138824463 -4.099999904632568
vertex 20.5 -7.500032424926758 -4.099999904632568
vertex 53 -7.500032424926758 -4.099999904632568
endloop
endfacet
facet normal -1 0 0
outer loop
vertex 52.20000076293945 37.19996643066406 -4.099999904632568
vertex 52.20000076293945 -6.800032138824463 -4.099999904632568
vertex 52.20000076293945 -6.800032138824463 0
endloop
endfacet
facet normal -1 0 0
outer loop
vertex 52.20000076293945 37.19996643066406 -4.099999904632568
vertex 52.20000076293945 -6.800032138824463 0
vertex 52.20000076293945 37.19996643066406 0
endloop
endfacet
facet normal 0 0 1
outer loop
vertex -47.29999923706055 -35.20003128051758 -4.099999904632568
vertex -46 -40.20003128051758 -4.099999904632568
vertex -46 -7.500032424926758 -4.099999904632568
endloop
endfacet
facet normal 0 0 1
outer loop
vertex -47.29999923706055 -40.20003128051758 -4.099999904632568
vertex -46 -40.20003128051758 -4.099999904632568
vertex -47.29999923706055 -35.20003128051758 -4.099999904632568
endloop
endfacet
facet normal -1 0 0
outer loop
vertex -11.800000190734863 37.19996643066406 -4.099999904632568
vertex -11.800000190734863 36.999969482421875 -4.099999904632568
vertex -11.800000190734863 36.999969482421875 0
endloop
endfacet
facet normal -1 0 0
outer loop
vertex -11.800000190734863 37.19996643066406 0
vertex -11.800000190734863 37.19996643066406 -4.099999904632568
vertex -11.800000190734863 36.999969482421875 0
endloop
endfacet
facet normal 0 0 1
outer loop
vertex 27.799999237060547 37.19996643066406 -4.099999904632568
vertex 27.799999237060547 21.199968338012695 -4.099999904632568
vertex 52.20000076293945 37.19996643066406 -4.099999904632568
endloop
endfacet
facet normal 0 0 1
outer loop
vertex 20.5 -7.500032424926758 -4.099999904632568
vertex 52.20000076293945 -6.800032138824463 -4.099999904632568
vertex 27.799999237060547 21.199968338012695 -4.099999904632568
endloop
endfacet
facet normal 0 -1 0
outer loop
vertex -52.20000076293945 37.19996643066406 0
vertex -52.20000076293945 37.19996643066406 -4.099999904632568
vertex -11.800000190734863 37.19996643066406 0
endloop
endfacet
facet normal 0 0 1
outer loop
vertex -52.20000076293945 37.19996643066406 -4.099999904632568
vertex -11.800000190734863 36.999969482421875 -4.099999904632568
vertex -11.800000190734863 37.19996643066406 -4.099999904632568
endloop
endfacet
facet normal 0 -1 0
outer loop
vertex 27.799999237060547 37.19996643066406 0
vertex 27.799999237060547 37.19996643066406 -4.099999904632568
vertex 52.20000076293945 37.19996643066406 0
endloop
endfacet
facet normal -1 0 0
outer loop
vertex 53.70000076293945 -6.800032138824463 -4.099999904632568
vertex 53.70000076293945 -40.20003128051758 -4.099999904632568
vertex 53.70000076293945 -40.20003128051758 0
endloop
endfacet
facet normal 1 0 0
outer loop
vertex 27.799999237060547 37.19996643066406 0
vertex 27.799999237060547 21.199968338012695 -4.099999904632568
vertex 27.799999237060547 37.19996643066406 -4.099999904632568
endloop
endfacet
facet normal 1 0 0
outer loop
vertex -47.29999923706055 -40.20003128051758 0
vertex -47.29999923706055 -40.20003128051758 -4.099999904632568
vertex -47.29999923706055 -35.20003128051758 0
endloop
endfacet
facet normal 0 1 0
outer loop
vertex -47.29999923706055 -35.20003128051758 0
vertex -47.29999923706055 -35.20003128051758 -4.099999904632568
vertex -52.20000076293945 -35.20003128051758 0
endloop
endfacet
facet normal 0 1 0
outer loop
vertex 53 -40.20003128051758 0
vertex 53.70000076293945 -40.20003128051758 0
vertex 53.70000076293945 -40.20003128051758 -4.099999904632568
endloop
endfacet
facet normal 0 -1 0
outer loop
vertex 52.20000076293945 37.19996643066406 0
vertex 27.799999237060547 37.19996643066406 -4.099999904632568
vertex 52.20000076293945 37.19996643066406 -4.099999904632568
endloop
endfacet
facet normal 0 0 1
outer loop
vertex -52.20000076293945 -35.20003128051758 -4.099999904632568
vertex -47.29999923706055 -35.20003128051758 -4.099999904632568
vertex -52.20000076293945 37.19996643066406 -4.099999904632568
endloop
endfacet
facet normal 0 0 1
outer loop
vertex -52.20000076293945 37.19996643066406 -4.099999904632568
vertex -47.29999923706055 -35.20003128051758 -4.099999904632568
vertex -46 -7.500032424926758 -4.099999904632568
endloop
endfacet
facet normal 0 1 0
outer loop
vertex -46 -40.20003128051758 -4.099999904632568
vertex -47.29999923706055 -40.20003128051758 -4.099999904632568
vertex -47.29999923706055 -40.20003128051758 0
endloop
endfacet
facet normal 0 1 0
outer loop
vertex 15 -40.500030517578125 -11.899999618530273
vertex -46 -40.500030517578125 0
vertex 15 -40.500030517578125 -8.199999809265137
endloop
endfacet
facet normal 0 1 0
outer loop
vertex 15 -40.500030517578125 -8.199999809265137
vertex -46 -40.500030517578125 0
vertex 15 -40.500030517578125 0
endloop
endfacet
facet normal 0 -1 0
outer loop
vertex -46 -7.500032424926758 -4.099999904632568
vertex -46 -7.500032424926758 -11.899999618530273
vertex 20.5 -7.500032424926758 -4.099999904632568
endloop
endfacet
facet normal 1 0 0
outer loop
vertex -46 -40.500030517578125 0
vertex -46 -40.500030517578125 -11.899999618530273
vertex -46 -40.20003128051758 -4.099999904632568
endloop
endfacet
facet normal 0 -1 0
outer loop
vertex -46 -7.500032424926758 -11.899999618530273
vertex 20.5 -7.500032424926758 -8.199999809265137
vertex 20.5 -7.500032424926758 -4.099999904632568
endloop
endfacet
facet normal 0 0 1
outer loop
vertex -46 -7.500032424926758 -11.899999618530273
vertex 15 -22.500032424926758 -11.899999618530273
vertex 20.5 -7.500032424926758 -11.899999618530273
endloop
endfacet
facet normal 0 1 0
outer loop
vertex 15 -40.500030517578125 -11.899999618530273
vertex -46 -40.500030517578125 -11.899999618530273
vertex -46 -40.500030517578125 0
endloop
endfacet
facet normal 0 1 0
outer loop
vertex 15 -22.500032424926758 -11.899999618530273
vertex 20.5 -22.500032424926758 -8.199999809265137
vertex 20.5 -22.500032424926758 -11.899999618530273
endloop
endfacet
facet normal -1 0 0
outer loop
vertex 15 -22.500032424926758 -11.899999618530273
vertex 15 -40.500030517578125 -11.899999618530273
vertex 15 -22.500032424926758 -8.199999809265137
endloop
endfacet
facet normal 1 0 0
outer loop
vertex -46 -40.20003128051758 -4.099999904632568
vertex -46 -40.500030517578125 -11.899999618530273
vertex -46 -7.500032424926758 -4.099999904632568
endloop
endfacet
facet normal 0 0 1
outer loop
vertex 15 -22.500032424926758 -11.899999618530273
vertex -46 -40.500030517578125 -11.899999618530273
vertex 15 -40.500030517578125 -11.899999618530273
endloop
endfacet
facet normal 0 0 1
outer loop
vertex -46 -7.500032424926758 -11.899999618530273
vertex -46 -40.500030517578125 -11.899999618530273
vertex 15 -22.500032424926758 -11.899999618530273
endloop
endfacet
facet normal 1 0 0
outer loop
vertex -46 -40.500030517578125 -11.899999618530273
vertex -46 -7.500032424926758 -11.899999618530273
vertex -46 -7.500032424926758 -4.099999904632568
endloop
endfacet
facet normal -1 0 0
outer loop
vertex 15 -22.500032424926758 -8.199999809265137
vertex 15 -40.500030517578125 -11.899999618530273
vertex 15 -40.500030517578125 -8.199999809265137
endloop
endfacet
facet normal -1 0 0
outer loop
vertex 20.5 -7.500032424926758 -8.199999809265137
vertex 20.5 -22.500032424926758 -11.899999618530273
vertex 20.5 -22.500032424926758 -8.199999809265137
endloop
endfacet
facet normal 1 0 0
outer loop
vertex -46 -40.500030517578125 0
vertex -46 -40.20003128051758 -4.099999904632568
vertex -46 -40.20003128051758 0
endloop
endfacet
facet normal -1 0 0
outer loop
vertex 20.5 -7.500032424926758 -8.199999809265137
vertex 20.5 -7.500032424926758 -11.899999618530273
vertex 20.5 -22.500032424926758 -11.899999618530273
endloop
endfacet
facet normal 0 0 1
outer loop
vertex 20.5 -7.500032424926758 -11.899999618530273
vertex 15 -22.500032424926758 -11.899999618530273
vertex 20.5 -22.500032424926758 -11.899999618530273
endloop
endfacet
facet normal 0 1 0
outer loop
vertex 20.5 -22.500032424926758 -8.199999809265137
vertex 15 -22.500032424926758 -11.899999618530273
vertex 15 -22.500032424926758 -8.199999809265137
endloop
endfacet
facet normal 0 -1 0
outer loop
vertex -46 -7.500032424926758 -11.899999618530273
vertex 20.5 -7.500032424926758 -11.899999618530273
vertex 20.5 -7.500032424926758 -8.199999809265137
endloop
endfacet
facet normal 0 0 1
outer loop
vertex 24.950000762939453 -19.40003204345703 -8.199999809265137
vertex 24.950000762939453 -9.600031852722168 -8.199999809265137
vertex 20.5 -22.500032424926758 -8.199999809265137
endloop
endfacet
facet normal 0 0 1
outer loop
vertex 20.5 -22.500032424926758 -8.199999809265137
vertex 15 -22.500032424926758 -8.199999809265137
vertex 53 -40.500030517578125 -8.199999809265137
endloop
endfacet
facet normal 0 1 0
outer loop
vertex 27.5 -40.500030517578125 -8.199999809265137
vertex 27.25 -40.500030517578125 -8.199999809265137
vertex 27.25 -40.500030517578125 -6.699999809265137
endloop
endfacet
facet normal 0 1 0
outer loop
vertex 17.826120376586914 -40.500030517578125 -6.31731653213501
vertex 17.75 -40.500030517578125 -6.699999809265137
vertex 15 -40.500030517578125 0
endloop
endfacet
facet normal -1 0 0
outer loop
vertex 53 -40.500030517578125 -8.199999809265137
vertex 53 -40.500030517578125 0
vertex 53 -40.20003128051758 -4.099999904632568
endloop
endfacet
facet normal 0 1 0
outer loop
vertex 53 -40.500030517578125 -8.199999809265137
vertex 27.5 -40.500030517578125 -8.199999809265137
vertex 53 -40.500030517578125 0
endloop
endfacet
facet normal 0 0 1
outer loop
vertex 15 -22.500032424926758 -8.199999809265137
vertex 15 -40.500030517578125 -8.199999809265137
vertex 17.5 -31.500032424926758 -8.199999809265137
endloop
endfacet
facet normal 0 0 1
outer loop
vertex 20.5 -7.500032424926758 -8.199999809265137
vertex 20.5 -22.500032424926758 -8.199999809265137
vertex 24.950000762939453 -9.600031852722168 -8.199999809265137
endloop
endfacet
facet normal 0 1 0
outer loop
vertex 17.75 -40.500030517578125 -6.699999809265137
vertex 15 -40.500030517578125 -8.199999809265137
vertex 15 -40.500030517578125 0
endloop
endfacet
facet normal 0 0 1
outer loop
vertex 15 -40.500030517578125 -8.199999809265137
vertex 17.5 -40.500030517578125 -8.199999809265137
vertex 17.5 -31.500032424926758 -8.199999809265137
endloop
endfacet
facet normal 0 1 0
outer loop
vertex 17.75 -40.500030517578125 -8.199999809265137
vertex 17.5 -40.500030517578125 -8.199999809265137
vertex 17.75 -40.500030517578125 -6.699999809265137
endloop
endfacet
facet normal 0 1 0
outer loop
vertex 15 -40.500030517578125 -8.199999809265137
vertex 17.75 -40.500030517578125 -6.699999809265137
vertex 17.5 -40.500030517578125 -8.199999809265137
endloop
endfacet
facet normal 0 1 0
outer loop
vertex 53 -40.500030517578125 0
vertex 26.957107543945312 -40.500030517578125 -5.992893218994141
vertex 26.63268280029297 -40.500030517578125 -5.776120662689209
endloop
endfacet
facet normal 0 0 1
outer loop
vertex 15 -22.500032424926758 -8.199999809265137
vertex 17.5 -31.500032424926758 -8.199999809265137
vertex 27.5 -31.500032424926758 -8.199999809265137
endloop
endfacet
facet normal 0 1 0
outer loop
vertex 18.042892456054688 -40.500030517578125 -5.992893218994141
vertex 17.826120376586914 -40.500030517578125 -6.31731653213501
vertex 15 -40.500030517578125 0
endloop
endfacet
facet normal 0 1 0
outer loop
vertex 18.36731719970703 -40.500030517578125 -5.776120662689209
vertex 18.042892456054688 -40.500030517578125 -5.992893218994141
vertex 15 -40.500030517578125 0
endloop
endfacet
facet normal 0 1 0
outer loop
vertex 18.75 -40.500030517578125 -5.699999809265137
vertex 18.36731719970703 -40.500030517578125 -5.776120662689209
vertex 15 -40.500030517578125 0
endloop
endfacet
facet normal 0 0 1
outer loop
vertex 20.5 -7.500032424926758 -8.199999809265137
vertex 24.950000762939453 -9.600031852722168 -8.199999809265137
vertex 53 -7.500032424926758 -8.199999809265137
endloop
endfacet
facet normal 0 0 1
outer loop
vertex 29.049999237060547 -9.600031852722168 -8.199999809265137
vertex 29.049999237060547 -19.40003204345703 -8.199999809265137
vertex 53 -7.500032424926758 -8.199999809265137
endloop
endfacet
facet normal 0 0 1
outer loop
vertex 24.950000762939453 -9.600031852722168 -8.199999809265137
vertex 29.049999237060547 -9.600031852722168 -8.199999809265137
vertex 53 -7.500032424926758 -8.199999809265137
endloop
endfacet
facet normal 0 1 0
outer loop
vertex 26.63268280029297 -40.500030517578125 -5.776120662689209
vertex 26.25 -40.500030517578125 -5.699999809265137
vertex 53 -40.500030517578125 0
endloop
endfacet
facet normal 0 1 0
outer loop
vertex 53 -40.500030517578125 0
vertex 27.173879623413086 -40.500030517578125 -6.31731653213501
vertex 26.957107543945312 -40.500030517578125 -5.992893218994141
endloop
endfacet
facet normal 0 1 0
outer loop
vertex 53 -40.500030517578125 0
vertex 27.25 -40.500030517578125 -6.699999809265137
vertex 27.173879623413086 -40.500030517578125 -6.31731653213501
endloop
endfacet
facet normal 0 1 0
outer loop
vertex 26.25 -40.500030517578125 -5.699999809265137
vertex 18.75 -40.500030517578125 -5.699999809265137
vertex 53 -40.500030517578125 0
endloop
endfacet
facet normal 0 1 0
outer loop
vertex 27.5 -40.500030517578125 -8.199999809265137
vertex 27.25 -40.500030517578125 -6.699999809265137
vertex 53 -40.500030517578125 0
endloop
endfacet
facet normal 0 1 0
outer loop
vertex 18.75 -40.500030517578125 -5.699999809265137
vertex 15 -40.500030517578125 0
vertex 53 -40.500030517578125 0
endloop
endfacet
facet normal -1 0 0
outer loop
vertex 53 -40.20003128051758 0
vertex 53 -40.20003128051758 -4.099999904632568
vertex 53 -40.500030517578125 0
endloop
endfacet
facet normal 0 -1 0
outer loop
vertex 20.5 -7.500032424926758 -4.099999904632568
vertex 20.5 -7.500032424926758 -8.199999809265137
vertex 53 -7.500032424926758 -4.099999904632568
endloop
endfacet
facet normal 0 -1 0
outer loop
vertex 53 -7.500032424926758 -4.099999904632568
vertex 20.5 -7.500032424926758 -8.199999809265137
vertex 53 -7.500032424926758 -8.199999809265137
endloop
endfacet
facet normal 0 0 1
outer loop
vertex 29.049999237060547 -19.40003204345703 -8.199999809265137
vertex 53 -40.500030517578125 -8.199999809265137
vertex 53 -7.500032424926758 -8.199999809265137
endloop
endfacet
facet normal 0 0 1
outer loop
vertex 27.5 -31.500032424926758 -8.199999809265137
vertex 27.5 -40.500030517578125 -8.199999809265137
vertex 53 -40.500030517578125 -8.199999809265137
endloop
endfacet
facet normal -1 0 0
outer loop
vertex 53 -7.500032424926758 -8.199999809265137
vertex 53 -40.500030517578125 -8.199999809265137
vertex 53 -40.20003128051758 -4.099999904632568
endloop
endfacet
facet normal -1 0 0
outer loop
vertex 53 -7.500032424926758 -4.099999904632568
vertex 53 -7.500032424926758 -8.199999809265137
vertex 53 -40.20003128051758 -4.099999904632568
endloop
endfacet
facet normal 0 0 1
outer loop
vertex 29.049999237060547 -19.40003204345703 -8.199999809265137
vertex 24.950000762939453 -19.40003204345703 -8.199999809265137
vertex 53 -40.500030517578125 -8.199999809265137
endloop
endfacet
facet normal 0 0 1
outer loop
vertex 15 -22.500032424926758 -8.199999809265137
vertex 27.5 -31.500032424926758 -8.199999809265137
vertex 53 -40.500030517578125 -8.199999809265137
endloop
endfacet
facet normal 0 0 1
outer loop
vertex 24.950000762939453 -19.40003204345703 -8.199999809265137
vertex 20.5 -22.500032424926758 -8.199999809265137
vertex 53 -40.500030517578125 -8.199999809265137
endloop
endfacet
facet normal 0 0 1
outer loop
vertex 17.5 -31.500032424926758 -9.5
vertex 17.5 -40.500030517578125 -9.5
vertex 27.5 -40.500030517578125 -9.5
endloop
endfacet
facet normal 0 1 0
outer loop
vertex 18.75 -40.500030517578125 -9.199999809265137
vertex 26.25 -40.500030517578125 -9.199999809265137
vertex 17.5 -40.500030517578125 -9.5
endloop
endfacet
facet normal 0 1 0
outer loop
vertex 17.5 -40.500030517578125 -9.5
vertex 18.36731719970703 -40.500030517578125 -9.123879432678223
vertex 18.75 -40.500030517578125 -9.199999809265137
endloop
endfacet
facet normal 1 0 0
outer loop
vertex 17.5 -40.500030517578125 -9.5
vertex 17.5 -31.500032424926758 -9.5
vertex 17.5 -31.500032424926758 -8.199999809265137
endloop
endfacet
facet normal 0 1 0
outer loop
vertex 18.042892456054688 -40.500030517578125 -8.907106399536133
vertex 17.5 -40.500030517578125 -9.5
vertex 17.826120376586914 -40.500030517578125 -8.582683563232422
endloop
endfacet
facet normal -1 0 0
outer loop
vertex 27.5 -31.500032424926758 -9.5
vertex 27.5 -40.500030517578125 -8.199999809265137
vertex 27.5 -31.500032424926758 -8.199999809265137
endloop
endfacet
facet normal 0 1 0
outer loop
vertex 27.5 -40.500030517578125 -8.199999809265137
vertex 27.5 -40.500030517578125 -9.5
vertex 27.25 -40.500030517578125 -8.199999809265137
endloop
endfacet
facet normal 0 1 0
outer loop
vertex 27.5 -40.500030517578125 -9.5
vertex 17.5 -40.500030517578125 -9.5
vertex 26.25 -40.500030517578125 -9.199999809265137
endloop
endfacet
facet normal 0 -1 0
outer loop
vertex 17.5 -31.500032424926758 -9.5
vertex 27.5 -31.500032424926758 -9.5
vertex 27.5 -31.500032424926758 -8.199999809265137
endloop
endfacet
facet normal 0 1 0
outer loop
vertex 27.5 -40.500030517578125 -9.5
vertex 26.25 -40.500030517578125 -9.199999809265137
vertex 26.63268280029297 -40.500030517578125 -9.123879432678223
endloop
endfacet
facet normal 0 1 0
outer loop
vertex 27.173879623413086 -40.500030517578125 -8.582683563232422
vertex 27.25 -40.500030517578125 -8.199999809265137
vertex 27.5 -40.500030517578125 -9.5
endloop
endfacet
facet normal 1 0 0
outer loop
vertex 17.5 -40.500030517578125 -8.199999809265137
vertex 17.5 -40.500030517578125 -9.5
vertex 17.5 -31.500032424926758 -8.199999809265137
endloop
endfacet
facet normal 0 -1 0
outer loop
vertex 17.5 -31.500032424926758 -8.199999809265137
vertex 17.5 -31.500032424926758 -9.5
vertex 27.5 -31.500032424926758 -8.199999809265137
endloop
endfacet
facet normal 0 1 0
outer loop
vertex 17.826120376586914 -40.500030517578125 -8.582683563232422
vertex 17.5 -40.500030517578125 -8.199999809265137
vertex 17.75 -40.500030517578125 -8.199999809265137
endloop
endfacet
facet normal 0 1 0
outer loop
vertex 17.826120376586914 -40.500030517578125 -8.582683563232422
vertex 17.5 -40.500030517578125 -9.5
vertex 17.5 -40.500030517578125 -8.199999809265137
endloop
endfacet
facet normal 0 1 0
outer loop
vertex 26.63268280029297 -40.500030517578125 -9.123879432678223
vertex 26.957107543945312 -40.500030517578125 -8.907106399536133
vertex 27.5 -40.500030517578125 -9.5
endloop
endfacet
facet normal 0 1 0
outer loop
vertex 17.5 -40.500030517578125 -9.5
vertex 18.042892456054688 -40.500030517578125 -8.907106399536133
vertex 18.36731719970703 -40.500030517578125 -9.123879432678223
endloop
endfacet
facet normal 0 1 0
outer loop
vertex 26.957107543945312 -40.500030517578125 -8.907106399536133
vertex 27.173879623413086 -40.500030517578125 -8.582683563232422
vertex 27.5 -40.500030517578125 -9.5
endloop
endfacet
facet normal 0 0 1
outer loop
vertex 17.5 -31.500032424926758 -9.5
vertex 27.5 -40.500030517578125 -9.5
vertex 27.5 -31.500032424926758 -9.5
endloop
endfacet
facet normal -1 0 0
outer loop
vertex 27.5 -31.500032424926758 -9.5
vertex 27.5 -40.500030517578125 -9.5
vertex 27.5 -40.500030517578125 -8.199999809265137
endloop
endfacet
facet normal 0 0 1
outer loop
vertex 24.950000762939453 -19.40003204345703 -10
vertex 25.75 -11.250032424926758 -10
vertex 24.950000762939453 -9.600031852722168 -10
endloop
endfacet
facet normal 0 0 1
outer loop
vertex 28.25 -11.250032424926758 -10
vertex 28.25 -17.750032424926758 -10
vertex 29.049999237060547 -9.600031852722168 -10
endloop
endfacet
facet normal 0 0 1
outer loop
vertex 24.950000762939453 -19.40003204345703 -10
vertex 28.25 -17.750032424926758 -10
vertex 25.75 -17.750032424926758 -10
endloop
endfacet
facet normal 0 0 1
outer loop
vertex 28.25 -17.750032424926758 -10
vertex 24.950000762939453 -19.40003204345703 -10
vertex 29.049999237060547 -19.40003204345703 -10
endloop
endfacet
facet normal 0 0 1
outer loop
vertex 24.950000762939453 -9.600031852722168 -10
vertex 25.75 -11.250032424926758 -10
vertex 29.049999237060547 -9.600031852722168 -10
endloop
endfacet
facet normal 0 0 1
outer loop
vertex 29.049999237060547 -9.600031852722168 -10
vertex 25.75 -11.250032424926758 -10
vertex 28.25 -11.250032424926758 -10
endloop
endfacet
facet normal 1 0 0
outer loop
vertex 24.950000762939453 -19.40003204345703 -10
vertex 24.950000762939453 -9.600031852722168 -10
vertex 24.950000762939453 -9.600031852722168 -8.199999809265137
endloop
endfacet
facet normal 0 -1 0
outer loop
vertex 24.950000762939453 -9.600031852722168 -10
vertex 29.049999237060547 -9.600031852722168 -10
vertex 29.049999237060547 -9.600031852722168 -8.199999809265137
endloop
endfacet
facet normal 1 0 0
outer loop
vertex 24.950000762939453 -19.40003204345703 -8.199999809265137
vertex 24.950000762939453 -19.40003204345703 -10
vertex 24.950000762939453 -9.600031852722168 -8.199999809265137
endloop
endfacet
facet normal 0 0 1
outer loop
vertex 24.950000762939453 -19.40003204345703 -10
vertex 25.75 -17.750032424926758 -10
vertex 25.75 -11.250032424926758 -10
endloop
endfacet
facet normal -1 0 0
outer loop
vertex 29.049999237060547 -9.600031852722168 -8.199999809265137
vertex 29.049999237060547 -9.600031852722168 -10
vertex 29.049999237060547 -19.40003204345703 -8.199999809265137
endloop
endfacet
facet normal 0 0 1
outer loop
vertex 28.25 -17.750032424926758 -10
vertex 29.049999237060547 -19.40003204345703 -10
vertex 29.049999237060547 -9.600031852722168 -10
endloop
endfacet
facet normal 0 1 0
outer loop
vertex 29.049999237060547 -19.40003204345703 -10
vertex 24.950000762939453 -19.40003204345703 -10
vertex 24.950000762939453 -19.40003204345703 -8.199999809265137
endloop
endfacet
facet normal -1 0 0
outer loop
vertex 29.049999237060547 -9.600031852722168 -10
vertex 29.049999237060547 -19.40003204345703 -10
vertex 29.049999237060547 -19.40003204345703 -8.199999809265137
endloop
endfacet
facet normal 0 -1 0
outer loop
vertex 24.950000762939453 -9.600031852722168 -8.199999809265137
vertex 24.950000762939453 -9.600031852722168 -10
vertex 29.049999237060547 -9.600031852722168 -8.199999809265137
endloop
endfacet
facet normal 0 1 0
outer loop
vertex 29.049999237060547 -19.40003204345703 -8.199999809265137
vertex 29.049999237060547 -19.40003204345703 -10
vertex 24.950000762939453 -19.40003204345703 -8.199999809265137
endloop
endfacet
facet normal -1 0 0
outer loop
vertex 28.25 -17.750032424926758 -11.699999809265137
vertex 28.25 -11.250032424926758 -10
vertex 28.25 -11.250032424926758 -11.699999809265137
endloop
endfacet
facet normal 0 -1 0
outer loop
vertex 28.25 -11.250032424926758 -11.699999809265137
vertex 25.75 -11.250032424926758 -10
vertex 25.75 -11.250032424926758 -11.699999809265137
endloop
endfacet
facet normal 1 0 0
outer loop
vertex 25.75 -17.750032424926758 -10
vertex 25.75 -11.250032424926758 -11.699999809265137
vertex 25.75 -11.250032424926758 -10
endloop
endfacet
facet normal 0 -1 0
outer loop
vertex 25.75 -11.250032424926758 -10
vertex 28.25 -11.250032424926758 -11.699999809265137
vertex 28.25 -11.250032424926758 -10
endloop
endfacet
facet normal 0 1 0
outer loop
vertex 28.25 -17.750032424926758 -11.699999809265137
vertex 25.75 -17.750032424926758 -11.699999809265137
vertex 28.25 -17.750032424926758 -10
endloop
endfacet
facet normal 1 0 0
outer loop
vertex 25.75 -11.250032424926758 -11.699999809265137
vertex 25.75 -17.750032424926758 -10
vertex 25.75 -17.750032424926758 -11.699999809265137
endloop
endfacet
facet normal 0 1 0
outer loop
vertex 28.25 -17.750032424926758 -10
vertex 25.75 -17.750032424926758 -11.699999809265137
vertex 25.75 -17.750032424926758 -10
endloop
endfacet
facet normal -1 0 0
outer loop
vertex 28.25 -11.250032424926758 -10
vertex 28.25 -17.750032424926758 -11.699999809265137
vertex 28.25 -17.750032424926758 -10
endloop
endfacet
facet normal 0 0 -1
outer loop
vertex 23 -7.000032424926758 -11.699999809265137
vertex 22.808658599853516 -21.961971282958984 -11.699999809265137
vertex 22.808658599853516 -7.038092613220215 -11.699999809265137
endloop
endfacet
facet normal 0 1 0
outer loop
vertex 42.191341400146484 -21.961971282958984 -14.100000381469727
vertex 22.808658599853516 -21.961971282958984 -14.100000381469727
vertex 42.191341400146484 -21.961971282958984 -11.699999809265137
endloop
endfacet
facet normal 0 0 -1
outer loop
vertex 22.538061141967773 -7.308690547943115 -11.699999809265137
vertex 22.5 -21.500032424926758 -11.699999809265137
vertex 22.5 -7.500032424926758 -11.699999809265137
endloop
endfacet
facet normal 0 0 -1
outer loop
vertex 22.808658599853516 -7.038092613220215 -11.699999809265137
vertex 22.646446228027344 -21.853586196899414 -11.699999809265137
vertex 22.646446228027344 -7.146478652954102 -11.699999809265137
endloop
endfacet
facet normal 0 0 -1
outer loop
vertex 22.646446228027344 -7.146478652954102 -11.699999809265137
vertex 22.538061141967773 -21.691373825073242 -11.699999809265137
vertex 22.538061141967773 -7.308690547943115 -11.699999809265137
endloop
endfacet
facet normal 0 0 -1
outer loop
vertex 42 -7.000032424926758 -11.699999809265137
vertex 25.75 -11.250032424926758 -11.699999809265137
vertex 23 -7.000032424926758 -11.699999809265137
endloop
endfacet
facet normal -0.8314684985733335 -0.5555718998295418 0
outer loop
vertex 42.46194076538086 -7.308690547943115 -11.699999809265137
vertex 42.353553771972656 -7.146478652954102 -11.699999809265137
vertex 42.353553771972656 -7.146478652954102 -14.100000381469727
endloop
endfacet
facet normal -0.9807862916882889 -0.19508523787394735 0
outer loop
vertex 42.46194076538086 -7.308690547943115 -11.699999809265137
vertex 42.46194076538086 -7.308690547943115 -14.100000381469727
vertex 42.5 -7.500032424926758 -11.699999809265137
endloop
endfacet
facet normal -0.5555673912342671 -0.8314715111157752 0
outer loop
vertex 42.353553771972656 -7.146478652954102 -11.699999809265137
vertex 42.191341400146484 -7.038092613220215 -11.699999809265137
vertex 42.191341400146484 -7.038092613220215 -14.100000381469727
endloop
endfacet
facet normal -0.19509040787318935 -0.9807852633251953 0
outer loop
vertex 42.191341400146484 -7.038092613220215 -11.699999809265137
vertex 42 -7.000032424926758 -11.699999809265137
vertex 42 -7.000032424926758 -14.100000381469727
endloop
endfacet
facet normal -0.5555673912342671 -0.8314715111157752 0
outer loop
vertex 42.191341400146484 -7.038092613220215 -14.100000381469727
vertex 42.353553771972656 -7.146478652954102 -14.100000381469727
vertex 42.353553771972656 -7.146478652954102 -11.699999809265137
endloop
endfacet
facet normal -0.8314684985733335 -0.5555718998295418 0
outer loop
vertex 42.46194076538086 -7.308690547943115 -14.100000381469727
vertex 42.46194076538086 -7.308690547943115 -11.699999809265137
vertex 42.353553771972656 -7.146478652954102 -14.100000381469727
endloop
endfacet
facet normal 1 0 0
outer loop
vertex 22.5 -21.500032424926758 -11.699999809265137
vertex 22.5 -21.500032424926758 -14.100000381469727
vertex 22.5 -7.500032424926758 -11.699999809265137
endloop
endfacet
facet normal 1 0 0
outer loop
vertex 22.5 -7.500032424926758 -11.699999809265137
vertex 22.5 -21.500032424926758 -14.100000381469727
vertex 22.5 -7.500032424926758 -14.100000381469727
endloop
endfacet
facet normal -0.19509040787318935 -0.9807852633251953 0
outer loop
vertex 42 -7.000032424926758 -14.100000381469727
vertex 42.191341400146484 -7.038092613220215 -14.100000381469727
vertex 42.191341400146484 -7.038092613220215 -11.699999809265137
endloop
endfacet
facet normal 0 -1 0
outer loop
vertex 23 -7.000032424926758 -11.699999809265137
vertex 23 -7.000032424926758 -14.100000381469727
vertex 42 -7.000032424926758 -11.699999809265137
endloop
endfacet
facet normal 0 0 -1
outer loop
vertex 22.538061141967773 -21.691373825073242 -11.699999809265137
vertex 22.5 -21.500032424926758 -11.699999809265137
vertex 22.538061141967773 -7.308690547943115 -11.699999809265137
endloop
endfacet
facet normal 0 0 -1
outer loop
vertex 22.646446228027344 -21.853586196899414 -11.699999809265137
vertex 22.538061141967773 -21.691373825073242 -11.699999809265137
vertex 22.646446228027344 -7.146478652954102 -11.699999809265137
endloop
endfacet
facet normal 0 0 -1
outer loop
vertex 22.808658599853516 -21.961971282958984 -11.699999809265137
vertex 22.646446228027344 -21.853586196899414 -11.699999809265137
vertex 22.808658599853516 -7.038092613220215 -11.699999809265137
endloop
endfacet
facet normal 0 0 -1
outer loop
vertex 23 -22.000032424926758 -11.699999809265137
vertex 22.808658599853516 -21.961971282958984 -11.699999809265137
vertex 23 -7.000032424926758 -11.699999809265137
endloop
endfacet
facet normal 0 0 -1
outer loop
vertex 23 -22.000032424926758 -11.699999809265137
vertex 25.75 -11.250032424926758 -11.699999809265137
vertex 25.75 -17.750032424926758 -11.699999809265137
endloop
endfacet
facet normal 0 0 -1
outer loop
vertex 25.75 -17.750032424926758 -11.699999809265137
vertex 28.25 -17.750032424926758 -11.699999809265137
vertex 23 -22.000032424926758 -11.699999809265137
endloop
endfacet
facet normal 0 -1 0
outer loop
vertex 23 -7.000032424926758 -14.100000381469727
vertex 42 -7.000032424926758 -14.100000381469727
vertex 42 -7.000032424926758 -11.699999809265137
endloop
endfacet
facet normal 0 0 -1
outer loop
vertex 42.46194076538086 -7.308690547943115 -11.699999809265137
vertex 42.353553771972656 -21.853586196899414 -11.699999809265137
vertex 42.353553771972656 -7.146478652954102 -11.699999809265137
endloop
endfacet
facet normal 0 0 -1
outer loop
vertex 42.5 -7.500032424926758 -11.699999809265137
vertex 42.46194076538086 -21.691373825073242 -11.699999809265137
vertex 42.46194076538086 -7.308690547943115 -11.699999809265137
endloop
endfacet
facet normal 0 0 -1
outer loop
vertex 42.353553771972656 -7.146478652954102 -11.699999809265137
vertex 42.191341400146484 -21.961971282958984 -11.699999809265137
vertex 42.191341400146484 -7.038092613220215 -11.699999809265137
endloop
endfacet
facet normal 0 0 -1
outer loop
vertex 42.191341400146484 -7.038092613220215 -11.699999809265137
vertex 42.191341400146484 -21.961971282958984 -11.699999809265137
vertex 42 -7.000032424926758 -11.699999809265137
endloop
endfacet
facet normal 0 0 -1
outer loop
vertex 42.5 -21.500032424926758 -11.699999809265137
vertex 42.46194076538086 -21.691373825073242 -11.699999809265137
vertex 42.5 -7.500032424926758 -11.699999809265137
endloop
endfacet
facet normal 0 0 -1
outer loop
vertex 25.75 -11.250032424926758 -11.699999809265137
vertex 23 -22.000032424926758 -11.699999809265137
vertex 23 -7.000032424926758 -11.699999809265137
endloop
endfacet
facet normal 0 0 -1
outer loop
vertex 42.46194076538086 -21.691373825073242 -11.699999809265137
vertex 42.353553771972656 -21.853586196899414 -11.699999809265137
vertex 42.46194076538086 -7.308690547943115 -11.699999809265137
endloop
endfacet
facet normal 0 0 -1
outer loop
vertex 42.353553771972656 -21.853586196899414 -11.699999809265137
vertex 42.191341400146484 -21.961971282958984 -11.699999809265137
vertex 42.353553771972656 -7.146478652954102 -11.699999809265137
endloop
endfacet
facet normal 0.980784420993769 -0.19509464250952005 0
outer loop
vertex 22.5 -7.500032424926758 -14.100000381469727
vertex 22.538061141967773 -7.308690547943115 -14.100000381469727
vertex 22.538061141967773 -7.308690547943115 -11.699999809265137
endloop
endfacet
facet normal 0.8314730148337176 -0.5555651407380852 0
outer loop
vertex 22.538061141967773 -7.308690547943115 -14.100000381469727
vertex 22.646446228027344 -7.146478652954102 -14.100000381469727
vertex 22.646446228027344 -7.146478652954102 -11.699999809265137
endloop
endfacet
facet normal 0.5555673912342671 -0.8314715111157752 0
outer loop
vertex 22.646446228027344 -7.146478652954102 -14.100000381469727
vertex 22.808658599853516 -7.038092613220215 -14.100000381469727
vertex 22.808658599853516 -7.038092613220215 -11.699999809265137
endloop
endfacet
facet normal 0.19509040787318935 -0.9807852633251953 0
outer loop
vertex 22.808658599853516 -7.038092613220215 -14.100000381469727
vertex 23 -7.000032424926758 -14.100000381469727
vertex 23 -7.000032424926758 -11.699999809265137
endloop
endfacet
facet normal 0.980784420993769 -0.19509464250952005 0
outer loop
vertex 22.5 -7.500032424926758 -11.699999809265137
vertex 22.5 -7.500032424926758 -14.100000381469727
vertex 22.538061141967773 -7.308690547943115 -11.699999809265137
endloop
endfacet
facet normal 0.8314730148337176 -0.5555651407380852 0
outer loop
vertex 22.646446228027344 -7.146478652954102 -11.699999809265137
vertex 22.538061141967773 -7.308690547943115 -11.699999809265137
vertex 22.538061141967773 -7.308690547943115 -14.100000381469727
endloop
endfacet
facet normal 0.5555673912342671 -0.8314715111157752 0
outer loop
vertex 22.808658599853516 -7.038092613220215 -11.699999809265137
vertex 22.646446228027344 -7.146478652954102 -11.699999809265137
vertex 22.646446228027344 -7.146478652954102 -14.100000381469727
endloop
endfacet
facet normal 0.19509040787318935 -0.9807852633251953 0
outer loop
vertex 23 -7.000032424926758 -11.699999809265137
vertex 22.808658599853516 -7.038092613220215 -11.699999809265137
vertex 22.808658599853516 -7.038092613220215 -14.100000381469727
endloop
endfacet
facet normal 0 0 -1
outer loop
vertex 42 -7.000032424926758 -11.699999809265137
vertex 28.25 -17.750032424926758 -11.699999809265137
vertex 28.25 -11.250032424926758 -11.699999809265137
endloop
endfacet
facet normal 0 0 -1
outer loop
vertex 28.25 -11.250032424926758 -11.699999809265137
vertex 25.75 -11.250032424926758 -11.699999809265137
vertex 42 -7.000032424926758 -11.699999809265137
endloop
endfacet
facet normal 0 0 -1
outer loop
vertex 42.191341400146484 -21.961971282958984 -11.699999809265137
vertex 23 -22.000032424926758 -11.699999809265137
vertex 42 -7.000032424926758 -11.699999809265137
endloop
endfacet
facet normal 0 0 -1
outer loop
vertex 23 -22.000032424926758 -11.699999809265137
vertex 28.25 -17.750032424926758 -11.699999809265137
vertex 42 -7.000032424926758 -11.699999809265137
endloop
endfacet
facet normal -1 0 0
outer loop
vertex 42.5 -7.500032424926758 -14.100000381469727
vertex 42.5 -21.500032424926758 -11.699999809265137
vertex 42.5 -7.500032424926758 -11.699999809265137
endloop
endfacet
facet normal -1 0 0
outer loop
vertex 42.5 -7.500032424926758 -14.100000381469727
vertex 42.5 -21.500032424926758 -14.100000381469727
vertex 42.5 -21.500032424926758 -11.699999809265137
endloop
endfacet
facet normal -0.9807861986664705 0.19508570553829574 0
outer loop
vertex 42.5 -21.500032424926758 -14.100000381469727
vertex 42.46194076538086 -21.691373825073242 -11.699999809265137
vertex 42.5 -21.500032424926758 -11.699999809265137
endloop
endfacet
facet normal -0.8314692529919772 0.5555707707654927 0
outer loop
vertex 42.46194076538086 -21.691373825073242 -11.699999809265137
vertex 42.46194076538086 -21.691373825073242 -14.100000381469727
vertex 42.353553771972656 -21.853586196899414 -11.699999809265137
endloop
endfacet
facet normal -0.555564011675507 0.8314737692381023 0
outer loop
vertex 42.353553771972656 -21.853586196899414 -11.699999809265137
vertex 42.353553771972656 -21.853586196899414 -14.100000381469727
vertex 42.191341400146484 -21.961971282958984 -11.699999809265137
endloop
endfacet
facet normal 0.19509511019462944 0.980784327963159 0
outer loop
vertex 22.808658599853516 -21.961971282958984 -14.100000381469727
vertex 22.808658599853516 -21.961971282958984 -11.699999809265137
vertex 23 -22.000032424926758 -11.699999809265137
endloop
endfacet
facet normal 0.555564011675507 0.8314737692381023 0
outer loop
vertex 22.808658599853516 -21.961971282958984 -11.699999809265137
vertex 22.808658599853516 -21.961971282958984 -14.100000381469727
vertex 22.646446228027344 -21.853586196899414 -11.699999809265137
endloop
endfacet
facet normal 0.980784327963159 0.19509511019462944 0
outer loop
vertex 22.538061141967773 -21.691373825073242 -11.699999809265137
vertex 22.538061141967773 -21.691373825073242 -14.100000381469727
vertex 22.5 -21.500032424926758 -11.699999809265137
endloop
endfacet
facet normal 0.8314737692381023 0.555564011675507 0
outer loop
vertex 22.646446228027344 -21.853586196899414 -11.699999809265137
vertex 22.646446228027344 -21.853586196899414 -14.100000381469727
vertex 22.538061141967773 -21.691373825073242 -11.699999809265137
endloop
endfacet
facet normal 0.980784327963159 0.19509511019462944 0
outer loop
vertex 22.538061141967773 -21.691373825073242 -14.100000381469727
vertex 22.5 -21.500032424926758 -14.100000381469727
vertex 22.5 -21.500032424926758 -11.699999809265137
endloop
endfacet
facet normal 0.8314737692381023 0.555564011675507 0
outer loop
vertex 22.646446228027344 -21.853586196899414 -14.100000381469727
vertex 22.538061141967773 -21.691373825073242 -14.100000381469727
vertex 22.538061141967773 -21.691373825073242 -11.699999809265137
endloop
endfacet
facet normal 0.555564011675507 0.8314737692381023 0
outer loop
vertex 22.808658599853516 -21.961971282958984 -14.100000381469727
vertex 22.646446228027344 -21.853586196899414 -14.100000381469727
vertex 22.646446228027344 -21.853586196899414 -11.699999809265137
endloop
endfacet
facet normal -0.9807861986664705 0.19508570553829574 0
outer loop
vertex 42.46194076538086 -21.691373825073242 -14.100000381469727
vertex 42.46194076538086 -21.691373825073242 -11.699999809265137
vertex 42.5 -21.500032424926758 -14.100000381469727
endloop
endfacet
facet normal -0.8314692529919772 0.5555707707654927 0
outer loop
vertex 42.353553771972656 -21.853586196899414 -14.100000381469727
vertex 42.353553771972656 -21.853586196899414 -11.699999809265137
vertex 42.46194076538086 -21.691373825073242 -14.100000381469727
endloop
endfacet
facet normal -0.555564011675507 0.8314737692381023 0
outer loop
vertex 42.191341400146484 -21.961971282958984 -14.100000381469727
vertex 42.191341400146484 -21.961971282958984 -11.699999809265137
vertex 42.353553771972656 -21.853586196899414 -14.100000381469727
endloop
endfacet
facet normal -0.0019829872833917734 0.9998697879307699 0.01601483514468135
outer loop
vertex 22.808658599853516 -21.961971282958984 -14.100000381469727
vertex 23 -22.000032424926758 -11.699999809265137
vertex 42.191341400146484 -21.961971282958984 -11.699999809265137
endloop
endfacet
facet normal -0.9807862916882889 -0.19508523787394735 0
outer loop
vertex 42.5 -7.500032424926758 -14.100000381469727
vertex 42.5 -7.500032424926758 -11.699999809265137
vertex 42.46194076538086 -7.308690547943115 -14.100000381469727
endloop
endfacet
facet normal 0 0 1
outer loop
vertex 0.20000000298023224 29.09996795654297 -4.099999904632568
vertex -3.799999952316284 28.59996795654297 -4.099999904632568
vertex 1.4639995098114014 28.59996795654297 -4.099999904632568
endloop
endfacet
facet normal 0 0 1
outer loop
vertex 8.25 30.504777908325195 -4.099999904632568
vertex 7.179092884063721 31.254634857177734 -4.099999904632568
vertex 4.652684211730957 26.88725471496582 -4.099999904632568
endloop
endfacet
facet normal 0 0 1
outer loop
vertex 19.386058807373047 38.302330017089844 -4.099999904632568
vertex 19.5 36.999969482421875 -4.099999904632568
vertex 23.888206481933594 40.86267852783203 -4.099999904632568
endloop
endfacet
facet normal 0 0 1
outer loop
vertex 19.5 36.999969482421875 -4.099999904632568
vertex 19.386058807373047 35.69760513305664 -4.099999904632568
vertex 24.34610366821289 38.95539855957031 -4.099999904632568
endloop
endfacet
facet normal 0 0 1
outer loop
vertex 19.386058807373047 35.69760513305664 -4.099999904632568
vertex 19.04769515991211 34.434818267822266 -4.099999904632568
vertex 24.34610366821289 38.95539855957031 -4.099999904632568
endloop
endfacet
facet normal 0 0 1
outer loop
vertex 19.04769515991211 34.434818267822266 -4.099999904632568
vertex 18.495189666748047 33.249969482421875 -4.099999904632568
vertex 24.5 36.999969482421875 -4.099999904632568
endloop
endfacet
facet normal 0 0 1
outer loop
vertex 4.952305316925049 34.434818267822266 -4.099999904632568
vertex 4.613941669464111 35.69760513305664 -4.099999904632568
vertex 2.786365032196045 28.59996795654297 -4.099999904632568
endloop
endfacet
facet normal 0 0 1
outer loop
vertex 2.786365032196045 28.59996795654297 -4.099999904632568
vertex 4.613941669464111 35.69760513305664 -4.099999904632568
vertex 4.5 36.999969482421875 -4.099999904632568
endloop
endfacet
facet normal 0 0 1
outer loop
vertex 2.786365032196045 28.59996795654297 -4.099999904632568
vertex 4.5 36.999969482421875 -4.099999904632568
vertex 4.613941669464111 38.302330017089844 -4.099999904632568
endloop
endfacet
facet normal 0 0 1
outer loop
vertex 0.20000000298023224 44.899967193603516 -4.099999904632568
vertex 0.20000000298023224 29.09996795654297 -4.099999904632568
vertex 2.786365032196045 45.399967193603516 -4.099999904632568
endloop
endfacet
facet normal 0 0 1
outer loop
vertex 2.786365032196045 45.399967193603516 -4.099999904632568
vertex 2.786365032196045 28.59996795654297 -4.099999904632568
vertex 3.161165237426758 45.838802337646484 -4.099999904632568
endloop
endfacet
facet normal 0 0 1
outer loop
vertex 3.161165237426758 45.838802337646484 -4.099999904632568
vertex 2.786365032196045 28.59996795654297 -4.099999904632568
vertex 4.652684211730957 47.11267852783203 -4.099999904632568
endloop
endfacet
facet normal 0 0 1
outer loop
vertex 2.786365032196045 28.59996795654297 -4.099999904632568
vertex 4.613941669464111 38.302330017089844 -4.099999904632568
vertex 6.325118541717529 48.137550354003906 -4.099999904632568
endloop
endfacet
facet normal 0 0 1
outer loop
vertex 2.786365032196045 28.59996795654297 -4.099999904632568
vertex 6.254666805267334 32.17906188964844 -4.099999904632568
vertex 5.504809379577637 33.249969482421875 -4.099999904632568
endloop
endfacet
facet normal 0 0 1
outer loop
vertex 3.161165237426758 28.1611328125 -4.099999904632568
vertex 4.652684211730957 26.88725471496582 -4.099999904632568
vertex 7.179092884063721 31.254634857177734 -4.099999904632568
endloop
endfacet
facet normal 0 0 1
outer loop
vertex 2.786365032196045 28.59996795654297 -4.099999904632568
vertex 3.161165237426758 28.1611328125 -4.099999904632568
vertex 6.254666805267334 32.17906188964844 -4.099999904632568
endloop
endfacet
facet normal 0 0 1
outer loop
vertex 0.20000000298023224 29.09996795654297 -4.099999904632568
vertex 2.786365032196045 28.59996795654297 -4.099999904632568
vertex 2.786365032196045 45.399967193603516 -4.099999904632568
endloop
endfacet
facet normal 0 0 1
outer loop
vertex 0.20000000298023224 29.09996795654297 -4.099999904632568
vertex 1.4639995098114014 28.59996795654297 -4.099999904632568
vertex 2.786365032196045 28.59996795654297 -4.099999904632568
endloop
endfacet
facet normal 0 0 1
outer loop
vertex 14.56515121459961 29.952272415161133 -4.099999904632568
vertex 13.302361488342285 29.613908767700195 -4.099999904632568
vertex 6.325118541717529 25.86238670349121 -4.099999904632568
endloop
endfacet
facet normal 0 -1 0
outer loop
vertex -11.300000190734863 45.399967193603516 0
vertex -11.300000190734863 45.399967193603516 -4.099999904632568
vertex 0.35597068071365356 45.399967193603516 0
endloop
endfacet
facet normal 0 -1 0
outer loop
vertex -11.300000190734863 45.399967193603516 -4.099999904632568
vertex 1.4639995098114014 45.399967193603516 -4.099999904632568
vertex 0.35597068071365356 45.399967193603516 0
endloop
endfacet
facet normal 1 0 0
outer loop
vertex -11.300000190734863 45.399967193603516 0
vertex -11.300000190734863 36.999969482421875 -4.099999904632568
vertex -11.300000190734863 45.399967193603516 -4.099999904632568
endloop
endfacet
facet normal 1 0 0
outer loop
vertex -11.300000190734863 36.999969482421875 0
vertex -11.300000190734863 36.999969482421875 -4.099999904632568
vertex -11.300000190734863 45.399967193603516 0
endloop
endfacet
facet normal 0 0 1
outer loop
vertex 18.495189666748047 33.249969482421875 -4.099999904632568
vertex 17.745332717895508 32.17906188964844 -4.099999904632568
vertex 24.34610366821289 35.04453659057617 -4.099999904632568
endloop
endfacet
facet normal 0 0 1
outer loop
vertex 24.34610366821289 35.04453659057617 -4.099999904632568
vertex 15.75 30.504777908325195 -4.099999904632568
vertex 23.888206481933594 33.13725662231445 -4.099999904632568
endloop
endfacet
facet normal 0 0 1
outer loop
vertex 17.745332717895508 32.17906188964844 -4.099999904632568
vertex 16.820907592773438 31.254634857177734 -4.099999904632568
vertex 24.34610366821289 35.04453659057617 -4.099999904632568
endloop
endfacet
facet normal 0 0 1
outer loop
vertex 16.820907592773438 31.254634857177734 -4.099999904632568
vertex 15.75 30.504777908325195 -4.099999904632568
vertex 24.34610366821289 35.04453659057617 -4.099999904632568
endloop
endfacet
facet normal 0 0 1
outer loop
vertex 15.75 30.504777908325195 -4.099999904632568
vertex 6.325118541717529 25.86238670349121 -4.099999904632568
vertex 23.888206481933594 33.13725662231445 -4.099999904632568
endloop
endfacet
facet normal 0 0 1
outer loop
vertex 9.43484878540039 29.952272415161133 -4.099999904632568
vertex 8.25 30.504777908325195 -4.099999904632568
vertex 4.652684211730957 26.88725471496582 -4.099999904632568
endloop
endfacet
facet normal 0 -1 0
outer loop
vertex -11.800000190734863 36.999969482421875 0
vertex -11.300000190734863 36.999969482421875 -4.099999904632568
vertex -11.300000190734863 36.999969482421875 0
endloop
endfacet
facet normal 0 -1 0
outer loop
vertex -11.800000190734863 36.999969482421875 -4.099999904632568
vertex -11.300000190734863 36.999969482421875 -4.099999904632568
vertex -11.800000190734863 36.999969482421875 0
endloop
endfacet
facet normal 0 0 1
outer loop
vertex 15.75 30.504777908325195 -4.099999904632568
vertex 14.56515121459961 29.952272415161133 -4.099999904632568
vertex 6.325118541717529 25.86238670349121 -4.099999904632568
endloop
endfacet
facet normal 0 0 1
outer loop
vertex 1.4639995098114014 45.399967193603516 -4.099999904632568
vertex 0.20000000298023224 44.899967193603516 -4.099999904632568
vertex 2.786365032196045 45.399967193603516 -4.099999904632568
endloop
endfacet
facet normal 0 0 1
outer loop
vertex 13.302361488342285 29.613908767700195 -4.099999904632568
vertex 12 29.499967575073242 -4.099999904632568
vertex 6.325118541717529 25.86238670349121 -4.099999904632568
endloop
endfacet
facet normal 0 0 1
outer loop
vertex 12 29.499967575073242 -4.099999904632568
vertex 10.697638511657715 29.613908767700195 -4.099999904632568
vertex 6.325118541717529 25.86238670349121 -4.099999904632568
endloop
endfacet
facet normal 0 0 1
outer loop
vertex 10.697638511657715 29.613908767700195 -4.099999904632568
vertex 9.43484878540039 29.952272415161133 -4.099999904632568
vertex 6.325118541717529 25.86238670349121 -4.099999904632568
endloop
endfacet
facet normal 0 0 1
outer loop
vertex 4.652684211730957 26.88725471496582 -4.099999904632568
vertex 6.325118541717529 25.86238670349121 -4.099999904632568
vertex 9.43484878540039 29.952272415161133 -4.099999904632568
endloop
endfacet
facet normal 0 0 1
outer loop
vertex 4.652684211730957 47.11267852783203 -4.099999904632568
vertex 2.786365032196045 28.59996795654297 -4.099999904632568
vertex 6.325118541717529 48.137550354003906 -4.099999904632568
endloop
endfacet
facet normal 0 0 1
outer loop
vertex 19.347314834594727 47.11267852783203 -4.099999904632568
vertex 16.820907592773438 42.74530029296875 -4.099999904632568
vertex 20.838834762573242 45.838802337646484 -4.099999904632568
endloop
endfacet
facet normal 0 0 1
outer loop
vertex 20.838834762573242 45.838802337646484 -4.099999904632568
vertex 17.745332717895508 41.82087326049805 -4.099999904632568
vertex 22.112712860107422 44.34728240966797 -4.099999904632568
endloop
endfacet
facet normal 0 0 1
outer loop
vertex 22.112712860107422 44.34728240966797 -4.099999904632568
vertex 18.495189666748047 40.749969482421875 -4.099999904632568
vertex 23.13758087158203 42.67485046386719 -4.099999904632568
endloop
endfacet
facet normal 0 0 1
outer loop
vertex 16.820907592773438 42.74530029296875 -4.099999904632568
vertex 17.745332717895508 41.82087326049805 -4.099999904632568
vertex 20.838834762573242 45.838802337646484 -4.099999904632568
endloop
endfacet
facet normal 0 0 1
outer loop
vertex 17.745332717895508 41.82087326049805 -4.099999904632568
vertex 18.495189666748047 40.749969482421875 -4.099999904632568
vertex 22.112712860107422 44.34728240966797 -4.099999904632568
endloop
endfacet
facet normal 0 0 1
outer loop
vertex 17.674880981445312 48.137550354003906 -4.099999904632568
vertex 15.75 43.49515914916992 -4.099999904632568
vertex 19.347314834594727 47.11267852783203 -4.099999904632568
endloop
endfacet
facet normal 0 0 1
outer loop
vertex 16.820907592773438 42.74530029296875 -4.099999904632568
vertex 19.347314834594727 47.11267852783203 -4.099999904632568
vertex 15.75 43.49515914916992 -4.099999904632568
endloop
endfacet
facet normal 0 0 1
outer loop
vertex 15.862712860107422 48.88817596435547 -4.099999904632568
vertex 14.56515121459961 44.04766082763672 -4.099999904632568
vertex 17.674880981445312 48.137550354003906 -4.099999904632568
endloop
endfacet
facet normal 0 0 1
outer loop
vertex 15.862712860107422 48.88817596435547 -4.099999904632568
vertex 13.302361488342285 44.386024475097656 -4.099999904632568
vertex 14.56515121459961 44.04766082763672 -4.099999904632568
endloop
endfacet
facet normal 0 0 1
outer loop
vertex 14.56515121459961 44.04766082763672 -4.099999904632568
vertex 15.75 43.49515914916992 -4.099999904632568
vertex 17.674880981445312 48.137550354003906 -4.099999904632568
endloop
endfacet
facet normal 0 0 1
outer loop
vertex 18.495189666748047 40.749969482421875 -4.099999904632568
vertex 19.04769515991211 39.565120697021484 -4.099999904632568
vertex 23.13758087158203 42.67485046386719 -4.099999904632568
endloop
endfacet
facet normal 0 0 1
outer loop
vertex 6.325118541717529 48.137550354003906 -4.099999904632568
vertex 4.613941669464111 38.302330017089844 -4.099999904632568
vertex 4.952305316925049 39.565120697021484 -4.099999904632568
endloop
endfacet
facet normal 0 0 1
outer loop
vertex 23.13758087158203 42.67485046386719 -4.099999904632568
vertex 19.04769515991211 39.565120697021484 -4.099999904632568
vertex 23.888206481933594 40.86267852783203 -4.099999904632568
endloop
endfacet
facet normal 0 0 1
outer loop
vertex 23.888206481933594 40.86267852783203 -4.099999904632568
vertex 19.5 36.999969482421875 -4.099999904632568
vertex 24.34610366821289 38.95539855957031 -4.099999904632568
endloop
endfacet
facet normal 0 0 1
outer loop
vertex 6.325118541717529 48.137550354003906 -4.099999904632568
vertex 4.952305316925049 39.565120697021484 -4.099999904632568
vertex 5.504809379577637 40.749969482421875 -4.099999904632568
endloop
endfacet
facet normal 0 0 1
outer loop
vertex 6.325118541717529 48.137550354003906 -4.099999904632568
vertex 5.504809379577637 40.749969482421875 -4.099999904632568
vertex 6.254666805267334 41.82087326049805 -4.099999904632568
endloop
endfacet
facet normal 0 0 1
outer loop
vertex 5.504809379577637 33.249969482421875 -4.099999904632568
vertex 4.952305316925049 34.434818267822266 -4.099999904632568
vertex 2.786365032196045 28.59996795654297 -4.099999904632568
endloop
endfacet
facet normal 0 0 1
outer loop
vertex 6.325118541717529 48.137550354003906 -4.099999904632568
vertex 6.254666805267334 41.82087326049805 -4.099999904632568
vertex 7.179092884063721 42.74530029296875 -4.099999904632568
endloop
endfacet
facet normal 0 0 1
outer loop
vertex 6.325118541717529 48.137550354003906 -4.099999904632568
vertex 7.179092884063721 42.74530029296875 -4.099999904632568
vertex 8.137287139892578 48.88817596435547 -4.099999904632568
endloop
endfacet
facet normal 0 0 1
outer loop
vertex 24.34610366821289 38.95539855957031 -4.099999904632568
vertex 19.04769515991211 34.434818267822266 -4.099999904632568
vertex 24.5 36.999969482421875 -4.099999904632568
endloop
endfacet
facet normal 0 0 1
outer loop
vertex 24.5 36.999969482421875 -4.099999904632568
vertex 18.495189666748047 33.249969482421875 -4.099999904632568
vertex 24.34610366821289 35.04453659057617 -4.099999904632568
endloop
endfacet
facet normal 0 0 1
outer loop
vertex -11.800000190734863 21.199968338012695 -4.099999904632568
vertex -3.799999952316284 28.59996795654297 -4.099999904632568
vertex -9.800000190734863 29.09996795654297 -4.099999904632568
endloop
endfacet
facet normal 0 0 1
outer loop
vertex -3.799999952316284 28.59996795654297 -4.099999904632568
vertex -11.800000190734863 21.199968338012695 -4.099999904632568
vertex -3.799999952316284 21.199968338012695 -4.099999904632568
endloop
endfacet
facet normal -1 0 0
outer loop
vertex -3.799999952316284 28.59996795654297 -4.099999904632568
vertex -3.799999952316284 21.199968338012695 -4.099999904632568
vertex -3.799999952316284 28.59996795654297 0
endloop
endfacet
facet normal 0 0 1
outer loop
vertex 19.04769515991211 39.565120697021484 -4.099999904632568
vertex 19.386058807373047 38.302330017089844 -4.099999904632568
vertex 23.888206481933594 40.86267852783203 -4.099999904632568
endloop
endfacet
facet normal 0 1 0
outer loop
vertex -3.799999952316284 28.59996795654297 -4.099999904632568
vertex -3.799999952316284 28.59996795654297 0
vertex 1.4639995098114014 28.59996795654297 -4.099999904632568
endloop
endfacet
facet normal -1 0 0
outer loop
vertex -3.799999952316284 28.59996795654297 0
vertex -3.799999952316284 21.199968338012695 -4.099999904632568
vertex -3.799999952316284 21.199968338012695 0
endloop
endfacet
facet normal 0 1 0
outer loop
vertex 1.4639995098114014 28.59996795654297 -4.099999904632568
vertex -3.799999952316284 28.59996795654297 0
vertex 0.35597068071365356 28.59996795654297 0
endloop
endfacet
facet normal 0 0 1
outer loop
vertex -11.800000190734863 36.999969482421875 -4.099999904632568
vertex -11.800000190734863 21.199968338012695 -4.099999904632568
vertex -9.800000190734863 29.09996795654297 -4.099999904632568
endloop
endfacet
facet normal 0 0 1
outer loop
vertex -11.800000190734863 36.999969482421875 -4.099999904632568
vertex -9.800000190734863 29.09996795654297 -4.099999904632568
vertex -11.300000190734863 36.999969482421875 -4.099999904632568
endloop
endfacet
facet normal 0 0 1
outer loop
vertex -11.300000190734863 36.999969482421875 -4.099999904632568
vertex -9.800000190734863 29.09996795654297 -4.099999904632568
vertex -9.800000190734863 44.899967193603516 -4.099999904632568
endloop
endfacet
facet normal 0 0 1
outer loop
vertex 13.95543098449707 49.346073150634766 -4.099999904632568
vertex 13.302361488342285 44.386024475097656 -4.099999904632568
vertex 15.862712860107422 48.88817596435547 -4.099999904632568
endloop
endfacet
facet normal 0 0 1
outer loop
vertex 8.137287139892578 48.88817596435547 -4.099999904632568
vertex 7.179092884063721 42.74530029296875 -4.099999904632568
vertex 8.25 43.49515914916992 -4.099999904632568
endloop
endfacet
facet normal 0 0 1
outer loop
vertex 8.137287139892578 48.88817596435547 -4.099999904632568
vertex 8.25 43.49515914916992 -4.099999904632568
vertex 10.04456901550293 49.346073150634766 -4.099999904632568
endloop
endfacet
facet normal 0 0 1
outer loop
vertex 12 49.499969482421875 -4.099999904632568
vertex 12 44.499969482421875 -4.099999904632568
vertex 13.95543098449707 49.346073150634766 -4.099999904632568
endloop
endfacet
facet normal 0 0 1
outer loop
vertex 10.04456901550293 49.346073150634766 -4.099999904632568
vertex 10.697638511657715 44.386024475097656 -4.099999904632568
vertex 12 49.499969482421875 -4.099999904632568
endloop
endfacet
facet normal 0 0 1
outer loop
vertex 10.04456901550293 49.346073150634766 -4.099999904632568
vertex 8.25 43.49515914916992 -4.099999904632568
vertex 9.43484878540039 44.04766082763672 -4.099999904632568
endloop
endfacet
facet normal 0 0 1
outer loop
vertex 10.04456901550293 49.346073150634766 -4.099999904632568
vertex 9.43484878540039 44.04766082763672 -4.099999904632568
vertex 10.697638511657715 44.386024475097656 -4.099999904632568
endloop
endfacet
facet normal 0 0 1
outer loop
vertex 10.697638511657715 44.386024475097656 -4.099999904632568
vertex 12 44.499969482421875 -4.099999904632568
vertex 12 49.499969482421875 -4.099999904632568
endloop
endfacet
facet normal 0 0 1
outer loop
vertex 12 44.499969482421875 -4.099999904632568
vertex 13.302361488342285 44.386024475097656 -4.099999904632568
vertex 13.95543098449707 49.346073150634766 -4.099999904632568
endloop
endfacet
facet normal 0 0 1
outer loop
vertex -9.800000190734863 29.09996795654297 -4.099999904632568
vertex -3.799999952316284 28.59996795654297 -4.099999904632568
vertex 0.20000000298023224 29.09996795654297 -4.099999904632568
endloop
endfacet
facet normal 0 0 1
outer loop
vertex 0.20000000298023224 44.899967193603516 -4.099999904632568
vertex 1.4639995098114014 45.399967193603516 -4.099999904632568
vertex -11.300000190734863 45.399967193603516 -4.099999904632568
endloop
endfacet
facet normal 0 0 1
outer loop
vertex -11.300000190734863 45.399967193603516 -4.099999904632568
vertex -9.800000190734863 44.899967193603516 -4.099999904632568
vertex 0.20000000298023224 44.899967193603516 -4.099999904632568
endloop
endfacet
facet normal 0 0 1
outer loop
vertex -11.300000190734863 36.999969482421875 -4.099999904632568
vertex -9.800000190734863 44.899967193603516 -4.099999904632568
vertex -11.300000190734863 45.399967193603516 -4.099999904632568
endloop
endfacet
facet normal 0 0 1
outer loop
vertex 6.254666805267334 32.17906188964844 -4.099999904632568
vertex 3.161165237426758 28.1611328125 -4.099999904632568
vertex 7.179092884063721 31.254634857177734 -4.099999904632568
endloop
endfacet
facet normal 0 -1 0
outer loop
vertex -9.800000190734863 44.899967193603516 -4.099999904632568
vertex -9.800000190734863 44.899967193603516 -4.900000095367432
vertex 0.20000000298023224 44.899967193603516 -4.099999904632568
endloop
endfacet
facet normal 1 0 0
outer loop
vertex -9.800000190734863 44.899967193603516 -4.099999904632568
vertex -9.800000190734863 29.09996795654297 -4.099999904632568
vertex -9.800000190734863 44.899967193603516 -4.900000095367432
endloop
endfacet
facet normal 0 -1 0
outer loop
vertex -9.800000190734863 44.899967193603516 -4.900000095367432
vertex 0.20000000298023224 44.899967193603516 -4.900000095367432
vertex 0.20000000298023224 44.899967193603516 -4.099999904632568
endloop
endfacet
facet normal 0 1 0
outer loop
vertex 0.20000000298023224 29.09996795654297 -4.900000095367432
vertex -9.800000190734863 29.09996795654297 -4.099999904632568
vertex 0.20000000298023224 29.09996795654297 -4.099999904632568
endloop
endfacet
facet normal -1 0 0
outer loop
vertex 0.20000000298023224 44.899967193603516 -4.099999904632568
vertex 0.20000000298023224 44.899967193603516 -4.900000095367432
vertex 0.20000000298023224 29.09996795654297 -4.099999904632568
endloop
endfacet
facet normal 0 0 1
outer loop
vertex -9.800000190734863 44.899967193603516 -4.900000095367432
vertex -9.800000190734863 29.09996795654297 -4.900000095367432
vertex 0.20000000298023224 29.09996795654297 -4.900000095367432
endloop
endfacet
facet normal 0 1 0
outer loop
vertex -9.800000190734863 29.09996795654297 -4.099999904632568
vertex 0.20000000298023224 29.09996795654297 -4.900000095367432
vertex -9.800000190734863 29.09996795654297 -4.900000095367432
endloop
endfacet
facet normal -1 0 0
outer loop
vertex 0.20000000298023224 44.899967193603516 -4.900000095367432
vertex 0.20000000298023224 29.09996795654297 -4.900000095367432
vertex 0.20000000298023224 29.09996795654297 -4.099999904632568
endloop
endfacet
facet normal 0 0 1
outer loop
vertex -9.800000190734863 44.899967193603516 -4.900000095367432
vertex 0.20000000298023224 29.09996795654297 -4.900000095367432
vertex 0.20000000298023224 44.899967193603516 -4.900000095367432
endloop
endfacet
facet normal 1 0 0
outer loop
vertex -9.800000190734863 29.09996795654297 -4.900000095367432
vertex -9.800000190734863 44.899967193603516 -4.900000095367432
vertex -9.800000190734863 29.09996795654297 -4.099999904632568
endloop
endfacet
facet normal 0.2588191593618109 0.9659257956733766 0
outer loop
vertex 10.697638511657715 29.613908767700195 -4.099999904632568
vertex 10.697638511657715 29.613908767700195 -14.100000381469727
vertex 9.43484878540039 29.952272415161133 -4.099999904632568
endloop
endfacet
facet normal -0.7071075106653494 -0.7071060517069931 0
outer loop
vertex 16.820907592773438 42.74530029296875 -14.100000381469727
vertex 17.745332717895508 41.82087326049805 -14.100000381469727
vertex 17.745332717895508 41.82087326049805 -4.099999904632568
endloop
endfacet
facet normal 0.08715523155521007 0.9961947428151575 0
outer loop
vertex 12 29.499967575073242 -14.100000381469727
vertex 10.697638511657715 29.613908767700195 -14.100000381469727
vertex 10.697638511657715 29.613908767700195 -4.099999904632568
endloop
endfacet
facet normal 0.9961947277706283 0.0871554035158092 0
outer loop
vertex 4.613941669464111 35.69760513305664 -14.100000381469727
vertex 4.5 36.999969482421875 -14.100000381469727
vertex 4.5 36.999969482421875 -4.099999904632568
endloop
endfacet
facet normal 0.4226191606908643 0.906307367848761 0
outer loop
vertex 9.43484878540039 29.952272415161133 -14.100000381469727
vertex 8.25 30.504777908325195 -14.100000381469727
vertex 8.25 30.504777908325195 -4.099999904632568
endloop
endfacet
facet normal 0.9659256490752948 0.25881970647242153 0
outer loop
vertex 4.952305316925049 34.434818267822266 -14.100000381469727
vertex 4.613941669464111 35.69760513305664 -14.100000381469727
vertex 4.613941669464111 35.69760513305664 -4.099999904632568
endloop
endfacet
facet normal 0.7071071459258544 0.7071064164470526 0
outer loop
vertex 7.179092884063721 31.254634857177734 -14.100000381469727
vertex 6.254666805267334 32.17906188964844 -14.100000381469727
vertex 6.254666805267334 32.17906188964844 -4.099999904632568
endloop
endfacet
facet normal -0.08715523155521007 0.9961947428151575 0
outer loop
vertex 13.302361488342285 29.613908767700195 -14.100000381469727
vertex 12 29.499967575073242 -14.100000381469727
vertex 12 29.499967575073242 -4.099999904632568
endloop
endfacet
facet normal -0.2588191593618109 0.9659257956733766 0
outer loop
vertex 14.56515121459961 29.952272415161133 -14.100000381469727
vertex 13.302361488342285 29.613908767700195 -14.100000381469727
vertex 13.302361488342285 29.613908767700195 -4.099999904632568
endloop
endfacet
facet normal 0.8191511358925775 -0.573577733673388 0
outer loop
vertex 5.504809379577637 40.749969482421875 -14.100000381469727
vertex 6.254666805267334 41.82087326049805 -14.100000381469727
vertex 6.254666805267334 41.82087326049805 -4.099999904632568
endloop
endfacet
facet normal 0.5735762893270128 0.8191521472363085 0
outer loop
vertex 8.25 30.504777908325195 -14.100000381469727
vertex 7.179092884063721 31.254634857177734 -14.100000381469727
vertex 7.179092884063721 31.254634857177734 -4.099999904632568
endloop
endfacet
facet normal 0.7071071459258544 -0.7071064164470526 0
outer loop
vertex 6.254666805267334 41.82087326049805 -14.100000381469727
vertex 7.179092884063721 42.74530029296875 -14.100000381469727
vertex 7.179092884063721 42.74530029296875 -4.099999904632568
endloop
endfacet
facet normal 0.5735772683016825 -0.8191514617502551 0
outer loop
vertex 7.179092884063721 42.74530029296875 -14.100000381469727
vertex 8.25 43.49515914916992 -14.100000381469727
vertex 8.25 43.49515914916992 -4.099999904632568
endloop
endfacet
facet normal 0.4226167639312093 -0.9063084854751788 0
outer loop
vertex 8.25 43.49515914916992 -14.100000381469727
vertex 9.43484878540039 44.04766082763672 -14.100000381469727
vertex 9.43484878540039 44.04766082763672 -4.099999904632568
endloop
endfacet
facet normal 0.2588191593618109 -0.9659257956733766 0
outer loop
vertex 9.43484878540039 44.04766082763672 -14.100000381469727
vertex 10.697638511657715 44.386024475097656 -14.100000381469727
vertex 10.697638511657715 44.386024475097656 -4.099999904632568
endloop
endfacet
facet normal -0.2588191593618109 0.9659257956733766 0
outer loop
vertex 14.56515121459961 29.952272415161133 -4.099999904632568
vertex 14.56515121459961 29.952272415161133 -14.100000381469727
vertex 13.302361488342285 29.613908767700195 -4.099999904632568
endloop
endfacet
facet normal -0.08715523155521007 0.9961947428151575 0
outer loop
vertex 13.302361488342285 29.613908767700195 -4.099999904632568
vertex 13.302361488342285 29.613908767700195 -14.100000381469727
vertex 12 29.499967575073242 -4.099999904632568
endloop
endfacet
facet normal 0.8191520958603985 0.5735763626994373 0
outer loop
vertex 6.254666805267334 32.17906188964844 -14.100000381469727
vertex 5.504809379577637 33.249969482421875 -14.100000381469727
vertex 5.504809379577637 33.249969482421875 -4.099999904632568
endloop
endfacet
facet normal 0.9063077869590873 0.4226182619070327 0
outer loop
vertex 5.504809379577637 33.249969482421875 -14.100000381469727
vertex 4.952305316925049 34.434818267822266 -14.100000381469727
vertex 4.952305316925049 34.434818267822266 -4.099999904632568
endloop
endfacet
facet normal 0.8191511358925775 -0.573577733673388 0
outer loop
vertex 5.504809379577637 40.749969482421875 -4.099999904632568
vertex 5.504809379577637 40.749969482421875 -14.100000381469727
vertex 6.254666805267334 41.82087326049805 -4.099999904632568
endloop
endfacet
facet normal 0.7071071459258544 -0.7071064164470526 0
outer loop
vertex 6.254666805267334 41.82087326049805 -4.099999904632568
vertex 6.254666805267334 41.82087326049805 -14.100000381469727
vertex 7.179092884063721 42.74530029296875 -4.099999904632568
endloop
endfacet
facet normal 0.5735772683016825 -0.8191514617502551 0
outer loop
vertex 7.179092884063721 42.74530029296875 -4.099999904632568
vertex 7.179092884063721 42.74530029296875 -14.100000381469727
vertex 8.25 43.49515914916992 -4.099999904632568
endloop
endfacet
facet normal 0.4226167639312093 -0.9063084854751788 0
outer loop
vertex 8.25 43.49515914916992 -4.099999904632568
vertex 8.25 43.49515914916992 -14.100000381469727
vertex 9.43484878540039 44.04766082763672 -4.099999904632568
endloop
endfacet
facet normal 0.2588191593618109 -0.9659257956733766 0
outer loop
vertex 9.43484878540039 44.04766082763672 -4.099999904632568
vertex 9.43484878540039 44.04766082763672 -14.100000381469727
vertex 10.697638511657715 44.386024475097656 -4.099999904632568
endloop
endfacet
facet normal 0.08715812730546701 -0.996194489467094 0
outer loop
vertex 10.697638511657715 44.386024475097656 -4.099999904632568
vertex 10.697638511657715 44.386024475097656 -14.100000381469727
vertex 12 44.499969482421875 -4.099999904632568
endloop
endfacet
facet normal -0.08715812730546701 -0.996194489467094 0
outer loop
vertex 12 44.499969482421875 -4.099999904632568
vertex 12 44.499969482421875 -14.100000381469727
vertex 13.302361488342285 44.386024475097656 -4.099999904632568
endloop
endfacet
facet normal -0.2588191593618109 -0.9659257956733766 0
outer loop
vertex 13.302361488342285 44.386024475097656 -4.099999904632568
vertex 13.302361488342285 44.386024475097656 -14.100000381469727
vertex 14.56515121459961 44.04766082763672 -4.099999904632568
endloop
endfacet
facet normal -0.4226191606908643 0.906307367848761 0
outer loop
vertex 15.75 30.504777908325195 -4.099999904632568
vertex 15.75 30.504777908325195 -14.100000381469727
vertex 14.56515121459961 29.952272415161133 -4.099999904632568
endloop
endfacet
facet normal -0.573576117955541 0.8191522672318324 0
outer loop
vertex 16.820907592773438 31.254634857177734 -4.099999904632568
vertex 16.820907592773438 31.254634857177734 -14.100000381469727
vertex 15.75 30.504777908325195 -4.099999904632568
endloop
endfacet
facet normal -0.7071075106653494 0.7071060517069931 0
outer loop
vertex 17.745332717895508 32.17906188964844 -4.099999904632568
vertex 17.745332717895508 32.17906188964844 -14.100000381469727
vertex 16.820907592773438 31.254634857177734 -4.099999904632568
endloop
endfacet
facet normal 0.08715523155521007 0.9961947428151575 0
outer loop
vertex 12 29.499967575073242 -4.099999904632568
vertex 12 29.499967575073242 -14.100000381469727
vertex 10.697638511657715 29.613908767700195 -4.099999904632568
endloop
endfacet
facet normal 0.9063077869590873 -0.4226182619070327 0
outer loop
vertex 4.952305316925049 39.565120697021484 -14.100000381469727
vertex 5.504809379577637 40.749969482421875 -14.100000381469727
vertex 5.504809379577637 40.749969482421875 -4.099999904632568
endloop
endfacet
facet normal -0.8191522672318324 0.573576117955541 0
outer loop
vertex 18.495189666748047 33.249969482421875 -4.099999904632568
vertex 18.495189666748047 33.249969482421875 -14.100000381469727
vertex 17.745332717895508 32.17906188964844 -4.099999904632568
endloop
endfacet
facet normal -0.906307367848761 0.4226191606908643 0
outer loop
vertex 19.04769515991211 34.434818267822266 -4.099999904632568
vertex 19.04769515991211 34.434818267822266 -14.100000381469727
vertex 18.495189666748047 33.249969482421875 -4.099999904632568
endloop
endfacet
facet normal -0.9659256490752948 0.25881970647242153 0
outer loop
vertex 19.386058807373047 35.69760513305664 -4.099999904632568
vertex 19.386058807373047 35.69760513305664 -14.100000381469727
vertex 19.04769515991211 34.434818267822266 -4.099999904632568
endloop
endfacet
facet normal -0.9961947594385455 0.08715504154768332 0
outer loop
vertex 19.5 36.999969482421875 -4.099999904632568
vertex 19.5 36.999969482421875 -14.100000381469727
vertex 19.386058807373047 35.69760513305664 -4.099999904632568
endloop
endfacet
facet normal -0.9961947372740041 -0.08715529489123573 0
outer loop
vertex 19.386058807373047 38.302330017089844 -4.099999904632568
vertex 19.386058807373047 38.302330017089844 -14.100000381469727
vertex 19.5 36.999969482421875 -4.099999904632568
endloop
endfacet
facet normal -0.9659258445391973 -0.2588189769921029 0
outer loop
vertex 19.04769515991211 39.565120697021484 -4.099999904632568
vertex 19.04769515991211 39.565120697021484 -14.100000381469727
vertex 19.386058807373047 38.302330017089844 -4.099999904632568
endloop
endfacet
facet normal -0.906307367848761 -0.4226191606908643 0
outer loop
vertex 18.495189666748047 40.749969482421875 -4.099999904632568
vertex 18.495189666748047 40.749969482421875 -14.100000381469727
vertex 19.04769515991211 39.565120697021484 -4.099999904632568
endloop
endfacet
facet normal -0.4226167639312093 -0.9063084854751788 0
outer loop
vertex 14.56515121459961 44.04766082763672 -4.099999904632568
vertex 14.56515121459961 44.04766082763672 -14.100000381469727
vertex 15.75 43.49515914916992 -4.099999904632568
endloop
endfacet
facet normal -0.573577096930205 -0.8191515817460882 0
outer loop
vertex 15.75 43.49515914916992 -4.099999904632568
vertex 15.75 43.49515914916992 -14.100000381469727
vertex 16.820907592773438 42.74530029296875 -4.099999904632568
endloop
endfacet
facet normal -0.7071075106653494 -0.7071060517069931 0
outer loop
vertex 16.820907592773438 42.74530029296875 -4.099999904632568
vertex 16.820907592773438 42.74530029296875 -14.100000381469727
vertex 17.745332717895508 41.82087326049805 -4.099999904632568
endloop
endfacet
facet normal -0.8191513072646298 -0.5735774889294802 0
outer loop
vertex 17.745332717895508 41.82087326049805 -4.099999904632568
vertex 17.745332717895508 41.82087326049805 -14.100000381469727
vertex 18.495189666748047 40.749969482421875 -4.099999904632568
endloop
endfacet
facet normal 0.5735762893270128 0.8191521472363085 0
outer loop
vertex 8.25 30.504777908325195 -4.099999904632568
vertex 8.25 30.504777908325195 -14.100000381469727
vertex 7.179092884063721 31.254634857177734 -4.099999904632568
endloop
endfacet
facet normal 0.4226191606908643 0.906307367848761 0
outer loop
vertex 9.43484878540039 29.952272415161133 -4.099999904632568
vertex 9.43484878540039 29.952272415161133 -14.100000381469727
vertex 8.25 30.504777908325195 -4.099999904632568
endloop
endfacet
facet normal 0.9063077869590873 -0.4226182619070327 0
outer loop
vertex 4.952305316925049 39.565120697021484 -4.099999904632568
vertex 4.952305316925049 39.565120697021484 -14.100000381469727
vertex 5.504809379577637 40.749969482421875 -4.099999904632568
endloop
endfacet
facet normal 0.9659258445391973 -0.2588189769921029 0
outer loop
vertex 4.613941669464111 38.302330017089844 -4.099999904632568
vertex 4.613941669464111 38.302330017089844 -14.100000381469727
vertex 4.952305316925049 39.565120697021484 -4.099999904632568
endloop
endfacet
facet normal -0.2588191593618109 -0.9659257956733766 0
outer loop
vertex 13.302361488342285 44.386024475097656 -14.100000381469727
vertex 14.56515121459961 44.04766082763672 -14.100000381469727
vertex 14.56515121459961 44.04766082763672 -4.099999904632568
endloop
endfacet
facet normal 0.08715812730546701 -0.996194489467094 0
outer loop
vertex 10.697638511657715 44.386024475097656 -14.100000381469727
vertex 12 44.499969482421875 -14.100000381469727
vertex 12 44.499969482421875 -4.099999904632568
endloop
endfacet
facet normal -0.08715812730546701 -0.996194489467094 0
outer loop
vertex 12 44.499969482421875 -14.100000381469727
vertex 13.302361488342285 44.386024475097656 -14.100000381469727
vertex 13.302361488342285 44.386024475097656 -4.099999904632568
endloop
endfacet
facet normal -0.4226191606908643 0.906307367848761 0
outer loop
vertex 15.75 30.504777908325195 -14.100000381469727
vertex 14.56515121459961 29.952272415161133 -14.100000381469727
vertex 14.56515121459961 29.952272415161133 -4.099999904632568
endloop
endfacet
facet normal -0.573576117955541 0.8191522672318324 0
outer loop
vertex 16.820907592773438 31.254634857177734 -14.100000381469727
vertex 15.75 30.504777908325195 -14.100000381469727
vertex 15.75 30.504777908325195 -4.099999904632568
endloop
endfacet
facet normal -0.7071075106653494 0.7071060517069931 0
outer loop
vertex 17.745332717895508 32.17906188964844 -14.100000381469727
vertex 16.820907592773438 31.254634857177734 -14.100000381469727
vertex 16.820907592773438 31.254634857177734 -4.099999904632568
endloop
endfacet
facet normal -0.8191522672318324 0.573576117955541 0
outer loop
vertex 18.495189666748047 33.249969482421875 -14.100000381469727
vertex 17.745332717895508 32.17906188964844 -14.100000381469727
vertex 17.745332717895508 32.17906188964844 -4.099999904632568
endloop
endfacet
facet normal -0.906307367848761 0.4226191606908643 0
outer loop
vertex 19.04769515991211 34.434818267822266 -14.100000381469727
vertex 18.495189666748047 33.249969482421875 -14.100000381469727
vertex 18.495189666748047 33.249969482421875 -4.099999904632568
endloop
endfacet
facet normal -0.9659256490752948 0.25881970647242153 0
outer loop
vertex 19.386058807373047 35.69760513305664 -14.100000381469727
vertex 19.04769515991211 34.434818267822266 -14.100000381469727
vertex 19.04769515991211 34.434818267822266 -4.099999904632568
endloop
endfacet
facet normal 0.9659258445391973 -0.2588189769921029 0
outer loop
vertex 4.613941669464111 38.302330017089844 -14.100000381469727
vertex 4.952305316925049 39.565120697021484 -14.100000381469727
vertex 4.952305316925049 39.565120697021484 -4.099999904632568
endloop
endfacet
facet normal 0.9961947056059034 -0.08715565686039768 0
outer loop
vertex 4.5 36.999969482421875 -4.099999904632568
vertex 4.5 36.999969482421875 -14.100000381469727
vertex 4.613941669464111 38.302330017089844 -4.099999904632568
endloop
endfacet
facet normal 0.9961947277706283 0.0871554035158092 0
outer loop
vertex 4.613941669464111 35.69760513305664 -4.099999904632568
vertex 4.613941669464111 35.69760513305664 -14.100000381469727
vertex 4.5 36.999969482421875 -4.099999904632568
endloop
endfacet
facet normal 0.8191520958603985 0.5735763626994373 0
outer loop
vertex 6.254666805267334 32.17906188964844 -4.099999904632568
vertex 6.254666805267334 32.17906188964844 -14.100000381469727
vertex 5.504809379577637 33.249969482421875 -4.099999904632568
endloop
endfacet
facet normal 0.9659256490752948 0.25881970647242153 0
outer loop
vertex 4.952305316925049 34.434818267822266 -4.099999904632568
vertex 4.952305316925049 34.434818267822266 -14.100000381469727
vertex 4.613941669464111 35.69760513305664 -4.099999904632568
endloop
endfacet
facet normal 0.9063077869590873 0.4226182619070327 0
outer loop
vertex 5.504809379577637 33.249969482421875 -4.099999904632568
vertex 5.504809379577637 33.249969482421875 -14.100000381469727
vertex 4.952305316925049 34.434818267822266 -4.099999904632568
endloop
endfacet
facet normal 0.7071071459258544 0.7071064164470526 0
outer loop
vertex 7.179092884063721 31.254634857177734 -4.099999904632568
vertex 7.179092884063721 31.254634857177734 -14.100000381469727
vertex 6.254666805267334 32.17906188964844 -4.099999904632568
endloop
endfacet
facet normal -0.8191513072646298 -0.5735774889294802 0
outer loop
vertex 17.745332717895508 41.82087326049805 -14.100000381469727
vertex 18.495189666748047 40.749969482421875 -14.100000381469727
vertex 18.495189666748047 40.749969482421875 -4.099999904632568
endloop
endfacet
facet normal -0.573577096930205 -0.8191515817460882 0
outer loop
vertex 15.75 43.49515914916992 -14.100000381469727
vertex 16.820907592773438 42.74530029296875 -14.100000381469727
vertex 16.820907592773438 42.74530029296875 -4.099999904632568
endloop
endfacet
facet normal -0.9961947594385455 0.08715504154768332 0
outer loop
vertex 19.5 36.999969482421875 -14.100000381469727
vertex 19.386058807373047 35.69760513305664 -14.100000381469727
vertex 19.386058807373047 35.69760513305664 -4.099999904632568
endloop
endfacet
facet normal 0.9961947056059034 -0.08715565686039768 0
outer loop
vertex 4.5 36.999969482421875 -14.100000381469727
vertex 4.613941669464111 38.302330017089844 -14.100000381469727
vertex 4.613941669464111 38.302330017089844 -4.099999904632568
endloop
endfacet
facet normal -0.9961947372740041 -0.08715529489123573 0
outer loop
vertex 19.386058807373047 38.302330017089844 -14.100000381469727
vertex 19.5 36.999969482421875 -14.100000381469727
vertex 19.5 36.999969482421875 -4.099999904632568
endloop
endfacet
facet normal -0.9659258445391973 -0.2588189769921029 0
outer loop
vertex 19.04769515991211 39.565120697021484 -14.100000381469727
vertex 19.386058807373047 38.302330017089844 -14.100000381469727
vertex 19.386058807373047 38.302330017089844 -4.099999904632568
endloop
endfacet
facet normal -0.906307367848761 -0.4226191606908643 0
outer loop
vertex 18.495189666748047 40.749969482421875 -14.100000381469727
vertex 19.04769515991211 39.565120697021484 -14.100000381469727
vertex 19.04769515991211 39.565120697021484 -4.099999904632568
endloop
endfacet
facet normal -0.4226167639312093 -0.9063084854751788 0
outer loop
vertex 14.56515121459961 44.04766082763672 -14.100000381469727
vertex 15.75 43.49515914916992 -14.100000381469727
vertex 15.75 43.49515914916992 -4.099999904632568
endloop
endfacet
facet normal 0.2588191593618109 0.9659257956733766 0
outer loop
vertex 10.697638511657715 29.613908767700195 -14.100000381469727
vertex 9.43484878540039 29.952272415161133 -14.100000381469727
vertex 9.43484878540039 29.952272415161133 -4.099999904632568
endloop
endfacet
facet normal 0 0 1
outer loop
vertex 23.888206481933594 33.13725662231445 -4.099999904632568
vertex 22.34160041809082 28.32233428955078 -4.099999904632568
vertex 23.691343307495117 30.249967575073242 -4.099999904632568
endloop
endfacet
facet normal 0 0 1
outer loop
vertex 12 50.499969482421875 -4.099999904632568
vertex 10.04456901550293 49.346073150634766 -4.099999904632568
vertex 12 49.499969482421875 -4.099999904632568
endloop
endfacet
facet normal -0.9430930299349439 0.2527006500149545 0.21614328203797245
outer loop
vertex 26.19217300415039 34.49750518798828 0
vertex 25.294904708862305 34.65571594238281 -4.099999904632568
vertex 25.542015075683594 32.07107925415039 0
endloop
endfacet
facet normal 0.41262827673620917 -0.8848841854644772 0.21614320149515506
outer loop
vertex 4.794444561004639 49.48035430908203 0
vertex 5.25 48.69131088256836 -4.099999904632568
vertex 7.071109771728516 50.5419807434082 0
endloop
endfacet
facet normal -0.9430930303947193 -0.25270025285630915 0.21614374436301054
outer loop
vertex 24.685850143432617 41.61724090576172 -4.099999904632568
vertex 26.19217300415039 39.5024299621582 0
vertex 25.542015075683594 41.92885971069336 0
endloop
endfacet
facet normal -0.9726461450264915 0.08509612187171754 0.21614376374880523
outer loop
vertex 25.5 36.999969482421875 -4.099999904632568
vertex 26.19217300415039 34.49750518798828 0
vertex 26.41111183166504 36.999969482421875 0
endloop
endfacet
facet normal -0.9726461342898715 -0.0850962506510861 0.21614376136288774
outer loop
vertex 26.19217300415039 39.5024299621582 0
vertex 25.5 36.999969482421875 -4.099999904632568
vertex 26.41111183166504 36.999969482421875 0
endloop
endfacet
facet normal -0.8848842437998655 0.4126280446692545 0.21614340569901194
outer loop
vertex 25.542015075683594 32.07107925415039 0
vertex 24.685850143432617 32.382694244384766 -4.099999904632568
vertex 24.480388641357422 29.79441261291504 0
endloop
endfacet
facet normal -0.7997883590193567 0.5600183562006747 0.21614352059550318
outer loop
vertex 23.691343307495117 30.249967575073242 -4.099999904632568
vertex 23.03955078125 27.736684799194336 0
vertex 24.480388641357422 29.79441261291504 0
endloop
endfacet
facet normal -0.9726462891761961 -0.08509553043607823 0.21614334792349726
outer loop
vertex 26.19217300415039 39.5024299621582 0
vertex 25.294904708862305 39.34421920776367 -4.099999904632568
vertex 25.5 36.999969482421875 -4.099999904632568
endloop
endfacet
facet normal -0.9726463017605643 0.08509539306497606 0.21614334537666038
outer loop
vertex 25.5 36.999969482421875 -4.099999904632568
vertex 25.294904708862305 34.65571594238281 -4.099999904632568
vertex 26.19217300415039 34.49750518798828 0
endloop
endfacet
facet normal -0.943092915678235 -0.2527010835066467 0.21614327376092962
outer loop
vertex 24.685850143432617 41.61724090576172 -4.099999904632568
vertex 25.294904708862305 39.34421920776367 -4.099999904632568
vertex 26.19217300415039 39.5024299621582 0
endloop
endfacet
facet normal -0.9430928596899171 0.2527010685046163 0.2161435355927155
outer loop
vertex 25.294904708862305 34.65571594238281 -4.099999904632568
vertex 24.685850143432617 32.382694244384766 -4.099999904632568
vertex 25.542015075683594 32.07107925415039 0
endloop
endfacet
facet normal -0.8848841084542305 0.4126282601203075 0.21614354849323977
outer loop
vertex 24.685850143432617 32.382694244384766 -4.099999904632568
vertex 23.691343307495117 30.249967575073242 -4.099999904632568
vertex 24.480388641357422 29.79441261291504 0
endloop
endfacet
facet normal 0 0 1
outer loop
vertex 24.34610366821289 35.04453659057617 -4.099999904632568
vertex 23.888206481933594 33.13725662231445 -4.099999904632568
vertex 23.691343307495117 30.249967575073242 -4.099999904632568
endloop
endfacet
facet normal 0 0 1
outer loop
vertex 24.34610366821289 35.04453659057617 -4.099999904632568
vertex 24.685850143432617 32.382694244384766 -4.099999904632568
vertex 24.5 36.999969482421875 -4.099999904632568
endloop
endfacet
facet normal 0 0 1
outer loop
vertex 24.685850143432617 32.382694244384766 -4.099999904632568
vertex 25.294904708862305 34.65571594238281 -4.099999904632568
vertex 25.294904708862305 39.34421920776367 -4.099999904632568
endloop
endfacet
facet normal -0.6903919630146643 0.6903919630146643 0.21614318127000193
outer loop
vertex 22.34160041809082 28.32233428955078 -4.099999904632568
vertex 21.263282775878906 25.960416793823242 0
vertex 23.03955078125 27.736684799194336 0
endloop
endfacet
facet normal 0 0 1
outer loop
vertex 24.5 36.999969482421875 -4.099999904632568
vertex 24.685850143432617 32.382694244384766 -4.099999904632568
vertex 24.685850143432617 41.61724090576172 -4.099999904632568
endloop
endfacet
facet normal 0 0 1
outer loop
vertex 25.294904708862305 39.34421920776367 -4.099999904632568
vertex 25.294904708862305 34.65571594238281 -4.099999904632568
vertex 25.5 36.999969482421875 -4.099999904632568
endloop
endfacet
facet normal 0 0 1
outer loop
vertex 24.685850143432617 41.61724090576172 -4.099999904632568
vertex 24.685850143432617 32.382694244384766 -4.099999904632568
vertex 25.294904708862305 39.34421920776367 -4.099999904632568
endloop
endfacet
facet normal 0 0 1
outer loop
vertex 24.34610366821289 38.95539855957031 -4.099999904632568
vertex 24.5 36.999969482421875 -4.099999904632568
vertex 24.685850143432617 41.61724090576172 -4.099999904632568
endloop
endfacet
facet normal 0 0 1
outer loop
vertex 23.888206481933594 40.86267852783203 -4.099999904632568
vertex 24.34610366821289 38.95539855957031 -4.099999904632568
vertex 24.685850143432617 41.61724090576172 -4.099999904632568
endloop
endfacet
facet normal 0 0 1
outer loop
vertex 20.838834762573242 45.838802337646484 -4.099999904632568
vertex 22.112712860107422 44.34728240966797 -4.099999904632568
vertex 22.34160041809082 45.6776008605957 -4.099999904632568
endloop
endfacet
facet normal -0.5600183967446356 0.79978841692208 0.21614320129220063
outer loop
vertex 21.263282775878906 25.960416793823242 0
vertex 20.67763328552246 26.658367156982422 -4.099999904632568
vertex 19.205554962158203 24.51957893371582 0
endloop
endfacet
facet normal -0.4126283151541941 0.8848840825171316 0.21614354961651133
outer loop
vertex 19.205554962158203 24.51957893371582 0
vertex 18.75 25.308624267578125 -4.099999904632568
vertex 16.928890228271484 23.45795249938965 0
endloop
endfacet
facet normal -0.2527005305535655 0.9430929547682735 0.21614374967690733
outer loop
vertex 16.928890228271484 23.45795249938965 0
vertex 16.617271423339844 24.314117431640625 -4.099999904632568
vertex 14.502463340759277 22.80779457092285 0
endloop
endfacet
facet normal 0 0 1
outer loop
vertex 19.347314834594727 47.11267852783203 -4.099999904632568
vertex 20.838834762573242 45.838802337646484 -4.099999904632568
vertex 20.67763328552246 47.34156799316406 -4.099999904632568
endloop
endfacet
facet normal 0 0 1
outer loop
vertex 20.67763328552246 47.34156799316406 -4.099999904632568
vertex 20.838834762573242 45.838802337646484 -4.099999904632568
vertex 22.34160041809082 45.6776008605957 -4.099999904632568
endloop
endfacet
facet normal -0.6903919630146643 0.6903919630146643 0.21614318127000193
outer loop
vertex 20.67763328552246 26.658367156982422 -4.099999904632568
vertex 21.263282775878906 25.960416793823242 0
vertex 22.34160041809082 28.32233428955078 -4.099999904632568
endloop
endfacet
facet normal 0 0 1
outer loop
vertex 14.344250679016113 50.29487228393555 -4.099999904632568
vertex 13.95543098449707 49.346073150634766 -4.099999904632568
vertex 15.862712860107422 48.88817596435547 -4.099999904632568
endloop
endfacet
facet normal 0 0 1
outer loop
vertex 14.344250679016113 50.29487228393555 -4.099999904632568
vertex 15.862712860107422 48.88817596435547 -4.099999904632568
vertex 16.617271423339844 49.68581771850586 -4.099999904632568
endloop
endfacet
facet normal 0 0 1
outer loop
vertex 17.674880981445312 48.137550354003906 -4.099999904632568
vertex 18.75 48.69131088256836 -4.099999904632568
vertex 16.617271423339844 49.68581771850586 -4.099999904632568
endloop
endfacet
facet normal 0 0 1
outer loop
vertex 16.617271423339844 49.68581771850586 -4.099999904632568
vertex 15.862712860107422 48.88817596435547 -4.099999904632568
vertex 17.674880981445312 48.137550354003906 -4.099999904632568
endloop
endfacet
facet normal 0 0 1
outer loop
vertex 17.674880981445312 48.137550354003906 -4.099999904632568
vertex 19.347314834594727 47.11267852783203 -4.099999904632568
vertex 18.75 48.69131088256836 -4.099999904632568
endloop
endfacet
facet normal 0 0 1
outer loop
vertex 18.75 48.69131088256836 -4.099999904632568
vertex 19.347314834594727 47.11267852783203 -4.099999904632568
vertex 20.67763328552246 47.34156799316406 -4.099999904632568
endloop
endfacet
facet normal -0.7997887536081099 0.5600179200658926 0.2161431905174379
outer loop
vertex 23.691343307495117 30.249967575073242 -4.099999904632568
vertex 22.34160041809082 28.32233428955078 -4.099999904632568
vertex 23.03955078125 27.736684799194336 0
endloop
endfacet
facet normal 0 0 1
outer loop
vertex 23.13758087158203 42.67485046386719 -4.099999904632568
vertex 23.888206481933594 40.86267852783203 -4.099999904632568
vertex 23.691343307495117 43.749969482421875 -4.099999904632568
endloop
endfacet
facet normal 0 0 1
outer loop
vertex 23.13758087158203 42.67485046386719 -4.099999904632568
vertex 23.691343307495117 43.749969482421875 -4.099999904632568
vertex 22.34160041809082 45.6776008605957 -4.099999904632568
endloop
endfacet
facet normal 0 0 1
outer loop
vertex 23.691343307495117 43.749969482421875 -4.099999904632568
vertex 23.888206481933594 40.86267852783203 -4.099999904632568
vertex 24.685850143432617 41.61724090576172 -4.099999904632568
endloop
endfacet
facet normal 0 0 1
outer loop
vertex 22.112712860107422 44.34728240966797 -4.099999904632568
vertex 23.13758087158203 42.67485046386719 -4.099999904632568
vertex 22.34160041809082 45.6776008605957 -4.099999904632568
endloop
endfacet
facet normal -0.5600178767856689 0.7997886917975233 0.2161435313704241
outer loop
vertex 20.67763328552246 26.658367156982422 -4.099999904632568
vertex 18.75 25.308624267578125 -4.099999904632568
vertex 19.205554962158203 24.51957893371582 0
endloop
endfacet
facet normal -0.4126279359847216 0.8848842047157317 0.21614377319181674
outer loop
vertex 18.75 25.308624267578125 -4.099999904632568
vertex 16.617271423339844 24.314117431640625 -4.099999904632568
vertex 16.928890228271484 23.45795249938965 0
endloop
endfacet
facet normal -0.2527011761156277 0.9430928656131016 0.21614338393632793
outer loop
vertex 16.617271423339844 24.314117431640625 -4.099999904632568
vertex 14.344250679016113 23.705062866210938 -4.099999904632568
vertex 14.502463340759277 22.80779457092285 0
endloop
endfacet
facet normal 0.7997894076345431 -0.5600167355815605 0.21614383938516266
outer loop
vertex 0.35597068071365356 45.399967193603516 0
vertex 1.4639995098114014 45.399967193603516 -4.099999904632568
vertex 1.658400058746338 45.6776008605957 -4.099999904632568
endloop
endfacet
facet normal -0.08509616112411268 0.9726462230103476 0.21614339736768337
outer loop
vertex 14.344250679016113 23.705062866210938 -4.099999904632568
vertex 12 22.588855743408203 0
vertex 14.502463340759277 22.80779457092285 0
endloop
endfacet
facet normal 0.08509615406652327 0.972646142342341 0.21614376315232686
outer loop
vertex 12 22.588855743408203 0
vertex 12 23.499967575073242 -4.099999904632568
vertex 9.497536659240723 22.80779457092285 0
endloop
endfacet
facet normal 0.2527005508251152 0.9430930304228664 0.21614339587527953
outer loop
vertex 9.497536659240723 22.80779457092285 0
vertex 9.655749320983887 23.705062866210938 -4.099999904632568
vertex 7.071109771728516 23.45795249938965 0
endloop
endfacet
facet normal 0.6903918791425168 -0.6903918791425168 0.21614371706836455
outer loop
vertex 1.658400058746338 45.6776008605957 -4.099999904632568
vertex 3.3223671913146973 47.34156799316406 -4.099999904632568
vertex 2.7367162704467773 48.039520263671875 0
endloop
endfacet
facet normal 0.5600180071604044 -0.799788680148849 0.2161432366784843
outer loop
vertex 3.3223671913146973 47.34156799316406 -4.099999904632568
vertex 5.25 48.69131088256836 -4.099999904632568
vertex 4.794444561004639 49.48035430908203 0
endloop
endfacet
facet normal 0.41262805290162197 -0.8848842576018703 0.21614333347804918
outer loop
vertex 5.25 48.69131088256836 -4.099999904632568
vertex 7.382728099822998 49.68581771850586 -4.099999904632568
vertex 7.071109771728516 50.5419807434082 0
endloop
endfacet
facet normal 0 0 1
outer loop
vertex 3.3223671913146973 47.34156799316406 -4.099999904632568
vertex 3.161165237426758 45.838802337646484 -4.099999904632568
vertex 4.652684211730957 47.11267852783203 -4.099999904632568
endloop
endfacet
facet normal 0.25270110263713313 -0.9430927892310015 0.21614380311835651
outer loop
vertex 7.382728099822998 49.68581771850586 -4.099999904632568
vertex 9.655749320983887 50.29487228393555 -4.099999904632568
vertex 9.497536659240723 51.192142486572266 0
endloop
endfacet
facet normal 0.4126282400220496 0.8848841067307087 0.2161435939177968
outer loop
vertex 7.071109771728516 23.45795249938965 0
vertex 5.25 25.308624267578125 -4.099999904632568
vertex 4.794444561004639 24.51957893371582 0
endloop
endfacet
facet normal 0 0 1
outer loop
vertex 12 50.499969482421875 -4.099999904632568
vertex 13.95543098449707 49.346073150634766 -4.099999904632568
vertex 14.344250679016113 50.29487228393555 -4.099999904632568
endloop
endfacet
facet normal -0.08509542641753091 -0.9726462988274212 0.21614334544495611
outer loop
vertex 12 51.41107940673828 0
vertex 12 50.499969482421875 -4.099999904632568
vertex 14.502463340759277 51.192142486572266 0
endloop
endfacet
facet normal 0.5600182862636717 0.799788444473949 0.21614338559447352
outer loop
vertex 4.794444561004639 24.51957893371582 0
vertex 3.3223671913146973 26.658367156982422 -4.099999904632568
vertex 2.7367162704467773 25.960416793823242 0
endloop
endfacet
facet normal 0.6903919619618166 0.6903918924612105 0.21614340999054754
outer loop
vertex 0.9604484438896179 27.736684799194336 0
vertex 2.7367162704467773 25.960416793823242 0
vertex 3.3223671913146973 26.658367156982422 -4.099999904632568
endloop
endfacet
facet normal 0.08509541735638404 -0.9726461952579187 0.21614381507514285
outer loop
vertex 9.497536659240723 51.192142486572266 0
vertex 9.655749320983887 50.29487228393555 -4.099999904632568
vertex 12 51.41107940673828 0
endloop
endfacet
facet normal 0.7997884236886729 0.5600182434349505 0.2161435734728661
outer loop
vertex 0.9604484438896179 27.736684799194336 0
vertex 1.4639995098114014 28.59996795654297 -4.099999904632568
vertex 0.35597068071365356 28.59996795654297 0
endloop
endfacet
facet normal 0.25270193796594975 -0.9430926738676105 0.21614332986584198
outer loop
vertex 7.071109771728516 50.5419807434082 0
vertex 7.382728099822998 49.68581771850586 -4.099999904632568
vertex 9.497536659240723 51.192142486572266 0
endloop
endfacet
facet normal -0.25270117843939954 -0.943092874285529 0.21614334337933727
outer loop
vertex 14.344250679016113 50.29487228393555 -4.099999904632568
vertex 16.617271423339844 49.68581771850586 -4.099999904632568
vertex 16.928890228271484 50.5419807434082 0
endloop
endfacet
facet normal -0.4126279726988886 -0.8848842834495828 0.21614338076916345
outer loop
vertex 16.928890228271484 50.5419807434082 0
vertex 16.617271423339844 49.68581771850586 -4.099999904632568
vertex 18.75 48.69131088256836 -4.099999904632568
endloop
endfacet
facet normal -0.5600178750293201 -0.7997886892891962 0.21614354520252133
outer loop
vertex 18.75 48.69131088256836 -4.099999904632568
vertex 20.67763328552246 47.34156799316406 -4.099999904632568
vertex 21.263282775878906 48.039520263671875 0
endloop
endfacet
facet normal -0.8848842047157317 -0.4126279359847216 0.21614377319181674
outer loop
vertex 23.691343307495117 43.749969482421875 -4.099999904632568
vertex 24.685850143432617 41.61724090576172 -4.099999904632568
vertex 25.542015075683594 41.92885971069336 0
endloop
endfacet
facet normal -0.0850954878312989 0.9726461978876006 0.21614377549572797
outer loop
vertex 14.344250679016113 23.705062866210938 -4.099999904632568
vertex 12 23.499967575073242 -4.099999904632568
vertex 12 22.588855743408203 0
endloop
endfacet
facet normal 0.08509549536514406 0.9726462839998733 0.21614338502438288
outer loop
vertex 12 23.499967575073242 -4.099999904632568
vertex 9.655749320983887 23.705062866210938 -4.099999904632568
vertex 9.497536659240723 22.80779457092285 0
endloop
endfacet
facet normal 0.252701106674499 0.943092804298647 0.21614373265398537
outer loop
vertex 9.655749320983887 23.705062866210938 -4.099999904632568
vertex 7.382728099822998 24.314117431640625 -4.099999904632568
vertex 7.071109771728516 23.45795249938965 0
endloop
endfacet
facet normal 0.4126280161874569 0.884884178868041 0.21614372590069947
outer loop
vertex 7.382728099822998 24.314117431640625 -4.099999904632568
vertex 5.25 25.308624267578125 -4.099999904632568
vertex 7.071109771728516 23.45795249938965 0
endloop
endfacet
facet normal 0.5600179621238194 0.7997886158299334 0.21614359136352773
outer loop
vertex 5.25 25.308624267578125 -4.099999904632568
vertex 3.3223671913146973 26.658367156982422 -4.099999904632568
vertex 4.794444561004639 24.51957893371582 0
endloop
endfacet
facet normal -0.799788432963585 -0.560018249673386 0.216143522989726
outer loop
vertex 22.34160041809082 45.6776008605957 -4.099999904632568
vertex 23.691343307495117 43.749969482421875 -4.099999904632568
vertex 24.480388641357422 44.20552444458008 0
endloop
endfacet
facet normal 0.08509628179564979 -0.9726462275129343 0.21614332959731264
outer loop
vertex 9.655749320983887 50.29487228393555 -4.099999904632568
vertex 12 50.499969482421875 -4.099999904632568
vertex 12 51.41107940673828 0
endloop
endfacet
facet normal -0.08509627212287282 -0.9726461169535793 0.21614383092263853
outer loop
vertex 12 50.499969482421875 -4.099999904632568
vertex 14.344250679016113 50.29487228393555 -4.099999904632568
vertex 14.502463340759277 51.192142486572266 0
endloop
endfacet
facet normal -0.6903919150877458 -0.6903919150877458 0.21614348744051876
outer loop
vertex 20.67763328552246 47.34156799316406 -4.099999904632568
vertex 22.34160041809082 45.6776008605957 -4.099999904632568
vertex 23.03955078125 46.26325225830078 0
endloop
endfacet
facet normal 0.6903919315626309 0.6903919315626309 0.2161433821944108
outer loop
vertex 3.3223671913146973 26.658367156982422 -4.099999904632568
vertex 1.658400058746338 28.32233428955078 -4.099999904632568
vertex 0.9604484438896179 27.736684799194336 0
endloop
endfacet
facet normal 0.799789487596246 0.560016791571164 0.21614339843926175
outer loop
vertex 1.658400058746338 28.32233428955078 -4.099999904632568
vertex 1.4639995098114014 28.59996795654297 -4.099999904632568
vertex 0.9604484438896179 27.736684799194336 0
endloop
endfacet
facet normal 0 0 1
outer loop
vertex 23.888206481933594 33.13725662231445 -4.099999904632568
vertex 18.75 25.308624267578125 -4.099999904632568
vertex 20.67763328552246 26.658367156982422 -4.099999904632568
endloop
endfacet
facet normal 0 0 1
outer loop
vertex 23.888206481933594 33.13725662231445 -4.099999904632568
vertex 16.617271423339844 24.314117431640625 -4.099999904632568
vertex 18.75 25.308624267578125 -4.099999904632568
endloop
endfacet
facet normal 0 0 1
outer loop
vertex 23.888206481933594 33.13725662231445 -4.099999904632568
vertex 14.344250679016113 23.705062866210938 -4.099999904632568
vertex 16.617271423339844 24.314117431640625 -4.099999904632568
endloop
endfacet
facet normal 0 0 1
outer loop
vertex 23.888206481933594 33.13725662231445 -4.099999904632568
vertex 12 23.499967575073242 -4.099999904632568
vertex 14.344250679016113 23.705062866210938 -4.099999904632568
endloop
endfacet
facet normal 0 0 1
outer loop
vertex 23.888206481933594 33.13725662231445 -4.099999904632568
vertex 9.655749320983887 23.705062866210938 -4.099999904632568
vertex 12 23.499967575073242 -4.099999904632568
endloop
endfacet
facet normal -0.6903919150877458 -0.6903919150877458 0.21614348744051873
outer loop
vertex 21.263282775878906 48.039520263671875 0
vertex 20.67763328552246 47.34156799316406 -4.099999904632568
vertex 23.03955078125 46.26325225830078 0
endloop
endfacet
facet normal 0 0 1
outer loop
vertex 23.888206481933594 33.13725662231445 -4.099999904632568
vertex 7.382728099822998 24.314117431640625 -4.099999904632568
vertex 9.655749320983887 23.705062866210938 -4.099999904632568
endloop
endfacet
facet normal 0 0 1
outer loop
vertex 6.325118541717529 25.86238670349121 -4.099999904632568
vertex 7.382728099822998 24.314117431640625 -4.099999904632568
vertex 23.888206481933594 33.13725662231445 -4.099999904632568
endloop
endfacet
facet normal 0.5600172491809878 -0.799789080852869 0.21614371785523231
outer loop
vertex 2.7367162704467773 48.039520263671875 0
vertex 3.3223671913146973 47.34156799316406 -4.099999904632568
vertex 4.794444561004639 49.48035430908203 0
endloop
endfacet
facet normal 0 0 1
outer loop
vertex 1.4639995098114014 45.399967193603516 -4.099999904632568
vertex 2.786365032196045 45.399967193603516 -4.099999904632568
vertex 1.658400058746338 45.6776008605957 -4.099999904632568
endloop
endfacet
facet normal 0.6903919182439379 -0.6903918487433361 0.21614368927223931
outer loop
vertex 2.7367162704467773 48.039520263671875 0
vertex 0.9604484438896179 46.26325225830078 0
vertex 1.658400058746338 45.6776008605957 -4.099999904632568
endloop
endfacet
facet normal 0 0 1
outer loop
vertex 1.658400058746338 45.6776008605957 -4.099999904632568
vertex 2.786365032196045 45.399967193603516 -4.099999904632568
vertex 3.161165237426758 45.838802337646484 -4.099999904632568
endloop
endfacet
facet normal 0 0 1
outer loop
vertex 1.658400058746338 45.6776008605957 -4.099999904632568
vertex 3.161165237426758 45.838802337646484 -4.099999904632568
vertex 3.3223671913146973 47.34156799316406 -4.099999904632568
endloop
endfacet
facet normal 0 0 1
outer loop
vertex 3.161165237426758 28.1611328125 -4.099999904632568
vertex 3.3223671913146973 26.658367156982422 -4.099999904632568
vertex 4.652684211730957 26.88725471496582 -4.099999904632568
endloop
endfacet
facet normal 0 0 1
outer loop
vertex 4.652684211730957 26.88725471496582 -4.099999904632568
vertex 5.25 25.308624267578125 -4.099999904632568
vertex 6.325118541717529 25.86238670349121 -4.099999904632568
endloop
endfacet
facet normal 0 0 1
outer loop
vertex 3.3223671913146973 26.658367156982422 -4.099999904632568
vertex 5.25 25.308624267578125 -4.099999904632568
vertex 4.652684211730957 26.88725471496582 -4.099999904632568
endloop
endfacet
facet normal 0 0 1
outer loop
vertex 5.25 25.308624267578125 -4.099999904632568
vertex 7.382728099822998 24.314117431640625 -4.099999904632568
vertex 6.325118541717529 25.86238670349121 -4.099999904632568
endloop
endfacet
facet normal 0 0 1
outer loop
vertex 2.786365032196045 28.59996795654297 -4.099999904632568
vertex 1.658400058746338 28.32233428955078 -4.099999904632568
vertex 3.161165237426758 28.1611328125 -4.099999904632568
endloop
endfacet
facet normal 0 0 1
outer loop
vertex 1.4639995098114014 28.59996795654297 -4.099999904632568
vertex 1.658400058746338 28.32233428955078 -4.099999904632568
vertex 2.786365032196045 28.59996795654297 -4.099999904632568
endloop
endfacet
facet normal 0 0 1
outer loop
vertex 1.658400058746338 28.32233428955078 -4.099999904632568
vertex 3.3223671913146973 26.658367156982422 -4.099999904632568
vertex 3.161165237426758 28.1611328125 -4.099999904632568
endloop
endfacet
facet normal -0.2527019117353099 -0.943092575973924 0.21614378766966227
outer loop
vertex 14.502463340759277 51.192142486572266 0
vertex 14.344250679016113 50.29487228393555 -4.099999904632568
vertex 16.928890228271484 50.5419807434082 0
endloop
endfacet
facet normal -0.5600174034964279 -0.7997891159034981 0.21614318833453844
outer loop
vertex 18.75 48.69131088256836 -4.099999904632568
vertex 21.263282775878906 48.039520263671875 0
vertex 19.205554962158203 49.48035430908203 0
endloop
endfacet
facet normal -0.41262835186835184 -0.8848841612508795 0.21614315719387248
outer loop
vertex 16.928890228271484 50.5419807434082 0
vertex 18.75 48.69131088256836 -4.099999904632568
vertex 19.205554962158203 49.48035430908203 0
endloop
endfacet
facet normal 0 0 1
outer loop
vertex 3.3223671913146973 47.34156799316406 -4.099999904632568
vertex 4.652684211730957 47.11267852783203 -4.099999904632568
vertex 5.25 48.69131088256836 -4.099999904632568
endloop
endfacet
facet normal 0 0 1
outer loop
vertex 5.25 48.69131088256836 -4.099999904632568
vertex 4.652684211730957 47.11267852783203 -4.099999904632568
vertex 6.325118541717529 48.137550354003906 -4.099999904632568
endloop
endfacet
facet normal -0.7997883718854959 -0.5600183652096508 0.21614344964550278
outer loop
vertex 23.03955078125 46.26325225830078 0
vertex 22.34160041809082 45.6776008605957 -4.099999904632568
vertex 24.480388641357422 44.20552444458008 0
endloop
endfacet
facet normal -0.8848840825171316 -0.4126283151541941 0.21614354961651133
outer loop
vertex 24.480388641357422 44.20552444458008 0
vertex 23.691343307495117 43.749969482421875 -4.099999904632568
vertex 25.542015075683594 41.92885971069336 0
endloop
endfacet
facet normal 0 0 1
outer loop
vertex 6.325118541717529 48.137550354003906 -4.099999904632568
vertex 7.382728099822998 49.68581771850586 -4.099999904632568
vertex 5.25 48.69131088256836 -4.099999904632568
endloop
endfacet
facet normal 0 0 1
outer loop
vertex 7.382728099822998 49.68581771850586 -4.099999904632568
vertex 6.325118541717529 48.137550354003906 -4.099999904632568
vertex 8.137287139892578 48.88817596435547 -4.099999904632568
endloop
endfacet
facet normal 0 0 1
outer loop
vertex 9.655749320983887 50.29487228393555 -4.099999904632568
vertex 8.137287139892578 48.88817596435547 -4.099999904632568
vertex 10.04456901550293 49.346073150634766 -4.099999904632568
endloop
endfacet
facet normal 0 0 1
outer loop
vertex 10.04456901550293 49.346073150634766 -4.099999904632568
vertex 12 50.499969482421875 -4.099999904632568
vertex 9.655749320983887 50.29487228393555 -4.099999904632568
endloop
endfacet
facet normal 0 0 1
outer loop
vertex 23.691343307495117 30.249967575073242 -4.099999904632568
vertex 24.685850143432617 32.382694244384766 -4.099999904632568
vertex 24.34610366821289 35.04453659057617 -4.099999904632568
endloop
endfacet
facet normal 0.7997889891063015 -0.5600174020354207 0.21614366130381546
outer loop
vertex 0.9604484438896179 46.26325225830078 0
vertex 0.35597068071365356 45.399967193603516 0
vertex 1.658400058746338 45.6776008605957 -4.099999904632568
endloop
endfacet
facet normal 0 0 1
outer loop
vertex 23.888206481933594 33.13725662231445 -4.099999904632568
vertex 20.67763328552246 26.658367156982422 -4.099999904632568
vertex 22.34160041809082 28.32233428955078 -4.099999904632568
endloop
endfacet
facet normal 0 0 1
outer loop
vertex 12 50.499969482421875 -4.099999904632568
vertex 12 49.499969482421875 -4.099999904632568
vertex 13.95543098449707 49.346073150634766 -4.099999904632568
endloop
endfacet
facet normal 0 0 1
outer loop
vertex 7.382728099822998 49.68581771850586 -4.099999904632568
vertex 8.137287139892578 48.88817596435547 -4.099999904632568
vertex 9.655749320983887 50.29487228393555 -4.099999904632568
endloop
endfacet
facet normal 0 -0.7071038849511806 0.7071096774100518
outer loop
vertex -46.58116149902344 -43.52018356323242 -0.32014966011047363
vertex 48.79999923706055 -43.20003128051758 0
vertex -48.79999923706055 -43.20003128051758 0
endloop
endfacet
facet normal 0 -0.7071067811865476 0.7071067811865476
outer loop
vertex -58.20000076293945 -44.20003128051758 -1
vertex -53.70000076293945 -44.20003128051758 -1
vertex -57.20000076293945 -43.20003128051758 0
endloop
endfacet
facet normal -6.960555611531874e-7 -0.7071085901351344 0.7071049722329903
outer loop
vertex -57.20000076293945 -43.20003128051758 0
vertex -53.277870178222656 -43.605133056640625 -0.4050999879837036
vertex -52.58232116699219 -43.55838394165039 -0.3583499491214752
endloop
endfacet
facet normal -5.898085285834506e-7 -0.7071108771507709 0.7071026851983518
outer loop
vertex -57.20000076293945 -43.20003128051758 0
vertex -51.310298919677734 -43.49803161621094 -0.2979988753795624
vertex -50.21717071533203 -43.468692779541016 -0.2686587870121002
endloop
endfacet
facet normal 3.8723183596231365e-7 -0.7071036569854933 0.7071099053736922
outer loop
vertex -49.599998474121094 -43.20003128051758 0
vertex -50.21717071533203 -43.468692779541016 -0.2686587870121002
vertex -49.599998474121094 -43.463096618652344 -0.2630630135536194
endloop
endfacet
facet normal -3.872342294292545e-7 -0.7071036569854933 0.7071099053736921
outer loop
vertex -48.79999923706055 -43.20003128051758 0
vertex -48.79999923706055 -43.463096618652344 -0.2630630135536194
vertex -48.182830810546875 -43.468692779541016 -0.2686587870121002
endloop
endfacet
facet normal 0.000001631753656305962 -0.7071131197578934 0.707100442556499
outer loop
vertex 57.20000076293945 -43.20003128051758 0
vertex 53.277870178222656 -43.605133056640625 -0.4050999879837036
vertex 53.70000076293945 -43.637237548828125 -0.4372060298919678
endloop
endfacet
facet normal 1.3014591461186194e-8 -0.7071058236462551 0.7071077387255432
outer loop
vertex 48.79999923706055 -43.20003128051758 0
vertex -46.58116149902344 -43.52018356323242 -0.32014966011047363
vertex -45.81768035888672 -43.55838394165039 -0.3583499491214752
endloop
endfacet
facet normal 1.520559587234901e-7 -0.7071228473891462 0.7070907146188832
outer loop
vertex -45.122127532958984 -43.605133056640625 -0.4050999879837036
vertex -44.70000076293945 -43.637237548828125 -0.4372060298919678
vertex 48.79999923706055 -43.20003128051758 0
endloop
endfacet
facet normal 6.928775086167846e-8 -0.7071132526899462 0.7071003096239172
outer loop
vertex 48.79999923706055 -43.20003128051758 0
vertex -45.81768035888672 -43.55838394165039 -0.3583499491214752
vertex -45.122127532958984 -43.605133056640625 -0.4050999879837036
endloop
endfacet
facet normal 0 -0.7071069309637492 0.7071066314093142
outer loop
vertex -44.70000076293945 -43.637237548828125 -0.4372060298919678
vertex -44.70000076293945 -44.20003128051758 -1
vertex 44.70000076293945 -44.20003128051758 -1
endloop
endfacet
facet normal 7.873567042651943e-7 -0.7070972678647396 0.707116294379928
outer loop
vertex -57.20000076293945 -43.20003128051758 0
vertex -51.8188362121582 -43.52018356323242 -0.32014966011047363
vertex -51.310298919677734 -43.49803161621094 -0.2979988753795624
endloop
endfacet
facet normal 3.851400887166347e-8 -0.7071225819908027 0.7070909800292031
outer loop
vertex 47.08970260620117 -43.49803161621094 -0.2979988753795624
vertex 48.182830810546875 -43.468692779541016 -0.2686587870121002
vertex -44.70000076293945 -43.637237548828125 -0.4372060298919678
endloop
endfacet
facet normal -3.191681590066717e-8 -0.7071031755445342 0.7071103868101746
outer loop
vertex 48.79999923706055 -43.20003128051758 0
vertex -44.70000076293945 -43.637237548828125 -0.4372060298919678
vertex 48.182830810546875 -43.468692779541016 -0.2686587870121002
endloop
endfacet
facet normal 8.558698143675743e-8 -0.7071069309637465 0.7071066314093115
outer loop
vertex 53.70000076293945 -43.637237548828125 -0.4372060298919678
vertex 53.70000076293945 -44.20003128051758 -1
vertex 57.20000076293945 -43.20003128051758 0
endloop
endfacet
facet normal 0 -0.7071032122045147 0.7071103501505668
outer loop
vertex -49.599998474121094 -43.20003128051758 0
vertex -57.20000076293945 -43.20003128051758 0
vertex -50.21717071533203 -43.468692779541016 -0.2686587870121002
endloop
endfacet
facet normal 0 -0.7071067811865476 0.7071067811865476
outer loop
vertex 53.70000076293945 -44.20003128051758 -1
vertex 58.20000076293945 -44.20003128051758 -1
vertex 57.20000076293945 -43.20003128051758 0
endloop
endfacet
facet normal 0.000001067052761556075 -0.7071019865754031 0.7071115757643767
outer loop
vertex -48.79999923706055 -43.20003128051758 0
vertex -48.182830810546875 -43.468692779541016 -0.2686587870121002
vertex -47.08970260620117 -43.49803161621094 -0.2979988753795624
endloop
endfacet
facet normal -0.000001953565534736326 -0.7071106546340179 0.7071029077151602
outer loop
vertex -48.79999923706055 -43.20003128051758 0
vertex -47.08970260620117 -43.49803161621094 -0.2979988753795624
vertex -46.58116149902344 -43.52018356323242 -0.32014966011047363
endloop
endfacet
facet normal -7.873567042651943e-7 -0.7070972678647396 0.707116294379928
outer loop
vertex 57.20000076293945 -43.20003128051758 0
vertex 51.310298919677734 -43.49803161621094 -0.2979988753795624
vertex 51.8188362121582 -43.52018356323242 -0.32014966011047363
endloop
endfacet
facet normal 5.898085285834506e-7 -0.7071108771507709 0.7071026851983518
outer loop
vertex 57.20000076293945 -43.20003128051758 0
vertex 50.21717071533203 -43.468692779541016 -0.2686587870121002
vertex 51.310298919677734 -43.49803161621094 -0.2979988753795624
endloop
endfacet
facet normal 6.960555611531874e-7 -0.7071085901351344 0.7071049722329903
outer loop
vertex 57.20000076293945 -43.20003128051758 0
vertex 52.58232116699219 -43.55838394165039 -0.3583499491214752
vertex 53.277870178222656 -43.605133056640625 -0.4050999879837036
endloop
endfacet
facet normal 1.1244850538546926e-7 -0.7071048299834252 0.7071087323842767
outer loop
vertex 51.8188362121582 -43.52018356323242 -0.32014966011047363
vertex 52.58232116699219 -43.55838394165039 -0.3583499491214752
vertex 57.20000076293945 -43.20003128051758 0
endloop
endfacet
facet normal 0 -0.7071036569855463 0.7071099053737453
outer loop
vertex 49.599998474121094 -43.20003128051758 0
vertex 49.599998474121094 -43.463096618652344 -0.2630630135536194
vertex 57.20000076293945 -43.20003128051758 0
endloop
endfacet
facet normal -3.0685161428423e-7 -0.7070992244348314 0.7071143378574399
outer loop
vertex 49.599998474121094 -43.463096618652344 -0.2630630135536194
vertex 50.21717071533203 -43.468692779541016 -0.2686587870121002
vertex 57.20000076293945 -43.20003128051758 0
endloop
endfacet
facet normal 0 -0.7071069309637492 0.7071066314093142
outer loop
vertex -44.70000076293945 -43.637237548828125 -0.4372060298919678
vertex 44.70000076293945 -44.20003128051758 -1
vertex 44.70000076293945 -43.637237548828125 -0.4372060298919678
endloop
endfacet
facet normal 0 -0.7071238469975178 0.707089714963689
outer loop
vertex -44.70000076293945 -43.637237548828125 -0.4372060298919678
vertex 44.70000076293945 -43.637237548828125 -0.4372060298919678
vertex 45.122127532958984 -43.605133056640625 -0.4050999879837036
endloop
endfacet
facet normal -7.243658429841467e-9 -0.7071137142399512 0.7070998480651659
outer loop
vertex -44.70000076293945 -43.637237548828125 -0.4372060298919678
vertex 45.122127532958984 -43.605133056640625 -0.4050999879837036
vertex 45.81768035888672 -43.55838394165039 -0.3583499491214752
endloop
endfacet
facet normal -2.113291057263103e-8 -0.7071057425187924 0.7071078198527765
outer loop
vertex -44.70000076293945 -43.637237548828125 -0.4372060298919678
vertex 45.81768035888672 -43.55838394165039 -0.3583499491214752
vertex 46.58116149902344 -43.52018356323242 -0.32014966011047363
endloop
endfacet
facet normal -6.805069629599934e-8 -0.7070874487030598 0.7071261131414913
outer loop
vertex 46.58116149902344 -43.52018356323242 -0.32014966011047363
vertex 47.08970260620117 -43.49803161621094 -0.2979988753795624
vertex -44.70000076293945 -43.637237548828125 -0.4372060298919678
endloop
endfacet
facet normal 3.872342294292545e-7 -0.7071036569854933 0.7071099053736921
outer loop
vertex 48.79999923706055 -43.20003128051758 0
vertex 48.182830810546875 -43.468692779541016 -0.2686587870121002
vertex 48.79999923706055 -43.463096618652344 -0.2630630135536194
endloop
endfacet
facet normal -0.000001631753656305962 -0.7071131197578934 0.707100442556499
outer loop
vertex -57.20000076293945 -43.20003128051758 0
vertex -53.70000076293945 -43.637237548828125 -0.4372060298919678
vertex -53.277870178222656 -43.605133056640625 -0.4050999879837036
endloop
endfacet
facet normal -8.558698143675743e-8 -0.7071069309637465 0.7071066314093115
outer loop
vertex -57.20000076293945 -43.20003128051758 0
vertex -53.70000076293945 -44.20003128051758 -1
vertex -53.70000076293945 -43.637237548828125 -0.4372060298919678
endloop
endfacet
facet normal -1.1244850538546926e-7 -0.7071048299834252 0.7071087323842767
outer loop
vertex -57.20000076293945 -43.20003128051758 0
vertex -52.58232116699219 -43.55838394165039 -0.3583499491214752
vertex -51.8188362121582 -43.52018356323242 -0.32014966011047363
endloop
endfacet
facet normal 0.7071067811865476 0 0.7071067811865476
outer loop
vertex 57.20000076293945 40.19996643066406 0
vertex 58.20000076293945 -44.20003128051758 -1
vertex 58.20000076293945 41.19996643066406 -1
endloop
endfacet
facet normal 0.7071067811865475 0 0.7071067811865475
outer loop
vertex 57.20000076293945 -43.20003128051758 0
vertex 58.20000076293945 -44.20003128051758 -1
vertex 57.20000076293945 40.19996643066406 0
endloop
endfacet
facet normal 0 0.7071067811865475 0.7071067811865475
outer loop
vertex 28.078065872192383 41.19996643066406 -1
vertex 28.078065872192383 40.19996643066406 0
vertex 58.20000076293945 41.19996643066406 -1
endloop
endfacet
facet normal 0 0.7071067811865476 0.7071067811865476
outer loop
vertex 58.20000076293945 41.19996643066406 -1
vertex 28.078065872192383 40.19996643066406 0
vertex 57.20000076293945 40.19996643066406 0
endloop
endfacet
facet normal 0.4063474066433408 0.5803346094115338 0.7057574131621956
outer loop
vertex 27.435277938842773 40.433921813964844 0
vertex 27.578065872192383 40.33394241333008 0
vertex 28.078065872192383 41.19996643066406 -1
endloop
endfacet
facet normal 0.06175240428537438 0.7057572672544633 0.7057572672544633
outer loop
vertex 28.078065872192383 41.19996643066406 -1
vertex 27.904417037963867 40.21516036987305 0
vertex 28.078065872192383 40.19996643066406 0
endloop
endfacet
facet normal 0.6420823974205315 0.2993943693909595 0.7057571866440272
outer loop
vertex 27.15682601928711 40.81837844848633 0
vertex 27.212039947509766 40.69996643066406 0
vertex 28.078065872192383 41.19996643066406 -1
endloop
endfacet
facet normal 0.5009521406968298 0.5009521406968298 0.7057576818303342
outer loop
vertex 27.312021255493164 40.55717849731445 0
vertex 27.435277938842773 40.433921813964844 0
vertex 28.078065872192383 41.19996643066406 -1
endloop
endfacet
facet normal 0.580330740469097 0.40635244963599154 0.7057576909544935
outer loop
vertex 28.078065872192383 41.19996643066406 -1
vertex 27.212039947509766 40.69996643066406 0
vertex 27.312021255493164 40.55717849731445 0
endloop
endfacet
facet normal 0.2994001555273929 0.6420800756529277 0.7057568443307536
outer loop
vertex 27.578065872192383 40.33394241333008 0
vertex 27.736045837402344 40.260276794433594 0
vertex 28.078065872192383 41.19996643066406 -1
endloop
endfacet
facet normal 0.18336712038040762 0.6843126977078077 0.7057567788687968
outer loop
vertex 28.078065872192383 41.19996643066406 -1
vertex 27.736045837402344 40.260276794433594 0
vertex 27.904417037963867 40.21516036987305 0
endloop
endfacet
facet normal 0.653281422514979 0.27059784059178027 0.7071069167133572
outer loop
vertex 28.078065872192383 41.19996643066406 -1
vertex 26.77295684814453 44.35078048706055 -1
vertex 25.864112854003906 43.93179702758789 0
endloop
endfacet
facet normal 0.6539858563251665 0.2715395006811174 0.7060940442295828
outer loop
vertex 27.15682601928711 40.81837844848633 0
vertex 28.078065872192383 41.19996643066406 -1
vertex 25.864112854003906 43.93179702758789 0
endloop
endfacet
facet normal 0.6300361516490135 0.3210209946443619 0.7071067589924777
outer loop
vertex 25.757089614868164 44.141841888427734 0
vertex 26.77295684814453 44.35078048706055 -1
vertex 26.630258560180664 44.63084030151367 -1
endloop
endfacet
facet normal 0.63003657406655 0.3210197795889015 0.7071069342406267
outer loop
vertex 25.757089614868164 44.141841888427734 0
vertex 25.864112854003906 43.93179702758789 0
vertex 26.77295684814453 44.35078048706055 -1
endloop
endfacet
facet normal 0.6029077877307016 0.36946211231456405 0.7071067437507096
outer loop
vertex 25.757089614868164 44.141841888427734 0
vertex 26.630258560180664 44.63084030151367 -1
vertex 24.609045028686523 46.015281677246094 0
endloop
endfacet
facet normal 0.6029079563670897 0.3694626745753149 0.7071063061838117
outer loop
vertex 26.630258560180664 44.63084030151367 -1
vertex 25.4411563873291 46.5712776184082 -1
vertex 24.609045028686523 46.015281677246094 0
endloop
endfacet
facet normal 0.5720620123006575 0.41562693898599545 0.7071062873936662
outer loop
vertex 25.4411563873291 46.5712776184082 -1
vertex 25.25640296936035 46.82556915283203 -1
vertex 24.470481872558594 46.205997467041016 0
endloop
endfacet
facet normal 0.5720618142051447 0.4156273088965011 0.7071062302283659
outer loop
vertex 24.609045028686523 46.015281677246094 0
vertex 25.4411563873291 46.5712776184082 -1
vertex 24.470481872558594 46.205997467041016 0
endloop
endfacet
facet normal 0.5376885697629815 0.4592302291872385 0.7071057902088457
outer loop
vertex 24.715221405029297 47.45921325683594 -1
vertex 23.778390884399414 48.55609893798828 -1
vertex 23.043502807617188 47.87677764892578 0
endloop
endfacet
facet normal 0.5376887625781609 0.4592282068381469 0.7071069570025359
outer loop
vertex 23.043502807617188 47.87677764892578 0
vertex 25.25640296936035 46.82556915283203 -1
vertex 24.715221405029297 47.45921325683594 -1
endloop
endfacet
facet normal 0.5376888741810433 0.45922903277600735 0.7071063357356764
outer loop
vertex 24.470481872558594 46.205997467041016 0
vertex 25.25640296936035 46.82556915283203 -1
vertex 23.043502807617188 47.87677764892578 0
endloop
endfacet
facet normal 0.49999513306865073 0.5000065753903906 0.7071055730752205
outer loop
vertex 23.043502807617188 47.87677764892578 0
vertex 23.778390884399414 48.55609893798828 -1
vertex 22.876808166503906 48.0434684753418 0
endloop
endfacet
facet normal 0.5000019178841739 0.49999762705349043 0.7071071029575552
outer loop
vertex 23.778390884399414 48.55609893798828 -1
vertex 23.556133270263672 48.778358459472656 -1
vertex 22.876808166503906 48.0434684753418 0
endloop
endfacet
facet normal 0.4592287876248098 0.5376884121460556 0.707106846283149
outer loop
vertex 21.206029891967773 49.4704475402832 0
vertex 23.556133270263672 48.778358459472656 -1
vertex 21.82560157775879 50.256370544433594 -1
endloop
endfacet
facet normal 0.4592287973596403 0.537687984722711 0.7071071649760368
outer loop
vertex 22.876808166503906 48.0434684753418 0
vertex 23.556133270263672 48.778358459472656 -1
vertex 21.206029891967773 49.4704475402832 0
endloop
endfacet
facet normal 0.4156285713617219 0.5720599682288169 0.7071069815932091
outer loop
vertex 21.82560157775879 50.256370544433594 -1
vertex 21.571311950683594 50.441123962402344 -1
vertex 21.01531219482422 49.609012603759766 0
endloop
endfacet
facet normal 0.4156279591745132 0.5720605559109507 0.7071068659851094
outer loop
vertex 21.82560157775879 50.256370544433594 -1
vertex 21.01531219482422 49.609012603759766 0
vertex 21.206029891967773 49.4704475402832 0
endloop
endfacet
facet normal 0.36946290046928765 0.6029073257929197 0.7071067258073929
outer loop
vertex 20.859180450439453 50.87751770019531 -1
vertex 19.630874633789062 51.630226135253906 -1
vertex 19.141876220703125 50.757057189941406 0
endloop
endfacet
facet normal 0.36946220831024384 0.6029089189458263 0.7071057290717514
outer loop
vertex 21.571311950683594 50.441123962402344 -1
vertex 20.859180450439453 50.87751770019531 -1
vertex 19.141876220703125 50.757057189941406 0
endloop
endfacet
facet normal 0.36946251709156064 0.6029072206252682 0.7071070157920104
outer loop
vertex 21.01531219482422 49.609012603759766 0
vertex 21.571311950683594 50.441123962402344 -1
vertex 19.141876220703125 50.757057189941406 0
endloop
endfacet
facet normal 0.3210226139418824 0.6300351993280638 0.7071068723648272
outer loop
vertex 19.630874633789062 51.630226135253906 -1
vertex 19.350812911987305 51.772926330566406 -1
vertex 18.93182945251465 50.86408233642578 0
endloop
endfacet
facet normal 0.32102207591843923 0.6300355736833141 0.7071067830720854
outer loop
vertex 19.141876220703125 50.757057189941406 0
vertex 19.630874633789062 51.630226135253906 -1
vertex 18.93182945251465 50.86408233642578 0
endloop
endfacet
facet normal 0.2705981551940414 0.6532812849021771 0.7071069234579324
outer loop
vertex 18.93182945251465 50.86408233642578 0
vertex 19.350812911987305 51.772926330566406 -1
vertex 16.901865005493164 51.70492172241211 0
endloop
endfacet
facet normal 0.2705975519160442 0.6532830071376622 0.7071055631814933
outer loop
vertex 19.350812911987305 51.772926330566406 -1
vertex 17.248249053955078 52.64383316040039 -1
vertex 16.901865005493164 51.70492172241211 0
endloop
endfacet
facet normal 0.2185142991492052 0.6724959272543648 0.7071072965919838
outer loop
vertex 17.248249053955078 52.64383316040039 -1
vertex 16.949312210083008 52.740966796875 -1
vertex 16.677661895751953 51.777767181396484 0
endloop
endfacet
facet normal 0.21850153863607272 0.6725021041593643 0.7071053652143338
outer loop
vertex 16.901865005493164 51.70492172241211 0
vertex 17.248249053955078 52.64383316040039 -1
vertex 16.677661895751953 51.777767181396484 0
endloop
endfacet
facet normal 0.16507037698913982 0.6875699157760122 0.7071063438835992
outer loop
vertex 16.949312210083008 52.740966796875 -1
vertex 14.736393928527832 53.272239685058594 -1
vertex 14.541152954101562 52.29069900512695 0
endloop
endfacet
facet normal 0.16507107444613747 0.6875686207127036 0.7071074403458276
outer loop
vertex 16.949312210083008 52.740966796875 -1
vertex 14.541152954101562 52.29069900512695 0
vertex 16.677661895751953 51.777767181396484 0
endloop
endfacet
facet normal 0.11061248118913121 0.6984021945113273 0.7071062534774716
outer loop
vertex 14.736393928527832 53.272239685058594 -1
vertex 14.30831527709961 52.32757568359375 0
vertex 14.541152954101562 52.29069900512695 0
endloop
endfacet
facet normal 0.11061783266738982 0.6984005757573327 0.7071070151524417
outer loop
vertex 14.736393928527832 53.272239685058594 -1
vertex 14.425943374633789 53.3214111328125 -1
vertex 14.30831527709961 52.32757568359375 0
endloop
endfacet
facet normal 0.05547958935843272 0.7049266676554339 0.7071070699638246
outer loop
vertex 14.30831527709961 52.32757568359375 0
vertex 14.425943374633789 53.3214111328125 -1
vertex 12.117870330810547 52.499969482421875 0
endloop
endfacet
facet normal 0.055482454234430205 0.7049267919180783 0.7071067213004065
outer loop
vertex 12.337555885314941 53.48577117919922 -1
vertex 12.157160758972168 53.499969482421875 -1
vertex 12.117870330810547 52.499969482421875 0
endloop
endfacet
facet normal 0.05547911171789888 0.7049272945419721 0.7071064824852964
outer loop
vertex 14.425943374633789 53.3214111328125 -1
vertex 12.337555885314941 53.48577117919922 -1
vertex 12.117870330810547 52.499969482421875 0
endloop
endfacet
facet normal 0 0.7071067811865476 0.7071067811865476
outer loop
vertex 12.117870330810547 52.499969482421875 0
vertex 12.157160758972168 53.499969482421875 -1
vertex 11.882129669189453 52.499969482421875 0
endloop
endfacet
facet normal 0 0.7071067811865475 0.7071067811865475
outer loop
vertex 12.157160758972168 53.499969482421875 -1
vertex 11.842839241027832 53.499969482421875 -1
vertex 11.882129669189453 52.499969482421875 0
endloop
endfacet
facet normal -0.055479612327147966 0.7049269594971741 0.7071067772197485
outer loop
vertex 11.882129669189453 52.499969482421875 0
vertex 11.842839241027832 53.499969482421875 -1
vertex 9.69168472290039 52.32757568359375 0
endloop
endfacet
facet normal -0.05547904129455044 0.7049267216393409 0.7071070591472333
outer loop
vertex 11.662445068359375 53.48577117919922 -1
vertex 9.574056625366211 53.3214111328125 -1
vertex 9.69168472290039 52.32757568359375 0
endloop
endfacet
facet normal -0.055483016756221394 0.7049302122888614 0.7071032673195687
outer loop
vertex 11.842839241027832 53.499969482421875 -1
vertex 11.662445068359375 53.48577117919922 -1
vertex 9.69168472290039 52.32757568359375 0
endloop
endfacet
facet normal -0.11061793479908963 0.6984012205795664 0.7071063622919511
outer loop
vertex 9.574056625366211 53.3214111328125 -1
vertex 9.263606071472168 53.272239685058594 -1
vertex 9.458847045898438 52.29069900512695 0
endloop
endfacet
facet normal -0.11061234501995769 0.6984013347453354 0.7071071239600969
outer loop
vertex 9.69168472290039 52.32757568359375 0
vertex 9.574056625366211 53.3214111328125 -1
vertex 9.458847045898438 52.29069900512695 0
endloop
endfacet
facet normal -0.16507016818204387 0.6875688978723287 0.7071073824073562
outer loop
vertex 9.263606071472168 53.272239685058594 -1
vertex 7.05068826675415 52.740966796875 -1
vertex 7.322338104248047 51.777767181396484 0
endloop
endfacet
facet normal -0.1650713349075401 0.6875697056095456 0.7071063246215845
outer loop
vertex 9.458847045898438 52.29069900512695 0
vertex 9.263606071472168 53.272239685058594 -1
vertex 7.322338104248047 51.777767181396484 0
endloop
endfacet
facet normal -0.218501295686993 0.6724999261309972 0.7071075117242841
outer loop
vertex 7.322338104248047 51.777767181396484 0
vertex 7.05068826675415 52.740966796875 -1
vertex 7.098135471343994 51.70492172241211 0
endloop
endfacet
facet normal -0.21851448137175133 0.6724975607652979 0.7071056867226844
outer loop
vertex 7.05068826675415 52.740966796875 -1
vertex 6.751750946044922 52.64383316040039 -1
vertex 7.098135471343994 51.70492172241211 0
endloop
endfacet
facet normal -0.27059860550790804 0.6532825255108197 0.7071056049554274
outer loop
vertex 7.098135471343994 51.70492172241211 0
vertex 6.751750946044922 52.64383316040039 -1
vertex 5.068170547485352 50.86408233642578 0
endloop
endfacet
facet normal -0.27059711715236895 0.6532818093641289 0.7071068361589762
outer loop
vertex 6.751750946044922 52.64383316040039 -1
vertex 4.6491875648498535 51.772926330566406 -1
vertex 5.068170547485352 50.86408233642578 0
endloop
endfacet
facet normal -0.32102264868961145 0.6300352675235473 0.707106795827079
outer loop
vertex 4.6491875648498535 51.772926330566406 -1
vertex 4.369125843048096 51.630226135253906 -1
vertex 4.858124256134033 50.757057189941406 0
endloop
endfacet
facet normal -0.32102264868961145 0.6300352675235473 0.707106795827079
outer loop
vertex 5.068170547485352 50.86408233642578 0
vertex 4.6491875648498535 51.772926330566406 -1
vertex 4.858124256134033 50.757057189941406 0
endloop
endfacet
facet normal -0.36946286201490575 0.6029076141206183 0.7071065000600253
outer loop
vertex 4.369125843048096 51.630226135253906 -1
vertex 3.1408193111419678 50.87751770019531 -1
vertex 2.984687566757202 49.609012603759766 0
endloop
endfacet
facet normal -0.369462562035173 0.6029075241493662 0.707106733512337
outer loop
vertex 4.858124256134033 50.757057189941406 0
vertex 4.369125843048096 51.630226135253906 -1
vertex 2.984687566757202 49.609012603759766 0
endloop
endfacet
facet normal -0.3694619952344624 0.6029077638321112 0.7071068253017596
outer loop
vertex 3.1408193111419678 50.87751770019531 -1
vertex 2.4286887645721436 50.441123962402344 -1
vertex 2.984687566757202 49.609012603759766 0
endloop
endfacet
facet normal -0.4156274016698177 0.572061040068011 0.7071068019878621
outer loop
vertex 2.4286887645721436 50.441123962402344 -1
vertex 2.1743979454040527 50.256370544433594 -1
vertex 2.7939693927764893 49.4704475402832 0
endloop
endfacet
facet normal -0.41562730815838855 0.5720610901455301 0.7071068164390156
outer loop
vertex 2.984687566757202 49.609012603759766 0
vertex 2.4286887645721436 50.441123962402344 -1
vertex 2.7939693927764893 49.4704475402832 0
endloop
endfacet
facet normal -0.45923767051211706 0.5376985628578846 0.7070933583927723
outer loop
vertex 2.1743979454040527 50.256370544433594 -1
vertex 1.171677827835083 49.399967193603516 -1
vertex 1.8144654035568237 48.6339225769043 0
endloop
endfacet
facet normal -0.45921282668925484 0.5377015813444715 0.7071071978305121
outer loop
vertex 2.7939693927764893 49.4704475402832 0
vertex 2.1743979454040527 50.256370544433594 -1
vertex 1.8144654035568237 48.6339225769043 0
endloop
endfacet
facet normal -0.06175261544179848 0.7057572580165568 0.7057572580165568
outer loop
vertex 1.171677827835083 49.399967193603516 -1
vertex 1.171677827835083 48.399967193603516 0
vertex 1.3453260660171509 48.4151611328125 0
endloop
endfacet
facet normal -0.18335176483013682 0.6843161591955073 0.7057574120032911
outer loop
vertex 1.5136979818344116 48.46027374267578 0
vertex 1.171677827835083 49.399967193603516 -1
vertex 1.3453260660171509 48.4151611328125 0
endloop
endfacet
facet normal -0.2994128134669144 0.6420734876688918 0.7057574679481133
outer loop
vertex 1.171677827835083 49.399967193603516 -1
vertex 1.5136979818344116 48.46027374267578 0
vertex 1.671677827835083 48.53394317626953 0
endloop
endfacet
facet normal -0.40634811040269847 0.5803341609885175 0.7057573766967724
outer loop
vertex 1.171677827835083 49.399967193603516 -1
vertex 1.671677827835083 48.53394317626953 0
vertex 1.8144654035568237 48.6339225769043 0
endloop
endfacet
facet normal 0 0.7071067811865475 0.7071067811865475
outer loop
vertex 1.171677827835083 49.399967193603516 -1
vertex -12.956853866577148 49.399967193603516 -1
vertex 1.171677827835083 48.399967193603516 0
endloop
endfacet
facet normal 0 0.7071067811865475 0.7071067811865475
outer loop
vertex -12.542640686035156 48.399967193603516 0
vertex 1.171677827835083 48.399967193603516 0
vertex -12.956853866577148 49.399967193603516 -1
endloop
endfacet
facet normal -0.4999996227533179 0.4999998940905462 0.7071071228293366
outer loop
vertex -12.542640686035156 48.399967193603516 0
vertex -15.300000190734863 47.05682373046875 -1
vertex -14.300000190734863 46.642608642578125 0
endloop
endfacet
facet normal -0.4999996990238628 0.500000309533051 0.707106775135764
outer loop
vertex -12.956853866577148 49.399967193603516 -1
vertex -15.300000190734863 47.05682373046875 -1
vertex -12.542640686035156 48.399967193603516 0
endloop
endfacet
facet normal -0.7071067811865476 0 0.7071067811865476
outer loop
vertex -15.300000190734863 47.05682373046875 -1
vertex -15.300000190734863 41.19996643066406 -1
vertex -14.300000190734863 41.19996643066406 0
endloop
endfacet
facet normal -0.7071067811865475 0 0.7071067811865475
outer loop
vertex -14.300000190734863 46.642608642578125 0
vertex -15.300000190734863 47.05682373046875 -1
vertex -14.300000190734863 41.19996643066406 0
endloop
endfacet
facet normal -0.18336712038040762 0.6843126977078077 0.7057567788687968
outer loop
vertex -15.300000190734863 41.19996643066406 -1
vertex -15.126351356506348 40.21516036987305 0
vertex -14.957980155944824 40.260276794433594 0
endloop
endfacet
facet normal -0.5009521406968298 0.5009521406968298 0.7057576818303342
outer loop
vertex -15.300000190734863 41.19996643066406 -1
vertex -14.657212257385254 40.433921813964844 0
vertex -14.533955574035645 40.55717849731445 0
endloop
endfacet
facet normal -0.06175240428537438 0.7057572672544633 0.7057572672544633
outer loop
vertex -15.300000190734863 41.19996643066406 -1
vertex -15.300000190734863 40.19996643066406 0
vertex -15.126351356506348 40.21516036987305 0
endloop
endfacet
facet normal -0.580330740469097 0.40635244963599154 0.7057576909544935
outer loop
vertex -15.300000190734863 41.19996643066406 -1
vertex -14.533955574035645 40.55717849731445 0
vertex -14.433974266052246 40.69996643066406 0
endloop
endfacet
facet normal -0.6420794112701006 0.29940010699014175 0.7057574693599301
outer loop
vertex -15.300000190734863 41.19996643066406 -1
vertex -14.433974266052246 40.69996643066406 0
vertex -14.360307693481445 40.857948303222656 0
endloop
endfacet
facet normal -0.6843136514162699 0.18336142273975645 0.7057573344544031
outer loop
vertex -15.300000190734863 41.19996643066406 -1
vertex -14.360307693481445 40.857948303222656 0
vertex -14.315192222595215 41.02632141113281 0
endloop
endfacet
facet normal -0.705757545973145 0.06174603310276911 0.705757545973145
outer loop
vertex -14.300000190734863 41.19996643066406 0
vertex -15.300000190734863 41.19996643066406 -1
vertex -14.315192222595215 41.02632141113281 0
endloop
endfacet
facet normal -0.4063474066433408 0.5803346094115338 0.7057574131621956
outer loop
vertex -15.300000190734863 41.19996643066406 -1
vertex -14.800000190734863 40.33394241333008 0
vertex -14.657212257385254 40.433921813964844 0
endloop
endfacet
facet normal -0.2994001555273929 0.6420800756529277 0.7057568443307536
outer loop
vertex -15.300000190734863 41.19996643066406 -1
vertex -14.957980155944824 40.260276794433594 0
vertex -14.800000190734863 40.33394241333008 0
endloop
endfacet
facet normal 0 0.7071067811865475 0.7071067811865475
outer loop
vertex -58.20000076293945 41.19996643066406 -1
vertex -57.20000076293945 40.19996643066406 0
vertex -15.300000190734863 41.19996643066406 -1
endloop
endfacet
facet normal 0 0.7071067811865476 0.7071067811865476
outer loop
vertex -15.300000190734863 41.19996643066406 -1
vertex -57.20000076293945 40.19996643066406 0
vertex -15.300000190734863 40.19996643066406 0
endloop
endfacet
facet normal -0.7071067811865476 0 0.7071067811865476
outer loop
vertex -57.20000076293945 -43.20003128051758 0
vertex -58.20000076293945 41.19996643066406 -1
vertex -58.20000076293945 -44.20003128051758 -1
endloop
endfacet
facet normal -0.7071067811865475 0 0.7071067811865475
outer loop
vertex -58.20000076293945 41.19996643066406 -1
vertex -57.20000076293945 -43.20003128051758 0
vertex -57.20000076293945 40.19996643066406 0
endloop
endfacet
facet normal 0.7071067811865476 0 -0.7071067811865476
outer loop
vertex 58.20000076293945 34.680885314941406 -13.100000381469727
vertex 57.20000076293945 40.19996643066406 -14.100000381469727
vertex 58.20000076293945 41.19996643066406 -13.100000381469727
endloop
endfacet
facet normal 0.7071067811865475 0 -0.7071067811865475
outer loop
vertex 58.20000076293945 34.680885314941406 -13.100000381469727
vertex 57.20000076293945 -43.20003128051758 -14.100000381469727
vertex 57.20000076293945 40.19996643066406 -14.100000381469727
endloop
endfacet
facet normal 0.7071067811865476 0 -0.7071067811865476
outer loop
vertex 58.20000076293945 -44.20003128051758 -13.100000381469727
vertex 57.20000076293945 -43.20003128051758 -14.100000381469727
vertex 58.20000076293945 34.680885314941406 -13.100000381469727
endloop
endfacet
facet normal 3.251206230587009e-7 0.7071086445642482 -0.7071049178038616
outer loop
vertex 57.20000076293945 40.19996643066406 -14.100000381469727
vertex 50.031471252441406 40.6443977355957 -13.655570030212402
vertex 50.123878479003906 40.817283630371094 -13.482683181762695
endloop
endfacet
facet normal -5.78769448708349e-8 0.7070950263927966 -0.7071185357848901
outer loop
vertex 57.20000076293945 40.19996643066406 -14.100000381469727
vertex 49.39509201049805 40.219181060791016 -14.080785751342773
vertex 49.58268356323242 40.27608871459961 -14.023880004882812
endloop
endfacet
facet normal -4.058351473951e-8 0.7071030945527258 -0.7071104678011471
outer loop
vertex 48.817317962646484 40.27608871459961 -14.023880004882812
vertex 29.4144229888916 40.19996643066406 -14.100000381469727
vertex 48.64442825317383 40.368499755859375 -13.931469917297363
endloop
endfacet
facet normal -1.0409113885596471e-7 0.7071067177695229 -0.7071068446035588
outer loop
vertex 48.64442825317383 40.368499755859375 -13.931469917297363
vertex 29.4144229888916 40.19996643066406 -14.100000381469727
vertex 48.49289321899414 40.492862701416016 -13.807106971740723
endloop
endfacet
facet normal -2.396555719152273e-7 0.7071111329277859 -0.7071024294184866
outer loop
vertex 48.49289321899414 40.492862701416016 -13.807106971740723
vertex 29.4144229888916 40.19996643066406 -14.100000381469727
vertex 48.3685302734375 40.6443977355957 -13.655570030212402
endloop
endfacet
facet normal 0 0.7071067811865476 -0.7071067811865476
outer loop
vertex 29.4144229888916 40.19996643066406 -14.100000381469727
vertex 29.4144229888916 41.19996643066406 -13.100000381469727
vertex 48.20000076293945 41.19996643066406 -13.100000381469727
endloop
endfacet
facet normal 1.0222230786613754e-7 0.707103036894926 -0.7071105254583349
outer loop
vertex 57.20000076293945 40.19996643066406 -14.100000381469727
vertex 49.58268356323242 40.27608871459961 -14.023880004882812
vertex 49.75556945800781 40.368499755859375 -13.931469917297363
endloop
endfacet
facet normal 0 0.7071119661091422 -0.7071015962259336
outer loop
vertex 58.20000076293945 41.19996643066406 -13.100000381469727
vertex 50.1807861328125 41.004878997802734 -13.295090675354004
vertex 50.20000076293945 41.19996643066406 -13.100000381469727
endloop
endfacet
facet normal 2.585654664600409e-7 0.7071066519037787 -0.7071069104692452
outer loop
vertex 57.20000076293945 40.19996643066406 -14.100000381469727
vertex 50.1807861328125 41.004878997802734 -13.295090675354004
vertex 58.20000076293945 41.19996643066406 -13.100000381469727
endloop
endfacet
facet normal -1.2546427326629845e-7 0.7071086979206015 -0.7071048644472868
outer loop
vertex 48.3685302734375 40.6443977355957 -13.655570030212402
vertex 29.4144229888916 40.19996643066406 -14.100000381469727
vertex 48.276119232177734 40.817283630371094 -13.482683181762695
endloop
endfacet
facet normal 2.6445804126631347e-7 0.7071066200626787 -0.7071069423103302
outer loop
vertex 57.20000076293945 40.19996643066406 -14.100000381469727
vertex 49.75556945800781 40.368499755859375 -13.931469917297363
vertex 49.907108306884766 40.492862701416016 -13.807106971740723
endloop
endfacet
facet normal 6.145898070520538e-7 0.707110979077605 -0.7071025832703012
outer loop
vertex 57.20000076293945 40.19996643066406 -14.100000381469727
vertex 49.907108306884766 40.492862701416016 -13.807106971740723
vertex 50.031471252441406 40.6443977355957 -13.655570030212402
endloop
endfacet
facet normal 3.4948205072695613e-7 0.7071014420762604 -0.7071121202564349
outer loop
vertex 48.276119232177734 40.817283630371094 -13.482683181762695
vertex 29.4144229888916 40.19996643066406 -14.100000381469727
vertex 48.219215393066406 41.004878997802734 -13.295090675354004
endloop
endfacet
facet normal -9.165509838308593e-7 0.7071015280919459 -0.7071120342415301
outer loop
vertex 57.20000076293945 40.19996643066406 -14.100000381469727
vertex 50.123878479003906 40.817283630371094 -13.482683181762695
vertex 50.1807861328125 41.004878997802734 -13.295090675354004
endloop
endfacet
facet normal -5.491339265180074e-7 0.7071119390666715 -0.7071016232685865
outer loop
vertex 48.219215393066406 41.004878997802734 -13.295090675354004
vertex 29.4144229888916 40.19996643066406 -14.100000381469727
vertex 48.20000076293945 41.19996643066406 -13.100000381469727
endloop
endfacet
facet normal 2.317056264461277e-8 0.707094969187472 -0.7071185929883103
outer loop
vertex 29.4144229888916 40.19996643066406 -14.100000381469727
vertex 48.817317962646484 40.27608871459961 -14.023880004882812
vertex 49.00490951538086 40.219181060791016 -14.080785751342773
endloop
endfacet
facet normal 0.6532816193483773 0.27059786542414577 -0.7071067253600818
outer loop
vertex 27.56666374206543 42.434600830078125 -13.100000381469727
vertex 26.642784118652344 42.051918029785156 -14.100000381469727
vertex 26.77295684814453 44.35078048706055 -13.100000381469727
endloop
endfacet
facet normal 0.6532810674615833 0.27059808235772326 -0.7071071522199284
outer loop
vertex 26.642784118652344 42.051918029785156 -14.100000381469727
vertex 25.877361297607422 43.899810791015625 -14.100000381469727
vertex 26.77295684814453 44.35078048706055 -13.100000381469727
endloop
endfacet
facet normal 0.6251164458782899 0.3341300175681331 -0.7053981573922732
outer loop
vertex 27.718904495239258 42.06705856323242 -13.139182090759277
vertex 26.642784118652344 42.051918029785156 -14.100000381469727
vertex 27.56666374206543 42.434600830078125 -13.100000381469727
endloop
endfacet
facet normal 0.06947546838984732 0.7053983017478873 -0.7053980402462202
outer loop
vertex 28.829153060913086 40.25761032104492 -14.100000381469727
vertex 29.016599655151367 41.19996643066406 -13.139182090759277
vertex 29.4144229888916 40.19996643066406 -14.100000381469727
endloop
endfacet
facet normal 0.0694748270470145 0.705398202580212 -0.705398202580212
outer loop
vertex 29.4144229888916 40.19996643066406 -14.100000381469727
vertex 29.016599655151367 41.19996643066406 -13.139182090759277
vertex 29.4144229888916 41.19996643066406 -13.100000381469727
endloop
endfacet
facet normal 0.4496670870061428 0.5479159212180733 -0.7053989326183874
outer loop
vertex 28.078065872192383 41.19996643066406 -13.505379676818848
vertex 27.293102264404297 41.07864761352539 -14.100000381469727
vertex 27.883689880371094 41.66923522949219 -13.264784812927246
endloop
endfacet
facet normal 0.5479186635555024 0.4496640605874403 -0.7053987317422444
outer loop
vertex 27.293102264404297 41.07864761352539 -14.100000381469727
vertex 26.920015335083008 41.53325653076172 -14.100000381469727
vertex 27.883689880371094 41.66923522949219 -13.264784812927246
endloop
endfacet
facet normal 0.5479169150804102 0.44966827856304437 -0.705397401060505
outer loop
vertex 27.883689880371094 41.66923522949219 -13.264784812927246
vertex 26.920015335083008 41.53325653076172 -14.100000381469727
vertex 27.718904495239258 42.06705856323242 -13.139182090759277
endloop
endfacet
facet normal 0.4496652429134213 0.5479196019175548 -0.7053972491795825
outer loop
vertex 27.293102264404297 41.07864761352539 -14.100000381469727
vertex 28.078065872192383 41.19996643066406 -13.505379676818848
vertex 27.747713088989258 40.70555877685547 -14.100000381469727
endloop
endfacet
facet normal 0.6251158562858808 0.33413243430355277 -0.7053975351292006
outer loop
vertex 26.920015335083008 41.53325653076172 -14.100000381469727
vertex 26.642784118652344 42.051918029785156 -14.100000381469727
vertex 27.718904495239258 42.06705856323242 -13.139182090759277
endloop
endfacet
facet normal 0.33413175695896413 0.6251165910406764 -0.70539720484079
outer loop
vertex 27.747713088989258 40.70555877685547 -14.100000381469727
vertex 28.078065872192383 41.19996643066406 -13.505379676818848
vertex 28.266372680664062 40.42832946777344 -14.100000381469727
endloop
endfacet
facet normal 0.2057589384811145 0.6782900211080729 -0.7053976938581064
outer loop
vertex 28.266372680664062 40.42832946777344 -14.100000381469727
vertex 28.585996627807617 41.19996643066406 -13.264784812927246
vertex 28.829153060913086 40.25761032104492 -14.100000381469727
endloop
endfacet
facet normal 0.2057577585919845 0.6782900214248303 -0.7053980377167957
outer loop
vertex 29.016599655151367 41.19996643066406 -13.139182090759277
vertex 28.829153060913086 40.25761032104492 -14.100000381469727
vertex 28.585996627807617 41.19996643066406 -13.264784812927246
endloop
endfacet
facet normal 0.33413035349024967 0.6251166919322938 -0.7053977802234045
outer loop
vertex 28.585996627807617 41.19996643066406 -13.264784812927246
vertex 28.266372680664062 40.42832946777344 -14.100000381469727
vertex 28.078065872192383 41.19996643066406 -13.505379676818848
endloop
endfacet
facet normal 0.606399184511748 0.3637032179723316 -0.7071067799562224
outer loop
vertex 25.877361297607422 43.899810791015625 -14.100000381469727
vertex 25.4411563873291 46.5712776184082 -13.100000381469727
vertex 26.630258560180664 44.63084030151367 -13.078324317932129
endloop
endfacet
facet normal 0.6063976671288737 0.3637051852187715 -0.7071070693647737
outer loop
vertex 26.77295684814453 44.35078048706055 -13.100000381469727
vertex 25.877361297607422 43.899810791015625 -14.100000381469727
vertex 26.630258560180664 44.63084030151367 -13.078324317932129
endloop
endfacet
facet normal 0.6064000644966687 0.36370310158072056 -0.707106085166151
outer loop
vertex 24.624059677124023 45.98943328857422 -14.100000381469727
vertex 25.4411563873291 46.5712776184082 -13.100000381469727
vertex 25.877361297607422 43.899810791015625 -14.100000381469727
endloop
endfacet
facet normal 0.542038023015884 0.4540875484917342 -0.7071062720057
outer loop
vertex 23.778390884399414 48.55609893798828 -13.100000381469727
vertex 24.624059677124023 45.98943328857422 -14.100000381469727
vertex 23.062374114990234 47.85359573364258 -14.100000381469727
endloop
endfacet
facet normal 0.5420381701309193 0.4540877840069429 -0.7071060079908732
outer loop
vertex 24.624059677124023 45.98943328857422 -14.100000381469727
vertex 25.25640296936035 46.82556915283203 -13.078324317932129
vertex 25.4411563873291 46.5712776184082 -13.100000381469727
endloop
endfacet
facet normal 0.5420384083941346 0.4540875579927854 -0.7071059704893615
outer loop
vertex 24.624059677124023 45.98943328857422 -14.100000381469727
vertex 23.778390884399414 48.55609893798828 -13.100000381469727
vertex 25.25640296936035 46.82556915283203 -13.078324317932129
endloop
endfacet
facet normal 0.4643315733000402 0.5332887752986718 -0.7071062665378891
outer loop
vertex 23.062374114990234 47.85359573364258 -14.100000381469727
vertex 23.556133270263672 48.778358459472656 -13.078324317932129
vertex 23.778390884399414 48.55609893798828 -13.100000381469727
endloop
endfacet
facet normal 0.4643290986903163 0.5332902111271891 -0.7071068086402199
outer loop
vertex 21.228296279907227 49.450504302978516 -14.100000381469727
vertex 21.82560157775879 50.256370544433594 -13.100000381469727
vertex 23.062374114990234 47.85359573364258 -14.100000381469727
endloop
endfacet
facet normal 0.46432940211868373 0.5332902668840842 -0.7071065673396112
outer loop
vertex 23.556133270263672 48.778358459472656 -13.078324317932129
vertex 23.062374114990234 47.85359573364258 -14.100000381469727
vertex 21.82560157775879 50.256370544433594 -13.100000381469727
endloop
endfacet
facet normal 0.375188031844297 0.5993610801279667 -0.7071069483385378
outer loop
vertex 21.571311950683594 50.441123962402344 -13.078324317932129
vertex 21.228296279907227 49.450504302978516 -14.100000381469727
vertex 19.630874633789062 51.630226135253906 -13.100000381469727
endloop
endfacet
facet normal 0.37518771249827565 0.5993609675915494 -0.7071072131706992
outer loop
vertex 21.228296279907227 49.450504302978516 -14.100000381469727
vertex 19.166988372802734 50.740840911865234 -14.100000381469727
vertex 19.630874633789062 51.630226135253906 -13.100000381469727
endloop
endfacet
facet normal 0.37518888074984835 0.5993606754253692 -0.7071068409479019
outer loop
vertex 21.228296279907227 49.450504302978516 -14.100000381469727
vertex 21.571311950683594 50.441123962402344 -13.078324317932129
vertex 21.82560157775879 50.256370544433594 -13.100000381469727
endloop
endfacet
facet normal 0.27680846943108806 0.6506749888818637 -0.7071061660704174
outer loop
vertex 19.166988372802734 50.740840911865234 -14.100000381469727
vertex 16.9292049407959 51.692832946777344 -14.100000381469727
vertex 17.248249053955078 52.64383316040039 -13.100000381469727
endloop
endfacet
facet normal 0.2768099488255318 0.6506730737557022 -0.7071073492197018
outer loop
vertex 19.630874633789062 51.630226135253906 -13.100000381469727
vertex 19.166988372802734 50.740840911865234 -14.100000381469727
vertex 19.350812911987305 51.772926330566406 -13.078324317932129
endloop
endfacet
facet normal 0.2768067044709512 0.6506740340813029 -0.707107735590762
outer loop
vertex 19.166988372802734 50.740840911865234 -14.100000381469727
vertex 17.248249053955078 52.64383316040039 -13.100000381469727
vertex 19.350812911987305 51.772926330566406 -13.078324317932129
endloop
endfacet
facet normal 0.17161809942884407 0.685964813995846 -0.7071064289822826
outer loop
vertex 17.248249053955078 52.64383316040039 -13.100000381469727
vertex 16.9292049407959 51.692832946777344 -14.100000381469727
vertex 16.949312210083008 52.740966796875 -13.078324317932129
endloop
endfacet
facet normal 0.17161151903318952 0.6859656790110893 -0.7071071868917586
outer loop
vertex 16.9292049407959 51.692832946777344 -14.100000381469727
vertex 14.736393928527832 53.272239685058594 -13.100000381469727
vertex 16.949312210083008 52.740966796875 -13.078324317932129
endloop
endfacet
facet normal 0.17161139666257383 0.6859655854099372 -0.7071073073931019
outer loop
vertex 16.9292049407959 51.692832946777344 -14.100000381469727
vertex 14.570046424865723 52.28303527832031 -14.100000381469727
vertex 14.736393928527832 53.272239685058594 -13.100000381469727
endloop
endfacet
facet normal 0.0621909424052425 0.7043659639539394 -0.7071074002624959
outer loop
vertex 14.570046424865723 52.28303527832031 -14.100000381469727
vertex 12.157160758972168 53.499969482421875 -13.100000381469727
vertex 14.425943374633789 53.3214111328125 -13.078324317932129
endloop
endfacet
facet normal 0.06219151872230725 0.7043659791586739 -0.7071073344286958
outer loop
vertex 14.570046424865723 52.28303527832031 -14.100000381469727
vertex 14.425943374633789 53.3214111328125 -13.078324317932129
vertex 14.736393928527832 53.272239685058594 -13.100000381469727
endloop
endfacet
facet normal 0.06219112545458272 0.7043661562569826 -0.7071071926055175
outer loop
vertex 14.570046424865723 52.28303527832031 -14.100000381469727
vertex 12.14760684967041 52.49692153930664 -14.100000381469727
vertex 12.157160758972168 53.499969482421875 -13.100000381469727
endloop
endfacet
facet normal -0.048763127875145564 0.7054229791621469 -0.7071071897738231
outer loop
vertex 12.157160758972168 53.499969482421875 -13.100000381469727
vertex 12.14760684967041 52.49692153930664 -14.100000381469727
vertex 11.842839241027832 53.499969482421875 -13.078324317932129
endloop
endfacet
facet normal -0.048762661709588255 0.7054230656562833 -0.7071071356329868
outer loop
vertex 12.14760684967041 52.49692153930664 -14.100000381469727
vertex 9.574056625366211 53.3214111328125 -13.100000381469727
vertex 11.842839241027832 53.499969482421875 -13.078324317932129
endloop
endfacet
facet normal -0.04876220790419707 0.7054237237868878 -0.7071065103638551
outer loop
vertex 12.14760684967041 52.49692153930664 -14.100000381469727
vertex 9.721531867980957 52.329219818115234 -14.100000381469727
vertex 9.574056625366211 53.3214111328125 -13.100000381469727
endloop
endfacet
facet normal -0.1585141760767269 0.6891112387037321 -0.7071060434439268
outer loop
vertex 9.721531867980957 52.329219818115234 -14.100000381469727
vertex 7.05068826675415 52.740966796875 -13.100000381469727
vertex 9.263606071472168 53.272239685058594 -13.078324317932129
endloop
endfacet
facet normal -0.15851743215484132 0.6891100849394077 -0.7071064379128772
outer loop
vertex 9.263606071472168 53.272239685058594 -13.078324317932129
vertex 9.574056625366211 53.3214111328125 -13.100000381469727
vertex 9.721531867980957 52.329219818115234 -14.100000381469727
endloop
endfacet
facet normal -0.15851511095260104 0.6891092863920719 -0.7071077364927454
outer loop
vertex 7.351560115814209 51.7840576171875 -14.100000381469727
vertex 7.05068826675415 52.740966796875 -13.100000381469727
vertex 9.721531867980957 52.329219818115234 -14.100000381469727
endloop
endfacet
facet normal -0.26436275433170836 0.6558298898785665 -0.7071064203244233
outer loop
vertex 7.351560115814209 51.7840576171875 -14.100000381469727
vertex 4.6491875648498535 51.772926330566406 -13.100000381469727
vertex 6.751750946044922 52.64383316040039 -13.078324317932129
endloop
endfacet
facet normal -0.26436308795527874 0.6558287698872213 -0.7071073343665469
outer loop
vertex 7.351560115814209 51.7840576171875 -14.100000381469727
vertex 5.12343692779541 50.88590621948242 -14.100000381469727
vertex 4.6491875648498535 51.772926330566406 -13.100000381469727
endloop
endfacet
facet normal -0.2643700126921494 0.6558259470344404 -0.7071073635492223
outer loop
vertex 7.351560115814209 51.7840576171875 -14.100000381469727
vertex 6.751750946044922 52.64383316040039 -13.078324317932129
vertex 7.05068826675415 52.740966796875 -13.100000381469727
endloop
endfacet
facet normal -0.39855415405025296 0.5841223814826644 -0.7070754059789577
outer loop
vertex 2.221033811569214 48.90555953979492 -14.100000381469727
vertex 2.4286887645721436 50.441123962402344 -12.948502540588379
vertex 5.12343692779541 50.88590621948242 -14.100000381469727
endloop
endfacet
facet normal -0.3966525222545232 0.5846972687434286 -0.7076693299225988
outer loop
vertex 2.221033811569214 48.90555953979492 -14.100000381469727
vertex 1.6438723802566528 49.803260803222656 -13.034790992736816
vertex 2.1743979454040527 50.256370544433594 -12.957780838012695
endloop
endfacet
facet normal -0.39858765577813005 0.5841164345803906 -0.7070614340454351
outer loop
vertex 2.4286887645721436 50.441123962402344 -12.948502540588379
vertex 2.221033811569214 48.90555953979492 -14.100000381469727
vertex 2.1743979454040527 50.256370544433594 -12.957780838012695
endloop
endfacet
facet normal -0.39856058440261494 0.5840799235779646 -0.7071068543252889
outer loop
vertex 5.12343692779541 50.88590621948242 -14.100000381469727
vertex 2.4286887645721436 50.441123962402344 -12.948502540588379
vertex 4.369125843048096 51.630226135253906 -13.060014724731445
endloop
endfacet
facet normal -0.3985628355729793 0.5840780414722097 -0.7071071400926554
outer loop
vertex 5.12343692779541 50.88590621948242 -14.100000381469727
vertex 4.369125843048096 51.630226135253906 -13.060014724731445
vertex 4.6491875648498535 51.772926330566406 -13.100000381469727
endloop
endfacet
facet normal 0 0.7071067811865475 -0.7071067811865475
outer loop
vertex -12.956853866577148 49.399967193603516 -13.100000381469727
vertex 0.5543230175971985 48.399967193603516 -14.100000381469727
vertex -12.542640686035156 48.399967193603516 -14.100000381469727
endloop
endfacet
facet normal 0 0.7071067811865476 -0.7071067811865476
outer loop
vertex 0.5543230175971985 48.399967193603516 -14.100000381469727
vertex -12.956853866577148 49.399967193603516 -13.100000381469727
vertex 0.5543230175971985 49.399967193603516 -13.100000381469727
endloop
endfacet
facet normal -0.20575672969496775 0.6782903252805378 -0.7053980456565314
outer loop
vertex 1.171677827835083 49.399967193603516 -13.203216552734375
vertex 1.1395939588546753 48.457611083984375 -14.100000381469727
vertex 0.9521477818489075 49.399967193603516 -13.139182090759277
endloop
endfacet
facet normal -0.3385656359418884 0.6210739632804984 -0.7068524897701915
outer loop
vertex 1.6438723802566528 49.803260803222656 -13.034790992736816
vertex 2.221033811569214 48.90555953979492 -14.100000381469727
vertex 1.327592134475708 49.53313064575195 -13.120649337768555
endloop
endfacet
facet normal -0.20575889462585426 0.6782902031929183 -0.7053975315627747
outer loop
vertex 1.327592134475708 49.53313064575195 -13.120649337768555
vertex 1.7023732662200928 48.62833023071289 -14.100000381469727
vertex 1.171677827835083 49.399967193603516 -13.203216552734375
endloop
endfacet
facet normal -0.06947457843294048 0.705398214823218 -0.705398214823218
outer loop
vertex 0.9521477818489075 49.399967193603516 -13.139182090759277
vertex 0.5543230175971985 48.399967193603516 -14.100000381469727
vertex 0.5543230175971985 49.399967193603516 -13.100000381469727
endloop
endfacet
facet normal -0.06947535131618379 0.7053983343309967 -0.7053980191938081
outer loop
vertex 1.1395939588546753 48.457611083984375 -14.100000381469727
vertex 0.5543230175971985 48.399967193603516 -14.100000381469727
vertex 0.9521477818489075 49.399967193603516 -13.139182090759277
endloop
endfacet
facet normal -0.20575932297073815 0.6782899954953172 -0.7053976063338931
outer loop
vertex 1.7023732662200928 48.62833023071289 -14.100000381469727
vertex 1.1395939588546753 48.457611083984375 -14.100000381469727
vertex 1.171677827835083 49.399967193603516 -13.203216552734375
endloop
endfacet
facet normal -0.334131136566496 0.6251165797856582 -0.7053975086813552
outer loop
vertex 2.221033811569214 48.90555953979492 -14.100000381469727
vertex 1.7023732662200928 48.62833023071289 -14.100000381469727
vertex 1.327592134475708 49.53313064575195 -13.120649337768555
endloop
endfacet
facet normal -0.4999996990238628 0.500000309533051 -0.707106775135764
outer loop
vertex -12.542640686035156 48.399967193603516 -14.100000381469727
vertex -15.300000190734863 47.05682373046875 -13.100000381469727
vertex -12.956853866577148 49.399967193603516 -13.100000381469727
endloop
endfacet
facet normal -0.4999996227533179 0.4999998940905462 -0.7071071228293366
outer loop
vertex -14.300000190734863 46.642608642578125 -14.100000381469727
vertex -15.300000190734863 47.05682373046875 -13.100000381469727
vertex -12.542640686035156 48.399967193603516 -14.100000381469727
endloop
endfacet
facet normal -0.7071067811865476 0 -0.7071067811865476
outer loop
vertex -14.300000190734863 46.642608642578125 -14.100000381469727
vertex -15.300000190734863 43.19996643066406 -13.100000381469727
vertex -15.300000190734863 47.05682373046875 -13.100000381469727
endloop
endfacet
facet normal -0.7071067811865476 0 -0.7071067811865476
outer loop
vertex -14.300000190734863 43.19996643066406 -14.100000381469727
vertex -15.300000190734863 43.19996643066406 -13.100000381469727
vertex -14.300000190734863 46.642608642578125 -14.100000381469727
endloop
endfacet
facet normal -2.136246928471639e-7 0.7071014214709741 -0.7071121408614636
outer loop
vertex -17.299999237060547 40.19996643066406 -14.100000381469727
vertex -48.276119232177734 40.817283630371094 -13.482683181762695
vertex -48.219215393066406 41.004878997802734 -13.295090675354004
endloop
endfacet
facet normal 1.4729199130804663e-7 0.7071111708281551 -0.707102391517674
outer loop
vertex -17.299999237060547 40.19996643066406 -14.100000381469727
vertex -48.49289321899414 40.492862701416016 -13.807106971740723
vertex -48.3685302734375 40.6443977355957 -13.655570030212402
endloop
endfacet
facet normal 7.69137362284753e-8 0.7071087108961606 -0.707104851471664
outer loop
vertex -17.299999237060547 40.19996643066406 -14.100000381469727
vertex -48.3685302734375 40.6443977355957 -13.655570030212402
vertex -48.276119232177734 40.817283630371094 -13.482683181762695
endloop
endfacet
facet normal 6.412242827575684e-8 0.7071067421202688 -0.7071068202528212
outer loop
vertex -17.299999237060547 40.19996643066406 -14.100000381469727
vertex -48.64442825317383 40.368499755859375 -13.931469917297363
vertex -48.49289321899414 40.492862701416016 -13.807106971740723
endloop
endfacet
facet normal 0 0.7071067811865476 -0.7071067811865476
outer loop
vertex -57.20000076293945 40.19996643066406 -14.100000381469727
vertex -58.20000076293945 41.19996643066406 -13.100000381469727
vertex -50.123878479003906 40.817283630371094 -13.482683181762695
endloop
endfacet
facet normal 5.78769448708349e-8 0.7070950263927966 -0.7071185357848901
outer loop
vertex -49.39509201049805 40.219181060791016 -14.080785751342773
vertex -57.20000076293945 40.19996643066406 -14.100000381469727
vertex -49.58268356323242 40.27608871459961 -14.023880004882812
endloop
endfacet
facet normal -1.0222230786613754e-7 0.707103036894926 -0.7071105254583349
outer loop
vertex -49.58268356323242 40.27608871459961 -14.023880004882812
vertex -57.20000076293945 40.19996643066406 -14.100000381469727
vertex -49.75556945800781 40.368499755859375 -13.931469917297363
endloop
endfacet
facet normal -2.6445804126631347e-7 0.7071066200626787 -0.7071069423103302
outer loop
vertex -49.75556945800781 40.368499755859375 -13.931469917297363
vertex -57.20000076293945 40.19996643066406 -14.100000381469727
vertex -49.907108306884766 40.492862701416016 -13.807106971740723
endloop
endfacet
facet normal -6.145898070520538e-7 0.707110979077605 -0.7071025832703012
outer loop
vertex -49.907108306884766 40.492862701416016 -13.807106971740723
vertex -57.20000076293945 40.19996643066406 -14.100000381469727
vertex -50.031471252441406 40.6443977355957 -13.655570030212402
endloop
endfacet
facet normal -3.251206230587009e-7 0.7071086445642482 -0.7071049178038616
outer loop
vertex -50.031471252441406 40.6443977355957 -13.655570030212402
vertex -57.20000076293945 40.19996643066406 -14.100000381469727
vertex -50.123878479003906 40.817283630371094 -13.482683181762695
endloop
endfacet
facet normal 0 0.7071067811865476 -0.7071067811865476
outer loop
vertex -50.123878479003906 40.817283630371094 -13.482683181762695
vertex -58.20000076293945 41.19996643066406 -13.100000381469727
vertex -54.92518997192383 41.19996643066406 -13.100000381469727
endloop
endfacet
facet normal -8.808384488559966e-7 0.7071012554658996 -0.7071123068634662
outer loop
vertex -50.123878479003906 40.817283630371094 -13.482683181762695
vertex -54.92518997192383 41.19996643066406 -13.100000381469727
vertex -50.1807861328125 41.004878997802734 -13.295090675354004
endloop
endfacet
facet normal 2.5054454749898425e-8 0.7071031090793589 -0.707110453274666
outer loop
vertex -17.299999237060547 40.19996643066406 -14.100000381469727
vertex -48.817317962646484 40.27608871459961 -14.023880004882812
vertex -48.64442825317383 40.368499755859375 -13.931469917297363
endloop
endfacet
facet normal -1.4334759380948778e-8 0.7070949546237234 -0.7071186075515722
outer loop
vertex -17.299999237060547 40.19996643066406 -14.100000381469727
vertex -49.00490951538086 40.219181060791016 -14.080785751342773
vertex -48.817317962646484 40.27608871459961 -14.023880004882812
endloop
endfacet
facet normal 3.3452862174022516e-7 0.7071119496350801 -0.7071016127001578
outer loop
vertex -17.299999237060547 40.19996643066406 -14.100000381469727
vertex -48.219215393066406 41.004878997802734 -13.295090675354004
vertex -48.20000076293945 41.19996643066406 -13.100000381469727
endloop
endfacet
facet normal 0 0.7071119661091423 -0.7071015962259337
outer loop
vertex -50.1807861328125 41.004878997802734 -13.295090675354004
vertex -54.92518997192383 41.19996643066406 -13.100000381469727
vertex -50.20000076293945 41.19996643066406 -13.100000381469727
endloop
endfacet
facet normal 0 0.7071067811865476 -0.7071067811865476
outer loop
vertex -17.299999237060547 40.19996643066406 -14.100000381469727
vertex -48.20000076293945 41.19996643066406 -13.100000381469727
vertex -17.299999237060547 41.19996643066406 -13.100000381469727
endloop
endfacet
facet normal -0.547919832586122 0.44966419538086333 -0.7053977377701725
outer loop
vertex -15.300000190734863 41.863609313964844 -13.505379676818848
vertex -14.805591583251953 41.53325653076172 -14.100000381469727
vertex -15.300000190734863 41.19996643066406 -13.928426742553711
endloop
endfacet
facet normal -0.06947546838984732 0.7053983017478873 -0.7053980402462202
outer loop
vertex -16.71472930908203 40.25761032104492 -14.100000381469727
vertex -17.299999237060547 40.19996643066406 -14.100000381469727
vertex -16.902175903320312 41.19996643066406 -13.139182090759277
endloop
endfacet
facet normal -0.2057589384811145 0.6782900211080729 -0.7053976938581064
outer loop
vertex -16.151948928833008 40.42832946777344 -14.100000381469727
vertex -16.71472930908203 40.25761032104492 -14.100000381469727
vertex -16.471572875976562 41.19996643066406 -13.264784812927246
endloop
endfacet
facet normal -0.7053983996534183 0.06947480782369726 -0.7053980074002596
outer loop
vertex -14.357644081115723 42.61469650268555 -14.100000381469727
vertex -15.300000190734863 42.80214309692383 -13.139182090759277
vertex -15.300000190734863 43.19996643066406 -13.100000381469727
endloop
endfacet
facet normal -0.33413163065144025 0.6251163547359041 -0.7053974740810353
outer loop
vertex -15.633289337158203 40.70555877685547 -14.100000381469727
vertex -16.151948928833008 40.42832946777344 -14.100000381469727
vertex -15.963643074035645 41.19996643066406 -13.505379676818848
endloop
endfacet
facet normal -0.6782900214248303 0.2057577585919845 -0.7053980377167957
outer loop
vertex -14.357644081115723 42.61469650268555 -14.100000381469727
vertex -15.300000190734863 42.37154006958008 -13.264784812927246
vertex -15.300000190734863 42.80214309692383 -13.139182090759277
endloop
endfacet
facet normal -0.44966745124853513 0.5479211433647688 -0.7053946441117134
outer loop
vertex -15.178679466247559 41.07864761352539 -14.100000381469727
vertex -15.633289337158203 40.70555877685547 -14.100000381469727
vertex -15.300000190734863 41.19996643066406 -13.928426742553711
endloop
endfacet
facet normal -0.6251162537351594 0.3341305037233585 -0.7053980973873508
outer loop
vertex -14.528361320495605 42.051918029785156 -14.100000381469727
vertex -15.300000190734863 41.863609313964844 -13.505379676818848
vertex -15.300000190734863 42.37154006958008 -13.264784812927246
endloop
endfacet
facet normal -0.705398171628179 0.06947545557421159 -0.705398171628179
outer loop
vertex -14.300000190734863 43.19996643066406 -14.100000381469727
vertex -14.357644081115723 42.61469650268555 -14.100000381469727
vertex -15.300000190734863 43.19996643066406 -13.100000381469727
endloop
endfacet
facet normal -0.6782900215377303 0.2057573371260381 -0.7053981605456222
outer loop
vertex -14.357644081115723 42.61469650268555 -14.100000381469727
vertex -14.528361320495605 42.051918029785156 -14.100000381469727
vertex -15.300000190734863 42.37154006958008 -13.264784812927246
endloop
endfacet
facet normal -0.4496641486850747 0.5479199652144302 -0.7053976645175009
outer loop
vertex -15.300000190734863 41.19996643066406 -13.928426742553711
vertex -15.633289337158203 40.70555877685547 -14.100000381469727
vertex -15.963643074035645 41.19996643066406 -13.505379676818848
endloop
endfacet
facet normal -0.33413096508092943 0.6251164025825714 -0.7053977469458711
outer loop
vertex -15.963643074035645 41.19996643066406 -13.505379676818848
vertex -16.151948928833008 40.42832946777344 -14.100000381469727
vertex -16.471572875976562 41.19996643066406 -13.264784812927246
endloop
endfacet
facet normal -0.547920828316427 0.44966698657937976 -0.7053951850400315
outer loop
vertex -14.805591583251953 41.53325653076172 -14.100000381469727
vertex -15.178679466247559 41.07864761352539 -14.100000381469727
vertex -15.300000190734863 41.19996643066406 -13.928426742553711
endloop
endfacet
facet normal -0.2057577585919845 0.6782900214248303 -0.7053980377167957
outer loop
vertex -16.471572875976562 41.19996643066406 -13.264784812927246
vertex -16.71472930908203 40.25761032104492 -14.100000381469727
vertex -16.902175903320312 41.19996643066406 -13.139182090759277
endloop
endfacet
facet normal -0.6251161849520122 0.33413146056491994 -0.705397705108115
outer loop
vertex -14.528361320495605 42.051918029785156 -14.100000381469727
vertex -14.805591583251953 41.53325653076172 -14.100000381469727
vertex -15.300000190734863 41.863609313964844 -13.505379676818848
endloop
endfacet
facet normal -0.0694748270470145 0.705398202580212 -0.705398202580212
outer loop
vertex -16.902175903320312 41.19996643066406 -13.139182090759277
vertex -17.299999237060547 40.19996643066406 -14.100000381469727
vertex -17.299999237060547 41.19996643066406 -13.100000381469727
endloop
endfacet
facet normal -0.7071067811865476 0 -0.7071067811865476
outer loop
vertex -57.20000076293945 40.19996643066406 -14.100000381469727
vertex -58.20000076293945 -37.680946350097656 -13.100000381469727
vertex -58.20000076293945 41.19996643066406 -13.100000381469727
endloop
endfacet
facet normal -0.7071067811865476 0 -0.7071067811865476
outer loop
vertex -58.20000076293945 -44.20003128051758 -13.100000381469727
vertex -58.20000076293945 -37.680946350097656 -13.100000381469727
vertex -57.20000076293945 -43.20003128051758 -14.100000381469727
endloop
endfacet
facet normal -0.7071067811865475 0 -0.7071067811865475
outer loop
vertex -57.20000076293945 -43.20003128051758 -14.100000381469727
vertex -58.20000076293945 -37.680946350097656 -13.100000381469727
vertex -57.20000076293945 40.19996643066406 -14.100000381469727
endloop
endfacet
facet normal 0 -0.7071067811865475 -0.7071067811865475
outer loop
vertex 57.20000076293945 -43.20003128051758 -14.100000381469727
vertex 58.20000076293945 -44.20003128051758 -13.100000381469727
vertex -58.20000076293945 -44.20003128051758 -13.100000381469727
endloop
endfacet
facet normal 0 -0.7071067811865475 -0.7071067811865475
outer loop
vertex -58.20000076293945 -44.20003128051758 -13.100000381469727
vertex -57.20000076293945 -43.20003128051758 -14.100000381469727
vertex 57.20000076293945 -43.20003128051758 -14.100000381469727
endloop
endfacet
facet normal -0.5555703047945764 0 -0.8314695643440363
outer loop
vertex 29.560659408569336 -41.70003128051758 -3.8893399238586426
vertex 29.560659408569336 -44.20003128051758 -3.8893399238586426
vertex 29.074024200439453 -41.70003128051758 -3.564180612564087
endloop
endfacet
facet normal 0 -1 0
outer loop
vertex 28.5 -41.70003128051758 -3.450000047683716
vertex 29.074024200439453 -41.70003128051758 -11.335819244384766
vertex 29.074024200439453 -41.70003128051758 -3.564180612564087
endloop
endfacet
facet normal 0.1950900960897925 0 0.9807853253427457
outer loop
vertex 15.92597484588623 -44.20003128051758 -11.335819244384766
vertex 16.5 -44.20003128051758 -11.449999809265137
vertex 16.5 -41.70003128051758 -11.449999809265137
endloop
endfacet
facet normal 0.5555700231666056 0 0.8314697525217963
outer loop
vertex 15.439339637756348 -44.20003128051758 -11.010660171508789
vertex 15.92597484588623 -44.20003128051758 -11.335819244384766
vertex 15.92597484588623 -41.70003128051758 -11.335819244384766
endloop
endfacet
facet normal 0.8314697525217963 0 0.5555700231666056
outer loop
vertex 15.114180564880371 -44.20003128051758 -10.524024963378906
vertex 15.439339637756348 -44.20003128051758 -11.010660171508789
vertex 15.439339637756348 -41.70003128051758 -11.010660171508789
endloop
endfacet
facet normal 0.1950900960897925 0 0.9807853253427457
outer loop
vertex 15.92597484588623 -41.70003128051758 -11.335819244384766
vertex 15.92597484588623 -44.20003128051758 -11.335819244384766
vertex 16.5 -41.70003128051758 -11.449999809265137
endloop
endfacet
facet normal 0.5555700231666056 0 0.8314697525217963
outer loop
vertex 15.439339637756348 -41.70003128051758 -11.010660171508789
vertex 15.439339637756348 -44.20003128051758 -11.010660171508789
vertex 15.92597484588623 -41.70003128051758 -11.335819244384766
endloop
endfacet
facet normal 0.8314697525217963 0 0.5555700231666056
outer loop
vertex 15.114180564880371 -44.20003128051758 -10.524024963378906
vertex 15.439339637756348 -41.70003128051758 -11.010660171508789
vertex 15.114180564880371 -41.70003128051758 -10.524024963378906
endloop
endfacet
facet normal 0 0 1
outer loop
vertex 16.5 -41.70003128051758 -11.449999809265137
vertex 16.5 -44.20003128051758 -11.449999809265137
vertex 28.5 -41.70003128051758 -11.449999809265137
endloop
endfacet
facet normal 0 0 1
outer loop
vertex 28.5 -41.70003128051758 -11.449999809265137
vertex 16.5 -44.20003128051758 -11.449999809265137
vertex 28.5 -44.20003128051758 -11.449999809265137
endloop
endfacet
facet normal 0 -1 0
outer loop
vertex 16.5 -41.70003128051758 -11.449999809265137
vertex 28.5 -41.70003128051758 -11.449999809265137
vertex 26.25 -41.70003128051758 -9.199999809265137
endloop
endfacet
facet normal -0.19509040787318935 0 0.9807852633251952
outer loop
vertex 28.5 -44.20003128051758 -11.449999809265137
vertex 29.074024200439453 -44.20003128051758 -11.335819244384766
vertex 29.074024200439453 -41.70003128051758 -11.335819244384766
endloop
endfacet
facet normal 0.9807853253427457 0 0.1950900960897925
outer loop
vertex 15 -44.20003128051758 -9.949999809265137
vertex 15.114180564880371 -44.20003128051758 -10.524024963378906
vertex 15.114180564880371 -41.70003128051758 -10.524024963378906
endloop
endfacet
facet normal 0 -1 0
outer loop
vertex 18.75 -41.70003128051758 -9.199999809265137
vertex 18.36731719970703 -41.70003128051758 -9.123879432678223
vertex 16.5 -41.70003128051758 -11.449999809265137
endloop
endfacet
facet normal 0 -1 0
outer loop
vertex 16.5 -41.70003128051758 -11.449999809265137
vertex 18.36731719970703 -41.70003128051758 -9.123879432678223
vertex 18.042892456054688 -41.70003128051758 -8.907106399536133
endloop
endfacet
facet normal 0 -1 0
outer loop
vertex 18.75 -41.70003128051758 -9.199999809265137
vertex 16.5 -41.70003128051758 -11.449999809265137
vertex 26.25 -41.70003128051758 -9.199999809265137
endloop
endfacet
facet normal 0 -1 0
outer loop
vertex 16.5 -41.70003128051758 -11.449999809265137
vertex 18.042892456054688 -41.70003128051758 -8.907106399536133
vertex 17.826120376586914 -41.70003128051758 -8.582683563232422
endloop
endfacet
facet normal 0 -1 0
outer loop
vertex 16.5 -41.70003128051758 -11.449999809265137
vertex 17.826120376586914 -41.70003128051758 -8.582683563232422
vertex 17.75 -41.70003128051758 -8.199999809265137
endloop
endfacet
facet normal -0.8314695010489662 0 -0.5555703995223135
outer loop
vertex 29.560659408569336 -41.70003128051758 -3.8893399238586426
vertex 29.885818481445312 -41.70003128051758 -4.375974655151367
vertex 29.885818481445312 -44.20003128051758 -4.375974655151367
endloop
endfacet
facet normal -0.5555703047945764 0 -0.8314695643440363
outer loop
vertex 29.074024200439453 -41.70003128051758 -3.564180612564087
vertex 29.560659408569336 -44.20003128051758 -3.8893399238586426
vertex 29.074024200439453 -44.20003128051758 -3.564180612564087
endloop
endfacet
facet normal -0.8314695010489662 0 -0.5555703995223135
outer loop
vertex 29.885818481445312 -44.20003128051758 -4.375974655151367
vertex 29.560659408569336 -44.20003128051758 -3.8893399238586426
vertex 29.560659408569336 -41.70003128051758 -3.8893399238586426
endloop
endfacet
facet normal -0.9807850135586839 0 -0.1950916635294606
outer loop
vertex 30 -41.70003128051758 -4.949999809265137
vertex 30 -44.20003128051758 -4.949999809265137
vertex 29.885818481445312 -41.70003128051758 -4.375974655151367
endloop
endfacet
facet normal -0.9807850135586839 0 -0.1950916635294606
outer loop
vertex 30 -44.20003128051758 -4.949999809265137
vertex 29.885818481445312 -44.20003128051758 -4.375974655151367
vertex 29.885818481445312 -41.70003128051758 -4.375974655151367
endloop
endfacet
facet normal 0 -1 0
outer loop
vertex 26.25 -41.70003128051758 -9.199999809265137
vertex 28.5 -41.70003128051758 -11.449999809265137
vertex 26.63268280029297 -41.70003128051758 -9.123879432678223
endloop
endfacet
facet normal 0 -1 0
outer loop
vertex 26.63268280029297 -41.70003128051758 -9.123879432678223
vertex 28.5 -41.70003128051758 -11.449999809265137
vertex 26.957107543945312 -41.70003128051758 -8.907106399536133
endloop
endfacet
facet normal 0 -1 0
outer loop
vertex 29.074024200439453 -41.70003128051758 -3.564180612564087
vertex 29.560659408569336 -41.70003128051758 -11.010660171508789
vertex 29.560659408569336 -41.70003128051758 -3.8893399238586426
endloop
endfacet
facet normal 0 -1 0
outer loop
vertex 26.957107543945312 -41.70003128051758 -8.907106399536133
vertex 28.5 -41.70003128051758 -11.449999809265137
vertex 27.173879623413086 -41.70003128051758 -8.582683563232422
endloop
endfacet
facet normal 0 -1 0
outer loop
vertex 27.173879623413086 -41.70003128051758 -8.582683563232422
vertex 28.5 -41.70003128051758 -11.449999809265137
vertex 27.25 -41.70003128051758 -8.199999809265137
endloop
endfacet
facet normal 0 -1 0
outer loop
vertex 29.560659408569336 -41.70003128051758 -3.8893399238586426
vertex 29.885818481445312 -41.70003128051758 -10.524024963378906
vertex 29.885818481445312 -41.70003128051758 -4.375974655151367
endloop
endfacet
facet normal 0 -1 0
outer loop
vertex 29.885818481445312 -41.70003128051758 -4.375974655151367
vertex 30 -41.70003128051758 -9.949999809265137
vertex 30 -41.70003128051758 -4.949999809265137
endloop
endfacet
facet normal -1 0 0
outer loop
vertex 30 -41.70003128051758 -4.949999809265137
vertex 30 -44.20003128051758 -9.949999809265137
vertex 30 -44.20003128051758 -4.949999809265137
endloop
endfacet
facet normal -0.19509040787318935 0 -0.9807852633251952
outer loop
vertex 28.5 -41.70003128051758 -3.450000047683716
vertex 29.074024200439453 -44.20003128051758 -3.564180612564087
vertex 28.5 -44.20003128051758 -3.450000047683716
endloop
endfacet
facet normal 1 0 0
outer loop
vertex 15 -44.20003128051758 -4.949999809265137
vertex 15 -44.20003128051758 -9.949999809265137
vertex 15 -41.70003128051758 -9.949999809265137
endloop
endfacet
facet normal 0 -1 0
outer loop
vertex 15.114180564880371 -41.70003128051758 -10.524024963378906
vertex 15.439339637756348 -41.70003128051758 -11.010660171508789
vertex 15.114180564880371 -41.70003128051758 -4.375974655151367
endloop
endfacet
facet normal 0 -1 0
outer loop
vertex 15.439339637756348 -41.70003128051758 -11.010660171508789
vertex 15.92597484588623 -41.70003128051758 -11.335819244384766
vertex 15.439339637756348 -41.70003128051758 -3.8893399238586426
endloop
endfacet
facet normal 0 -1 0
outer loop
vertex 15.92597484588623 -41.70003128051758 -11.335819244384766
vertex 16.5 -41.70003128051758 -11.449999809265137
vertex 15.92597484588623 -41.70003128051758 -3.564180612564087
endloop
endfacet
facet normal 0 -1 0
outer loop
vertex 15 -41.70003128051758 -9.949999809265137
vertex 15.114180564880371 -41.70003128051758 -10.524024963378906
vertex 15 -41.70003128051758 -4.949999809265137
endloop
endfacet
facet normal 0 0 -1
outer loop
vertex 28.5 -44.20003128051758 -3.450000047683716
vertex 16.5 -41.70003128051758 -3.450000047683716
vertex 28.5 -41.70003128051758 -3.450000047683716
endloop
endfacet
facet normal 0.9807853253427457 0 0.1950900960897925
outer loop
vertex 15 -44.20003128051758 -9.949999809265137
vertex 15.114180564880371 -41.70003128051758 -10.524024963378906
vertex 15 -41.70003128051758 -9.949999809265137
endloop
endfacet
facet normal 0 0 -1
outer loop
vertex 28.5 -44.20003128051758 -3.450000047683716
vertex 16.5 -44.20003128051758 -3.450000047683716
vertex 16.5 -41.70003128051758 -3.450000047683716
endloop
endfacet
facet normal 0.1950900960897925 0 -0.9807853253427457
outer loop
vertex 16.5 -44.20003128051758 -3.450000047683716
vertex 15.92597484588623 -41.70003128051758 -3.564180612564087
vertex 16.5 -41.70003128051758 -3.450000047683716
endloop
endfacet
facet normal 0 -1 0
outer loop
vertex 16.5 -41.70003128051758 -11.449999809265137
vertex 17.75 -41.70003128051758 -8.199999809265137
vertex 16.5 -41.70003128051758 -3.450000047683716
endloop
endfacet
facet normal -0.19509040787318935 0 -0.9807852633251952
outer loop
vertex 28.5 -41.70003128051758 -3.450000047683716
vertex 29.074024200439453 -41.70003128051758 -3.564180612564087
vertex 29.074024200439453 -44.20003128051758 -3.564180612564087
endloop
endfacet
facet normal 0 -1 0
outer loop
vertex 26.63268280029297 -41.70003128051758 -5.776120662689209
vertex 26.957107543945312 -41.70003128051758 -5.992893218994141
vertex 28.5 -41.70003128051758 -3.450000047683716
endloop
endfacet
facet normal 0 -1 0
outer loop
vertex 26.957107543945312 -41.70003128051758 -5.992893218994141
vertex 27.173879623413086 -41.70003128051758 -6.31731653213501
vertex 28.5 -41.70003128051758 -3.450000047683716
endloop
endfacet
facet normal 0 -1 0
outer loop
vertex 26.25 -41.70003128051758 -5.699999809265137
vertex 26.63268280029297 -41.70003128051758 -5.776120662689209
vertex 28.5 -41.70003128051758 -3.450000047683716
endloop
endfacet
facet normal 0 -1 0
outer loop
vertex 28.5 -41.70003128051758 -3.450000047683716
vertex 18.75 -41.70003128051758 -5.699999809265137
vertex 26.25 -41.70003128051758 -5.699999809265137
endloop
endfacet
facet normal 0 -1 0
outer loop
vertex 27.25 -41.70003128051758 -8.199999809265137
vertex 28.5 -41.70003128051758 -11.449999809265137
vertex 27.25 -41.70003128051758 -6.699999809265137
endloop
endfacet
facet normal 0 -1 0
outer loop
vertex 28.5 -41.70003128051758 -11.449999809265137
vertex 29.074024200439453 -41.70003128051758 -11.335819244384766
vertex 28.5 -41.70003128051758 -3.450000047683716
endloop
endfacet
facet normal 0 -1 0
outer loop
vertex 16.5 -41.70003128051758 -3.450000047683716
vertex 18.75 -41.70003128051758 -5.699999809265137
vertex 28.5 -41.70003128051758 -3.450000047683716
endloop
endfacet
facet normal 0.5555703047945764 0 -0.8314695643440363
outer loop
vertex 15.92597484588623 -41.70003128051758 -3.564180612564087
vertex 15.92597484588623 -44.20003128051758 -3.564180612564087
vertex 15.439339637756348 -41.70003128051758 -3.8893399238586426
endloop
endfacet
facet normal 0.8314695010489662 0 -0.5555703995223135
outer loop
vertex 15.439339637756348 -41.70003128051758 -3.8893399238586426
vertex 15.439339637756348 -44.20003128051758 -3.8893399238586426
vertex 15.114180564880371 -41.70003128051758 -4.375974655151367
endloop
endfacet
facet normal 0 -1 0
outer loop
vertex 27.25 -41.70003128051758 -6.699999809265137
vertex 28.5 -41.70003128051758 -11.449999809265137
vertex 28.5 -41.70003128051758 -3.450000047683716
endloop
endfacet
facet normal -0.5555700231666056 0 0.8314697525217963
outer loop
vertex 29.074024200439453 -44.20003128051758 -11.335819244384766
vertex 29.560659408569336 -44.20003128051758 -11.010660171508789
vertex 29.560659408569336 -41.70003128051758 -11.010660171508789
endloop
endfacet
facet normal -0.8314697525217963 0 0.5555700231666056
outer loop
vertex 29.560659408569336 -44.20003128051758 -11.010660171508789
vertex 29.885818481445312 -44.20003128051758 -10.524024963378906
vertex 29.885818481445312 -41.70003128051758 -10.524024963378906
endloop
endfacet
facet normal -0.5555700231666056 0 0.8314697525217963
outer loop
vertex 29.074024200439453 -41.70003128051758 -11.335819244384766
vertex 29.074024200439453 -44.20003128051758 -11.335819244384766
vertex 29.560659408569336 -41.70003128051758 -11.010660171508789
endloop
endfacet
facet normal -0.8314697525217963 0 0.5555700231666056
outer loop
vertex 29.560659408569336 -41.70003128051758 -11.010660171508789
vertex 29.560659408569336 -44.20003128051758 -11.010660171508789
vertex 29.885818481445312 -41.70003128051758 -10.524024963378906
endloop
endfacet
facet normal -0.9807850135586839 0 0.1950916635294606
outer loop
vertex 29.885818481445312 -44.20003128051758 -10.524024963378906
vertex 30 -44.20003128051758 -9.949999809265137
vertex 30 -41.70003128051758 -9.949999809265137
endloop
endfacet
facet normal -0.9807850135586839 0 0.1950916635294606
outer loop
vertex 29.885818481445312 -41.70003128051758 -10.524024963378906
vertex 29.885818481445312 -44.20003128051758 -10.524024963378906
vertex 30 -41.70003128051758 -9.949999809265137
endloop
endfacet
facet normal 0 -1 0
outer loop
vertex 29.074024200439453 -41.70003128051758 -11.335819244384766
vertex 29.560659408569336 -41.70003128051758 -11.010660171508789
vertex 29.074024200439453 -41.70003128051758 -3.564180612564087
endloop
endfacet
facet normal 0 -1 0
outer loop
vertex 29.560659408569336 -41.70003128051758 -11.010660171508789
vertex 29.885818481445312 -41.70003128051758 -10.524024963378906
vertex 29.560659408569336 -41.70003128051758 -3.8893399238586426
endloop
endfacet
facet normal -1 0 0
outer loop
vertex 30 -41.70003128051758 -9.949999809265137
vertex 30 -44.20003128051758 -9.949999809265137
vertex 30 -41.70003128051758 -4.949999809265137
endloop
endfacet
facet normal 0 -1 0
outer loop
vertex 29.885818481445312 -41.70003128051758 -10.524024963378906
vertex 30 -41.70003128051758 -9.949999809265137
vertex 29.885818481445312 -41.70003128051758 -4.375974655151367
endloop
endfacet
facet normal 1 0 0
outer loop
vertex 15 -44.20003128051758 -4.949999809265137
vertex 15 -41.70003128051758 -9.949999809265137
vertex 15 -41.70003128051758 -4.949999809265137
endloop
endfacet
facet normal 0 -1 0
outer loop
vertex 15 -41.70003128051758 -4.949999809265137
vertex 15.114180564880371 -41.70003128051758 -10.524024963378906
vertex 15.114180564880371 -41.70003128051758 -4.375974655151367
endloop
endfacet
facet normal 0 -1 0
outer loop
vertex 15.114180564880371 -41.70003128051758 -4.375974655151367
vertex 15.439339637756348 -41.70003128051758 -11.010660171508789
vertex 15.439339637756348 -41.70003128051758 -3.8893399238586426
endloop
endfacet
facet normal 0 -1 0
outer loop
vertex 15.439339637756348 -41.70003128051758 -3.8893399238586426
vertex 15.92597484588623 -41.70003128051758 -11.335819244384766
vertex 15.92597484588623 -41.70003128051758 -3.564180612564087
endloop
endfacet
facet normal 0.1950900960897925 0 -0.9807853253427457
outer loop
vertex 16.5 -44.20003128051758 -3.450000047683716
vertex 15.92597484588623 -44.20003128051758 -3.564180612564087
vertex 15.92597484588623 -41.70003128051758 -3.564180612564087
endloop
endfacet
facet normal 0.5555703047945764 0 -0.8314695643440363
outer loop
vertex 15.92597484588623 -44.20003128051758 -3.564180612564087
vertex 15.439339637756348 -44.20003128051758 -3.8893399238586426
vertex 15.439339637756348 -41.70003128051758 -3.8893399238586426
endloop
endfacet
facet normal 0.8314695010489662 0 -0.5555703995223135
outer loop
vertex 15.439339637756348 -44.20003128051758 -3.8893399238586426
vertex 15.114180564880371 -44.20003128051758 -4.375974655151367
vertex 15.114180564880371 -41.70003128051758 -4.375974655151367
endloop
endfacet
facet normal 0 -1 0
outer loop
vertex 15.92597484588623 -41.70003128051758 -3.564180612564087
vertex 16.5 -41.70003128051758 -11.449999809265137
vertex 16.5 -41.70003128051758 -3.450000047683716
endloop
endfacet
facet normal 0 -1 0
outer loop
vertex 16.5 -41.70003128051758 -3.450000047683716
vertex 17.75 -41.70003128051758 -8.199999809265137
vertex 17.75 -41.70003128051758 -6.699999809265137
endloop
endfacet
facet normal 0.9807853253427457 0 -0.1950900960897925
outer loop
vertex 15.114180564880371 -44.20003128051758 -4.375974655151367
vertex 15 -41.70003128051758 -4.949999809265137
vertex 15.114180564880371 -41.70003128051758 -4.375974655151367
endloop
endfacet
facet normal 0 -1 0
outer loop
vertex 16.5 -41.70003128051758 -3.450000047683716
vertex 18.36731719970703 -41.70003128051758 -5.776120662689209
vertex 18.75 -41.70003128051758 -5.699999809265137
endloop
endfacet
facet normal 0 -1 0
outer loop
vertex 16.5 -41.70003128051758 -3.450000047683716
vertex 17.75 -41.70003128051758 -6.699999809265137
vertex 17.826120376586914 -41.70003128051758 -6.31731653213501
endloop
endfacet
facet normal 0 -1 0
outer loop
vertex 16.5 -41.70003128051758 -3.450000047683716
vertex 18.042892456054688 -41.70003128051758 -5.992893218994141
vertex 18.36731719970703 -41.70003128051758 -5.776120662689209
endloop
endfacet
facet normal 0 -1 0
outer loop
vertex 16.5 -41.70003128051758 -3.450000047683716
vertex 17.826120376586914 -41.70003128051758 -6.31731653213501
vertex 18.042892456054688 -41.70003128051758 -5.992893218994141
endloop
endfacet
facet normal 0.9807853253427457 0 -0.1950900960897925
outer loop
vertex 15.114180564880371 -44.20003128051758 -4.375974655151367
vertex 15 -44.20003128051758 -4.949999809265137
vertex 15 -41.70003128051758 -4.949999809265137
endloop
endfacet
facet normal 0 -1 0
outer loop
vertex 27.25 -41.70003128051758 -6.699999809265137
vertex 28.5 -41.70003128051758 -3.450000047683716
vertex 27.173879623413086 -41.70003128051758 -6.31731653213501
endloop
endfacet
facet normal -0.19509040787318935 0 0.9807852633251952
outer loop
vertex 28.5 -41.70003128051758 -11.449999809265137
vertex 28.5 -44.20003128051758 -11.449999809265137
vertex 29.074024200439453 -41.70003128051758 -11.335819244384766
endloop
endfacet
facet normal -0.9807853098383859 0 -0.19509017403555012
outer loop
vertex 27.25 -40.500030517578125 -6.699999809265137
vertex 27.25 -41.70003128051758 -6.699999809265137
vertex 27.173879623413086 -40.500030517578125 -6.31731653213501
endloop
endfacet
facet normal -0.831470379496779 0 -0.5555690848305744
outer loop
vertex 27.173879623413086 -40.500030517578125 -6.31731653213501
vertex 27.173879623413086 -41.70003128051758 -6.31731653213501
vertex 26.957107543945312 -40.500030517578125 -5.992893218994141
endloop
endfacet
facet normal 0 0 -1
outer loop
vertex 26.25 -41.70003128051758 -5.699999809265137
vertex 18.75 -40.500030517578125 -5.699999809265137
vertex 26.25 -40.500030517578125 -5.699999809265137
endloop
endfacet
facet normal -0.831470379496779 0 -0.5555690848305744
outer loop
vertex 26.957107543945312 -40.500030517578125 -5.992893218994141
vertex 27.173879623413086 -41.70003128051758 -6.31731653213501
vertex 26.957107543945312 -41.70003128051758 -5.992893218994141
endloop
endfacet
facet normal -0.5555682361196549 0 -0.8314709465849636
outer loop
vertex 26.63268280029297 -41.70003128051758 -5.776120662689209
vertex 26.63268280029297 -40.500030517578125 -5.776120662689209
vertex 26.957107543945312 -41.70003128051758 -5.992893218994141
endloop
endfacet
facet normal -0.5555682361196549 0 -0.8314709465849636
outer loop
vertex 26.957107543945312 -40.500030517578125 -5.992893218994141
vertex 26.957107543945312 -41.70003128051758 -5.992893218994141
vertex 26.63268280029297 -40.500030517578125 -5.776120662689209
endloop
endfacet
facet normal -0.19509158345481065 0 -0.9807850294866326
outer loop
vertex 26.63268280029297 -40.500030517578125 -5.776120662689209
vertex 26.63268280029297 -41.70003128051758 -5.776120662689209
vertex 26.25 -40.500030517578125 -5.699999809265137
endloop
endfacet
facet normal -0.9807853098383859 0 -0.19509017403555012
outer loop
vertex 27.173879623413086 -41.70003128051758 -6.31731653213501
vertex 27.173879623413086 -40.500030517578125 -6.31731653213501
vertex 27.25 -41.70003128051758 -6.699999809265137
endloop
endfacet
facet normal -0.19509158345481065 0 -0.9807850294866326
outer loop
vertex 26.25 -40.500030517578125 -5.699999809265137
vertex 26.63268280029297 -41.70003128051758 -5.776120662689209
vertex 26.25 -41.70003128051758 -5.699999809265137
endloop
endfacet
facet normal 0 0 -1
outer loop
vertex 18.75 -41.70003128051758 -5.699999809265137
vertex 18.75 -40.500030517578125 -5.699999809265137
vertex 26.25 -41.70003128051758 -5.699999809265137
endloop
endfacet
facet normal 0.19509158345481065 0 -0.9807850294866326
outer loop
vertex 18.75 -41.70003128051758 -5.699999809265137
vertex 18.36731719970703 -40.500030517578125 -5.776120662689209
vertex 18.75 -40.500030517578125 -5.699999809265137
endloop
endfacet
facet normal 0.5555682361196549 0 -0.8314709465849636
outer loop
vertex 18.36731719970703 -41.70003128051758 -5.776120662689209
vertex 18.042892456054688 -40.500030517578125 -5.992893218994141
vertex 18.36731719970703 -40.500030517578125 -5.776120662689209
endloop
endfacet
facet normal 0.19509158345481065 0 -0.9807850294866326
outer loop
vertex 18.36731719970703 -41.70003128051758 -5.776120662689209
vertex 18.36731719970703 -40.500030517578125 -5.776120662689209
vertex 18.75 -41.70003128051758 -5.699999809265137
endloop
endfacet
facet normal 0.831470379496779 0 -0.5555690848305744
outer loop
vertex 18.042892456054688 -41.70003128051758 -5.992893218994141
vertex 17.826120376586914 -40.500030517578125 -6.31731653213501
vertex 18.042892456054688 -40.500030517578125 -5.992893218994141
endloop
endfacet
facet normal 0.5555682361196549 0 -0.8314709465849636
outer loop
vertex 18.042892456054688 -41.70003128051758 -5.992893218994141
vertex 18.042892456054688 -40.500030517578125 -5.992893218994141
vertex 18.36731719970703 -41.70003128051758 -5.776120662689209
endloop
endfacet
facet normal 0.9807853098383859 0 -0.19509017403555012
outer loop
vertex 17.826120376586914 -41.70003128051758 -6.31731653213501
vertex 17.75 -40.500030517578125 -6.699999809265137
vertex 17.826120376586914 -40.500030517578125 -6.31731653213501
endloop
endfacet
facet normal 0.831470379496779 0 -0.5555690848305744
outer loop
vertex 17.826120376586914 -41.70003128051758 -6.31731653213501
vertex 17.826120376586914 -40.500030517578125 -6.31731653213501
vertex 18.042892456054688 -41.70003128051758 -5.992893218994141
endloop
endfacet
facet normal 0.9807853098383859 0 -0.19509017403555012
outer loop
vertex 17.75 -41.70003128051758 -6.699999809265137
vertex 17.75 -40.500030517578125 -6.699999809265137
vertex 17.826120376586914 -41.70003128051758 -6.31731653213501
endloop
endfacet
facet normal -1 0 0
outer loop
vertex 27.25 -40.500030517578125 -6.699999809265137
vertex 27.25 -41.70003128051758 -8.199999809265137
vertex 27.25 -41.70003128051758 -6.699999809265137
endloop
endfacet
facet normal -1 0 0
outer loop
vertex 27.25 -40.500030517578125 -8.199999809265137
vertex 27.25 -41.70003128051758 -8.199999809265137
vertex 27.25 -40.500030517578125 -6.699999809265137
endloop
endfacet
facet normal -0.9807853563514094 0 0.1950899401984604
outer loop
vertex 27.25 -40.500030517578125 -8.199999809265137
vertex 27.173879623413086 -41.70003128051758 -8.582683563232422
vertex 27.25 -41.70003128051758 -8.199999809265137
endloop
endfacet
facet normal -0.9807853563514094 0 0.1950899401984604
outer loop
vertex 27.173879623413086 -40.500030517578125 -8.582683563232422
vertex 27.173879623413086 -41.70003128051758 -8.582683563232422
vertex 27.25 -40.500030517578125 -8.199999809265137
endloop
endfacet
facet normal -0.8314700022881474 0 0.5555696493644593
outer loop
vertex 26.957107543945312 -40.500030517578125 -8.907106399536133
vertex 26.957107543945312 -41.70003128051758 -8.907106399536133
vertex 27.173879623413086 -40.500030517578125 -8.582683563232422
endloop
endfacet
facet normal -0.8314700022881474 0 0.5555696493644593
outer loop
vertex 27.173879623413086 -41.70003128051758 -8.582683563232422
vertex 27.173879623413086 -40.500030517578125 -8.582683563232422
vertex 26.957107543945312 -41.70003128051758 -8.907106399536133
endloop
endfacet
facet normal 1 0 0
outer loop
vertex 17.75 -41.70003128051758 -6.699999809265137
vertex 17.75 -40.500030517578125 -8.199999809265137
vertex 17.75 -40.500030517578125 -6.699999809265137
endloop
endfacet
facet normal 1 0 0
outer loop
vertex 17.75 -41.70003128051758 -8.199999809265137
vertex 17.75 -40.500030517578125 -8.199999809265137
vertex 17.75 -41.70003128051758 -6.699999809265137
endloop
endfacet
facet normal 0.9807853563514094 0 0.1950899401984604
outer loop
vertex 17.75 -41.70003128051758 -8.199999809265137
vertex 17.826120376586914 -40.500030517578125 -8.582683563232422
vertex 17.75 -40.500030517578125 -8.199999809265137
endloop
endfacet
facet normal 0.8314700022881474 0 0.5555696493644593
outer loop
vertex 17.826120376586914 -41.70003128051758 -8.582683563232422
vertex 18.042892456054688 -40.500030517578125 -8.907106399536133
vertex 17.826120376586914 -40.500030517578125 -8.582683563232422
endloop
endfacet
facet normal 0.9807853563514094 0 0.1950899401984604
outer loop
vertex 17.826120376586914 -41.70003128051758 -8.582683563232422
vertex 17.826120376586914 -40.500030517578125 -8.582683563232422
vertex 17.75 -41.70003128051758 -8.199999809265137
endloop
endfacet
facet normal 0.8314700022881474 0 0.5555696493644593
outer loop
vertex 17.826120376586914 -41.70003128051758 -8.582683563232422
vertex 18.042892456054688 -41.70003128051758 -8.907106399536133
vertex 18.042892456054688 -40.500030517578125 -8.907106399536133
endloop
endfacet
facet normal -0.5555690810033217 0 0.83147038205406
outer loop
vertex 26.63268280029297 -40.500030517578125 -9.123879432678223
vertex 26.63268280029297 -41.70003128051758 -9.123879432678223
vertex 26.957107543945312 -40.500030517578125 -8.907106399536133
endloop
endfacet
facet normal -0.19509040787318935 0 0.9807852633251952
outer loop
vertex 26.25 -40.500030517578125 -9.199999809265137
vertex 26.25 -41.70003128051758 -9.199999809265137
vertex 26.63268280029297 -40.500030517578125 -9.123879432678223
endloop
endfacet
facet normal -0.5555690810033217 0 0.83147038205406
outer loop
vertex 26.957107543945312 -41.70003128051758 -8.907106399536133
vertex 26.957107543945312 -40.500030517578125 -8.907106399536133
vertex 26.63268280029297 -41.70003128051758 -9.123879432678223
endloop
endfacet
facet normal -0.19509040787318935 0 0.9807852633251952
outer loop
vertex 26.63268280029297 -41.70003128051758 -9.123879432678223
vertex 26.63268280029297 -40.500030517578125 -9.123879432678223
vertex 26.25 -41.70003128051758 -9.199999809265137
endloop
endfacet
facet normal 0 0 1
outer loop
vertex 26.25 -40.500030517578125 -9.199999809265137
vertex 18.75 -41.70003128051758 -9.199999809265137
vertex 26.25 -41.70003128051758 -9.199999809265137
endloop
endfacet
facet normal 0 0 1
outer loop
vertex 26.25 -40.500030517578125 -9.199999809265137
vertex 18.75 -40.500030517578125 -9.199999809265137
vertex 18.75 -41.70003128051758 -9.199999809265137
endloop
endfacet
facet normal 0.19509040787318935 0 0.9807852633251952
outer loop
vertex 18.36731719970703 -40.500030517578125 -9.123879432678223
vertex 18.36731719970703 -41.70003128051758 -9.123879432678223
vertex 18.75 -40.500030517578125 -9.199999809265137
endloop
endfacet
facet normal 0.5555690810033217 0 0.83147038205406
outer loop
vertex 18.36731719970703 -40.500030517578125 -9.123879432678223
vertex 18.042892456054688 -41.70003128051758 -8.907106399536133
vertex 18.36731719970703 -41.70003128051758 -9.123879432678223
endloop
endfacet
facet normal 0.19509040787318935 0 0.9807852633251952
outer loop
vertex 18.36731719970703 -41.70003128051758 -9.123879432678223
vertex 18.75 -41.70003128051758 -9.199999809265137
vertex 18.75 -40.500030517578125 -9.199999809265137
endloop
endfacet
facet normal 0.5555690810033217 0 0.83147038205406
outer loop
vertex 18.36731719970703 -40.500030517578125 -9.123879432678223
vertex 18.042892456054688 -40.500030517578125 -8.907106399536133
vertex 18.042892456054688 -41.70003128051758 -8.907106399536133
endloop
endfacet
facet normal 0.06097892785455547 -0.08708733468614809 0.9943326236702543
outer loop
vertex 52.80177688598633 -43.93849563598633 -0.4050999879837036
vertex 53.277870178222656 -43.605133056640625 -0.4050999879837036
vertex 52.58232116699219 -43.55838394165039 -0.3583499491214752
endloop
endfacet
facet normal 0.08715346341544244 -0.9961948975048472 0
outer loop
vertex 50.58918380737305 -45.578495025634766 -1.5
vertex 50.58918380737305 -45.578495025634766 -0.5
vertex 49.599998474121094 -45.665035247802734 -1.5
endloop
endfacet
facet normal -0.05019169434009487 -0.10763605797341061 -0.9929225915665406
outer loop
vertex 46.159088134765625 -44.20003128051758 -1.5949000120162964
vertex 46.46384048461914 -45.21757507324219 -1.5
vertex 45.20000076293945 -44.62823486328125 -1.5
endloop
endfacet
facet normal -0.027515762688915563 -0.1026900300925275 -0.9943327614653171
outer loop
vertex 46.736236572265625 -44.46916198730469 -1.5949000120162964
vertex 46.83419418334961 -44.20003128051758 -1.6254053115844727
vertex 48.05387496948242 -44.20003128051758 -1.6591570377349854
endloop
endfacet
facet normal -0.044929858244803354 -0.09635168648220108 -0.9943327714352663
outer loop
vertex 46.736236572265625 -44.46916198730469 -1.5949000120162964
vertex 46.159088134765625 -44.20003128051758 -1.5949000120162964
vertex 46.83419418334961 -44.20003128051758 -1.6254053115844727
endloop
endfacet
facet normal -0.05019191574544552 -0.10763612258682267 -0.9929225733702888
outer loop
vertex 46.159088134765625 -44.20003128051758 -1.5949000120162964
vertex 46.736236572265625 -44.46916198730469 -1.5949000120162964
vertex 46.46384048461914 -45.21757507324219 -1.5
endloop
endfacet
facet normal -0.0501915785178297 -0.10763631257218294 -0.992922569821913
outer loop
vertex 45.20000076293945 -44.62823486328125 -1.5
vertex 45.44722366333008 -44.20003128051758 -1.5589157342910767
vertex 46.159088134765625 -44.20003128051758 -1.5949000120162964
endloop
endfacet
facet normal 0.04492996573993881 -0.09635246026124106 0.9943326915978444
outer loop
vertex 51.8188362121582 -43.52018356323242 -0.32014966011047363
vertex 51.663761138916016 -44.46916198730469 -0.4050999879837036
vertex 52.80177688598633 -43.93849563598633 -0.4050999879837036
endloop
endfacet
facet normal -1 0 0
outer loop
vertex 44.70000076293945 -44.20003128051758 -1
vertex 44.70000076293945 -44.20003128051758 -1.5076520442962646
vertex 44.70000076293945 -44.278133392333984 -1.5
endloop
endfacet
facet normal -0.06811963910102185 -0.09728556540581122 -0.992922571771041
outer loop
vertex 44.70000076293945 -44.278133392333984 -1.5
vertex 45.44722366333008 -44.20003128051758 -1.5589157342910767
vertex 45.20000076293945 -44.62823486328125 -1.5
endloop
endfacet
facet normal -0.06812009337612583 -0.09728149645836451 -0.9929229392683246
outer loop
vertex 44.70000076293945 -44.20003128051758 -1.5076520442962646
vertex 45.44722366333008 -44.20003128051758 -1.5589157342910767
vertex 44.70000076293945 -44.278133392333984 -1.5
endloop
endfacet
facet normal 0.03966069924199264 -0.08505275285332775 0.9955867908764695
outer loop
vertex 51.3909797668457 -43.719696044921875 -0.32014966011047363
vertex 51.8188362121582 -43.52018356323242 -0.32014966011047363
vertex 51.310298919677734 -43.49803161621094 -0.2979988753795624
endloop
endfacet
facet normal -0.030738179222037084 -0.11471660153975158 -0.9929225879540073
outer loop
vertex 46.46384048461914 -45.21757507324219 -1.5
vertex 46.736236572265625 -44.46916198730469 -1.5949000120162964
vertex 47.810813903808594 -45.578495025634766 -1.5
endloop
endfacet
facet normal 0.02751579733167336 -0.1026902449704308 -0.9943327383150549
outer loop
vertex 50.45088577270508 -44.794151306152344 -1.5949000120162964
vertex 50.346126556396484 -44.20003128051758 -1.6591570377349854
vertex 51.663761138916016 -44.46916198730469 -1.5949000120162964
endloop
endfacet
facet normal 0.024289106274686563 -0.09064766472177342 0.9955867818512186
outer loop
vertex 50.21717071533203 -43.468692779541016 -0.2686587870121002
vertex 51.3909797668457 -43.719696044921875 -0.32014966011047363
vertex 51.310298919677734 -43.49803161621094 -0.2979988753795624
endloop
endfacet
facet normal 0.04492982200790331 -0.0963524375519863 0.9943327002930803
outer loop
vertex 51.3909797668457 -43.719696044921875 -0.32014966011047363
vertex 51.663761138916016 -44.46916198730469 -0.4050999879837036
vertex 51.8188362121582 -43.52018356323242 -0.32014966011047363
endloop
endfacet
facet normal 0.05019157339915261 -0.1076359953039573 0.9929226044736035
outer loop
vertex 51.663761138916016 -44.46916198730469 -0.4050999879837036
vertex 51.936161041259766 -45.21757507324219 -0.5
vertex 52.80177688598633 -43.93849563598633 -0.4050999879837036
endloop
endfacet
facet normal 0.027515879126116617 -0.10269055023112574 0.9943327045255755
outer loop
vertex 51.3909797668457 -43.719696044921875 -0.32014966011047363
vertex 50.45088577270508 -44.794151306152344 -0.4050999879837036
vertex 51.663761138916016 -44.46916198730469 -0.4050999879837036
endloop
endfacet
facet normal 1 0 0
outer loop
vertex 53.70000076293945 -44.278133392333984 -0.5
vertex 53.70000076293945 -44.20003128051758 -1
vertex 53.70000076293945 -43.637237548828125 -0.4372060298919678
endloop
endfacet
facet normal 0.0681199852083784 -0.09728500022181655 0.9929226034022246
outer loop
vertex 53.277870178222656 -43.605133056640625 -0.4050999879837036
vertex 53.70000076293945 -44.278133392333984 -0.5
vertex 53.70000076293945 -43.637237548828125 -0.4372060298919678
endloop
endfacet
facet normal 0.06811946999458696 -0.09728532389520796 0.9929226070355438
outer loop
vertex 53.20000076293945 -44.62823486328125 -0.5
vertex 53.70000076293945 -44.278133392333984 -0.5
vertex 53.277870178222656 -43.605133056640625 -0.4050999879837036
endloop
endfacet
facet normal 0.5735739099356075 -0.8191538132983204 0
outer loop
vertex 53.20000076293945 -44.62823486328125 -0.5
vertex 53.20000076293945 -44.62823486328125 -1.5
vertex 53.70000076293945 -44.278133392333984 -0.5
endloop
endfacet
facet normal 0.05019170657828703 -0.10763608421820625 0.9929225881028845
outer loop
vertex 51.936161041259766 -45.21757507324219 -0.5
vertex 53.20000076293945 -44.62823486328125 -0.5
vertex 52.80177688598633 -43.93849563598633 -0.4050999879837036
endloop
endfacet
facet normal 0.030738062168052558 -0.11471648956975991 0.9929226045140398
outer loop
vertex 51.663761138916016 -44.46916198730469 -0.4050999879837036
vertex 50.58918380737305 -45.578495025634766 -0.5
vertex 51.936161041259766 -45.21757507324219 -0.5
endloop
endfacet
facet normal 0.42261948047228126 -0.9063072187317825 0
outer loop
vertex 51.936161041259766 -45.21757507324219 -0.5
vertex 51.936161041259766 -45.21757507324219 -1.5
vertex 53.20000076293945 -44.62823486328125 -0.5
endloop
endfacet
facet normal 0.25881803504136525 -0.9659260969335732 0
outer loop
vertex 50.58918380737305 -45.578495025634766 -0.5
vertex 50.58918380737305 -45.578495025634766 -1.5
vertex 51.936161041259766 -45.21757507324219 -0.5
endloop
endfacet
facet normal 0.04492958099481958 -0.0963533503418611 0.9943326227322167
outer loop
vertex 51.8188362121582 -43.52018356323242 -0.32014966011047363
vertex 52.80177688598633 -43.93849563598633 -0.4050999879837036
vertex 52.58232116699219 -43.55838394165039 -0.3583499491214752
endloop
endfacet
facet normal 0.06811961075357942 -0.09728533362437468 0.9929225964255094
outer loop
vertex 52.80177688598633 -43.93849563598633 -0.4050999879837036
vertex 53.20000076293945 -44.62823486328125 -0.5
vertex 53.277870178222656 -43.605133056640625 -0.4050999879837036
endloop
endfacet
facet normal 1 0 0
outer loop
vertex 53.70000076293945 -44.278133392333984 -0.5
vertex 53.70000076293945 -44.278133392333984 -1.5
vertex 53.70000076293945 -44.20003128051758 -1
endloop
endfacet
facet normal 0.5735739099356075 -0.8191538132983204 0
outer loop
vertex 53.20000076293945 -44.62823486328125 -1.5
vertex 53.70000076293945 -44.278133392333984 -1.5
vertex 53.70000076293945 -44.278133392333984 -0.5
endloop
endfacet
facet normal 0.42261948047228126 -0.9063072187317825 0
outer loop
vertex 51.936161041259766 -45.21757507324219 -1.5
vertex 53.20000076293945 -44.62823486328125 -1.5
vertex 53.20000076293945 -44.62823486328125 -0.5
endloop
endfacet
facet normal 0.25881803504136525 -0.9659260969335732 0
outer loop
vertex 50.58918380737305 -45.578495025634766 -1.5
vertex 51.936161041259766 -45.21757507324219 -1.5
vertex 51.936161041259766 -45.21757507324219 -0.5
endloop
endfacet
facet normal 1 0 0
outer loop
vertex 53.70000076293945 -44.278133392333984 -1.5
vertex 53.70000076293945 -44.20003128051758 -1.5076520442962646
vertex 53.70000076293945 -44.20003128051758 -1
endloop
endfacet
facet normal 0.06811680533969541 -0.09728151834865552 -0.992923162695933
outer loop
vertex 53.20000076293945 -44.62823486328125 -1.5
vertex 53.70000076293945 -44.20003128051758 -1.5076520442962646
vertex 53.70000076293945 -44.278133392333984 -1.5
endloop
endfacet
facet normal 0.06812006781441063 -0.09728531718798292 -0.992922566679091
outer loop
vertex 53.20000076293945 -44.62823486328125 -1.5
vertex 52.95277786254883 -44.20003128051758 -1.5589157342910767
vertex 53.70000076293945 -44.20003128051758 -1.5076520442962646
endloop
endfacet
facet normal 0.05019165176549849 -0.10763596667221456 -0.9929226036160064
outer loop
vertex 51.936161041259766 -45.21757507324219 -1.5
vertex 51.663761138916016 -44.46916198730469 -1.5949000120162964
vertex 53.20000076293945 -44.62823486328125 -1.5
endloop
endfacet
facet normal 0.030738125009298393 -0.11471672409746315 -0.9929225754726594
outer loop
vertex 50.58918380737305 -45.578495025634766 -1.5
vertex 50.45088577270508 -44.794151306152344 -1.5949000120162964
vertex 51.936161041259766 -45.21757507324219 -1.5
endloop
endfacet
facet normal 0.050191616130828544 -0.10763629091773538 -0.9929225702680187
outer loop
vertex 52.95277786254883 -44.20003128051758 -1.5589157342910767
vertex 53.20000076293945 -44.62823486328125 -1.5
vertex 51.663761138916016 -44.46916198730469 -1.5949000120162964
endloop
endfacet
facet normal 0.050191579607739935 -0.10763611316511784 -0.9929225913832286
outer loop
vertex 51.663761138916016 -44.46916198730469 -1.5949000120162964
vertex 52.24091339111328 -44.20003128051758 -1.5949000120162964
vertex 52.95277786254883 -44.20003128051758 -1.5589157342910767
endloop
endfacet
facet normal 0.04492985548786129 -0.09635231741218338 -0.9943327104219903
outer loop
vertex 51.663761138916016 -44.46916198730469 -1.5949000120162964
vertex 51.5658073425293 -44.20003128051758 -1.6254053115844727
vertex 52.24091339111328 -44.20003128051758 -1.5949000120162964
endloop
endfacet
facet normal 0.027515761586896732 -0.10269041599209901 -0.994332721641837
outer loop
vertex 51.663761138916016 -44.46916198730469 -1.5949000120162964
vertex 50.346126556396484 -44.20003128051758 -1.6591570377349854
vertex 51.5658073425293 -44.20003128051758 -1.6254053115844727
endloop
endfacet
facet normal 0.030738209004710124 -0.11471643632919659 -0.9929226061194862
outer loop
vertex 50.45088577270508 -44.794151306152344 -1.5949000120162964
vertex 51.663761138916016 -44.46916198730469 -1.5949000120162964
vertex 51.936161041259766 -45.21757507324219 -1.5
endloop
endfacet
facet normal 0.02428896375848642 -0.09064831967446313 0.9955867256948212
outer loop
vertex 50.21717071533203 -43.468692779541016 -0.2686587870121002
vertex 50.3123893737793 -44.00870132446289 -0.32014966011047363
vertex 51.3909797668457 -43.719696044921875 -0.32014966011047363
endloop
endfacet
facet normal 0.008179506342845125 -0.09348886896505197 0.9955867250298301
outer loop
vertex 50.21717071533203 -43.468692779541016 -0.2686587870121002
vertex 49.599998474121094 -44.07102966308594 -0.32014966011047363
vertex 50.3123893737793 -44.00870132446289 -0.32014966011047363
endloop
endfacet
facet normal 0.008179080891097194 -0.09348843680247414 0.9955867691065439
outer loop
vertex 49.599998474121094 -43.463096618652344 -0.2630630135536194
vertex 49.599998474121094 -44.07102966308594 -0.32014966011047363
vertex 50.21717071533203 -43.468692779541016 -0.2686587870121002
endloop
endfacet
facet normal 0.02751557527983731 -0.10269028719358086 0.9943327400991679
outer loop
vertex 50.3123893737793 -44.00870132446289 -0.32014966011047363
vertex 50.45088577270508 -44.794151306152344 -0.4050999879837036
vertex 51.3909797668457 -43.719696044921875 -0.32014966011047363
endloop
endfacet
facet normal 0.009265870475473848 -0.10590821106363409 0.9943327383092807
outer loop
vertex 50.3123893737793 -44.00870132446289 -0.32014966011047363
vertex 49.599998474121094 -44.868595123291016 -0.4050999879837036
vertex 50.45088577270508 -44.794151306152344 -0.4050999879837036
endloop
endfacet
facet normal 0.030738278794330765 -0.11471669678733101 0.9929225738671498
outer loop
vertex 50.45088577270508 -44.794151306152344 -0.4050999879837036
vertex 50.58918380737305 -45.578495025634766 -0.5
vertex 51.663761138916016 -44.46916198730469 -0.4050999879837036
endloop
endfacet
facet normal 0.009266113974887503 -0.1059084104716486 0.9943327148008223
outer loop
vertex 49.599998474121094 -44.07102966308594 -0.32014966011047363
vertex 49.599998474121094 -44.868595123291016 -0.4050999879837036
vertex 50.3123893737793 -44.00870132446289 -0.32014966011047363
endloop
endfacet
facet normal 0.010351066355380807 -0.11831191933894265 0.9929225272737253
outer loop
vertex 49.599998474121094 -44.868595123291016 -0.4050999879837036
vertex 49.599998474121094 -45.665035247802734 -0.5
vertex 50.45088577270508 -44.794151306152344 -0.4050999879837036
endloop
endfacet
facet normal -0.00817912649437792 -0.093488935643527 0.995586721889173
outer loop
vertex 48.182830810546875 -43.468692779541016 -0.2686587870121002
vertex 48.08761215209961 -44.00870132446289 -0.32014966011047363
vertex 48.79999923706055 -43.463096618652344 -0.2630630135536194
endloop
endfacet
facet normal -0.008179512302810383 -0.09348843647256462 0.9955867655932372
outer loop
vertex 48.08761215209961 -44.00870132446289 -0.32014966011047363
vertex 48.79999923706055 -44.07102966308594 -0.32014966011047363
vertex 48.79999923706055 -43.463096618652344 -0.2630630135536194
endloop
endfacet
facet normal -0.02428908775082375 -0.09064829771335713 0.9955867246693797
outer loop
vertex 48.182830810546875 -43.468692779541016 -0.2686587870121002
vertex 47.08970260620117 -43.49803161621094 -0.2979988753795624
vertex 48.08761215209961 -44.00870132446289 -0.32014966011047363
endloop
endfacet
facet normal -0.024288816462904723 -0.09064776995578805 0.9955867793401407
outer loop
vertex 47.08970260620117 -43.49803161621094 -0.2979988753795624
vertex 47.0090217590332 -43.719696044921875 -0.32014966011047363
vertex 48.08761215209961 -44.00870132446289 -0.32014966011047363
endloop
endfacet
facet normal -0.009266141981937422 -0.1059081634642787 0.9943327408490551
outer loop
vertex 48.08761215209961 -44.00870132446289 -0.32014966011047363
vertex 47.94911575317383 -44.794151306152344 -0.4050999879837036
vertex 48.79999923706055 -44.07102966308594 -0.32014966011047363
endloop
endfacet
facet normal -0.009265929478457342 -0.10590841065271965 0.9943327165008277
outer loop
vertex 47.94911575317383 -44.794151306152344 -0.4050999879837036
vertex 48.79999923706055 -44.868595123291016 -0.4050999879837036
vertex 48.79999923706055 -44.07102966308594 -0.32014966011047363
endloop
endfacet
facet normal -0.0275157154434847 -0.1026902623370251 0.994332738787568
outer loop
vertex 48.08761215209961 -44.00870132446289 -0.32014966011047363
vertex 46.736236572265625 -44.46916198730469 -0.4050999879837036
vertex 47.94911575317383 -44.794151306152344 -0.4050999879837036
endloop
endfacet
facet normal -0.010351066279839425 -0.11831138805961072 0.9929225905790836
outer loop
vertex 47.94911575317383 -44.794151306152344 -0.4050999879837036
vertex 47.810813903808594 -45.578495025634766 -0.5
vertex 48.79999923706055 -44.868595123291016 -0.4050999879837036
endloop
endfacet
facet normal 0.010350643268564422 -0.11831151173975897 0.9929225802517435
outer loop
vertex 49.599998474121094 -45.665035247802734 -0.5
vertex 50.58918380737305 -45.578495025634766 -0.5
vertex 50.45088577270508 -44.794151306152344 -0.4050999879837036
endloop
endfacet
facet normal 0.08715346341544244 -0.9961948975048472 0
outer loop
vertex 49.599998474121094 -45.665035247802734 -1.5
vertex 50.58918380737305 -45.578495025634766 -0.5
vertex 49.599998474121094 -45.665035247802734 -0.5
endloop
endfacet
facet normal -0.010350678969440938 -0.11831191981339857 0.9929225312555555
outer loop
vertex 47.810813903808594 -45.578495025634766 -0.5
vertex 48.79999923706055 -45.665035247802734 -0.5
vertex 48.79999923706055 -44.868595123291016 -0.4050999879837036
endloop
endfacet
facet normal -0.030738170396299697 -0.11471656860160676 0.9929225920327128
outer loop
vertex 47.94911575317383 -44.794151306152344 -0.4050999879837036
vertex 46.46384048461914 -45.21757507324219 -0.5
vertex 47.810813903808594 -45.578495025634766 -0.5
endloop
endfacet
facet normal -0.08715346341544244 -0.9961948975048472 0
outer loop
vertex 47.810813903808594 -45.578495025634766 -0.5
vertex 47.810813903808594 -45.578495025634766 -1.5
vertex 48.79999923706055 -45.665035247802734 -0.5
endloop
endfacet
facet normal -0.5735739099356075 -0.8191538132983204 0
outer loop
vertex 45.20000076293945 -44.62823486328125 -1.5
vertex 45.20000076293945 -44.62823486328125 -0.5
vertex 44.70000076293945 -44.278133392333984 -1.5
endloop
endfacet
facet normal -1 0 0
outer loop
vertex 44.70000076293945 -44.20003128051758 -1
vertex 44.70000076293945 -44.278133392333984 -1.5
vertex 44.70000076293945 -44.278133392333984 -0.5
endloop
endfacet
facet normal -0.42261948047228126 -0.9063072187317825 0
outer loop
vertex 46.46384048461914 -45.21757507324219 -1.5
vertex 46.46384048461914 -45.21757507324219 -0.5
vertex 45.20000076293945 -44.62823486328125 -1.5
endloop
endfacet
facet normal -0.030738148798137778 -0.11471657243725038 -0.9929225922581844
outer loop
vertex 47.810813903808594 -45.578495025634766 -1.5
vertex 46.736236572265625 -44.46916198730469 -1.5949000120162964
vertex 47.94911575317383 -44.794151306152344 -1.5949000120162964
endloop
endfacet
facet normal -0.027515714715842476 -0.10269025962142168 -0.9943327390881591
outer loop
vertex 47.94911575317383 -44.794151306152344 -1.5949000120162964
vertex 46.736236572265625 -44.46916198730469 -1.5949000120162964
vertex 48.05387496948242 -44.20003128051758 -1.6591570377349854
endloop
endfacet
facet normal -0.010351112756509179 -0.1183119192821111 -0.9929225267967715
outer loop
vertex 47.94911575317383 -44.794151306152344 -1.5949000120162964
vertex 48.79999923706055 -44.868595123291016 -1.5949000120162964
vertex 48.79999923706055 -45.665035247802734 -1.5
endloop
endfacet
facet normal -0.0092659044802313 -0.10590812492613437 -0.9943327471670605
outer loop
vertex 48.79999923706055 -44.868595123291016 -1.5949000120162964
vertex 47.94911575317383 -44.794151306152344 -1.5949000120162964
vertex 48.79999923706055 -44.20003128051758 -1.6661099195480347
endloop
endfacet
facet normal -0.009265853322310233 -0.10590819732606105 -0.9943327399323396
outer loop
vertex 47.94911575317383 -44.794151306152344 -1.5949000120162964
vertex 48.05387496948242 -44.20003128051758 -1.6591570377349854
vertex 48.79999923706055 -44.20003128051758 -1.6661099195480347
endloop
endfacet
facet normal -0.010350638992505296 -0.11831146286289146 -0.992922586120232
outer loop
vertex 47.810813903808594 -45.578495025634766 -1.5
vertex 47.94911575317383 -44.794151306152344 -1.5949000120162964
vertex 48.79999923706055 -45.665035247802734 -1.5
endloop
endfacet
facet normal 0.009265862942902197 -0.10590812496689979 -0.9943327475497922
outer loop
vertex 49.599998474121094 -44.20003128051758 -1.6661099195480347
vertex 50.45088577270508 -44.794151306152344 -1.5949000120162964
vertex 49.599998474121094 -44.868595123291016 -1.5949000120162964
endloop
endfacet
facet normal 0.01035102485037157 -0.11831144493977097 -0.9929225842334389
outer loop
vertex 49.599998474121094 -44.868595123291016 -1.5949000120162964
vertex 50.45088577270508 -44.794151306152344 -1.5949000120162964
vertex 50.58918380737305 -45.578495025634766 -1.5
endloop
endfacet
facet normal 0.00926580594504671 -0.10590820563200387 -0.99433273948915
outer loop
vertex 50.45088577270508 -44.794151306152344 -1.5949000120162964
vertex 49.599998474121094 -44.20003128051758 -1.6661099195480347
vertex 50.346126556396484 -44.20003128051758 -1.6591570377349854
endloop
endfacet
facet normal -0.03966039704839357 -0.0850528631067259 0.9955867934958319
outer loop
vertex 47.08970260620117 -43.49803161621094 -0.2979988753795624
vertex 46.58116149902344 -43.52018356323242 -0.32014966011047363
vertex 47.0090217590332 -43.719696044921875 -0.32014966011047363
endloop
endfacet
facet normal -0.2588187189266581 -0.9659259136875683 0
outer loop
vertex 46.46384048461914 -45.21757507324219 -1.5
vertex 47.810813903808594 -45.578495025634766 -1.5
vertex 47.810813903808594 -45.578495025634766 -0.5
endloop
endfacet
facet normal -0.08715346341544244 -0.9961948975048472 0
outer loop
vertex 47.810813903808594 -45.578495025634766 -1.5
vertex 48.79999923706055 -45.665035247802734 -1.5
vertex 48.79999923706055 -45.665035247802734 -0.5
endloop
endfacet
facet normal -0.02751563263342054 -0.10269050124165631 0.9943327164060931
outer loop
vertex 47.0090217590332 -43.719696044921875 -0.32014966011047363
vertex 46.736236572265625 -44.46916198730469 -0.4050999879837036
vertex 48.08761215209961 -44.00870132446289 -0.32014966011047363
endloop
endfacet
facet normal -0.044929708987724734 -0.09635305423934903 0.994332645641803
outer loop
vertex 46.58116149902344 -43.52018356323242 -0.32014966011047363
vertex 45.59822082519531 -43.93849563598633 -0.4050999879837036
vertex 47.0090217590332 -43.719696044921875 -0.32014966011047363
endloop
endfacet
facet normal -0.04492984564579062 -0.09635220271894271 0.9943327219806523
outer loop
vertex 45.59822082519531 -43.93849563598633 -0.4050999879837036
vertex 46.736236572265625 -44.46916198730469 -0.4050999879837036
vertex 47.0090217590332 -43.719696044921875 -0.32014966011047363
endloop
endfacet
facet normal -0.04492983746721477 -0.09635275701113633 0.9943326686383801
outer loop
vertex 46.58116149902344 -43.52018356323242 -0.32014966011047363
vertex 45.81768035888672 -43.55838394165039 -0.3583499491214752
vertex 45.59822082519531 -43.93849563598633 -0.4050999879837036
endloop
endfacet
facet normal -0.0609786261601738 -0.0870869038199372 0.9943326799088295
outer loop
vertex 45.81768035888672 -43.55838394165039 -0.3583499491214752
vertex 45.122127532958984 -43.605133056640625 -0.4050999879837036
vertex 45.59822082519531 -43.93849563598633 -0.4050999879837036
endloop
endfacet
facet normal -0.030738158599630198 -0.1147166090169944 0.9929225877285429
outer loop
vertex 46.736236572265625 -44.46916198730469 -0.4050999879837036
vertex 46.46384048461914 -45.21757507324219 -0.5
vertex 47.94911575317383 -44.794151306152344 -0.4050999879837036
endloop
endfacet
facet normal -0.05019173482004852 -0.10763634147160292 0.9929225587881275
outer loop
vertex 45.59822082519531 -43.93849563598633 -0.4050999879837036
vertex 45.20000076293945 -44.62823486328125 -0.5
vertex 46.736236572265625 -44.46916198730469 -0.4050999879837036
endloop
endfacet
facet normal -0.0681197482257337 -0.09728552995586051 0.992922567757864
outer loop
vertex 45.122127532958984 -43.605133056640625 -0.4050999879837036
vertex 44.70000076293945 -44.278133392333984 -0.5
vertex 45.59822082519531 -43.93849563598633 -0.4050999879837036
endloop
endfacet
facet normal -0.0501917523134086 -0.10763618229714661 0.9929225751589118
outer loop
vertex 45.20000076293945 -44.62823486328125 -0.5
vertex 46.46384048461914 -45.21757507324219 -0.5
vertex 46.736236572265625 -44.46916198730469 -0.4050999879837036
endloop
endfacet
facet normal -0.2588187189266581 -0.9659259136875683 0
outer loop
vertex 46.46384048461914 -45.21757507324219 -0.5
vertex 46.46384048461914 -45.21757507324219 -1.5
vertex 47.810813903808594 -45.578495025634766 -0.5
endloop
endfacet
facet normal -0.42261948047228126 -0.9063072187317825 0
outer loop
vertex 45.20000076293945 -44.62823486328125 -0.5
vertex 45.20000076293945 -44.62823486328125 -1.5
vertex 46.46384048461914 -45.21757507324219 -0.5
endloop
endfacet
facet normal -0.06812059794204042 -0.09728499614224934 0.9929225617648244
outer loop
vertex 45.122127532958984 -43.605133056640625 -0.4050999879837036
vertex 44.70000076293945 -43.637237548828125 -0.4372060298919678
vertex 44.70000076293945 -44.278133392333984 -0.5
endloop
endfacet
facet normal -1 0 0
outer loop
vertex 44.70000076293945 -43.637237548828125 -0.4372060298919678
vertex 44.70000076293945 -44.20003128051758 -1
vertex 44.70000076293945 -44.278133392333984 -0.5
endloop
endfacet
facet normal -0.06811970065101544 -0.0972856533088889 0.9929225589357303
outer loop
vertex 44.70000076293945 -44.278133392333984 -0.5
vertex 45.20000076293945 -44.62823486328125 -0.5
vertex 45.59822082519531 -43.93849563598633 -0.4050999879837036
endloop
endfacet
facet normal -0.5735739099356075 -0.8191538132983204 0
outer loop
vertex 44.70000076293945 -44.278133392333984 -0.5
vertex 44.70000076293945 -44.278133392333984 -1.5
vertex 45.20000076293945 -44.62823486328125 -0.5
endloop
endfacet
facet normal 0.010350678969440938 -0.11831191981339857 -0.9929225312555555
outer loop
vertex 49.599998474121094 -44.868595123291016 -1.5949000120162964
vertex 50.58918380737305 -45.578495025634766 -1.5
vertex 49.599998474121094 -45.665035247802734 -1.5
endloop
endfacet
facet normal -0.06811963910102185 -0.09728556540581122 -0.992922571771041
outer loop
vertex -53.70000076293945 -44.278133392333984 -1.5
vertex -52.95277786254883 -44.20003128051758 -1.5589157342910767
vertex -53.20000076293945 -44.62823486328125 -1.5
endloop
endfacet
facet normal -0.0501915785178297 -0.10763631257218294 -0.992922569821913
outer loop
vertex -52.95277786254883 -44.20003128051758 -1.5589157342910767
vertex -52.24091339111328 -44.20003128051758 -1.5949000120162964
vertex -53.20000076293945 -44.62823486328125 -1.5
endloop
endfacet
facet normal 0.008179549480028555 -0.09348886139276409 0.995586725386487
outer loop
vertex -48.79999923706055 -44.07102966308594 -0.32014966011047363
vertex -48.08761215209961 -44.00870132446289 -0.32014966011047363
vertex -48.182830810546875 -43.468692779541016 -0.2686587870121002
endloop
endfacet
facet normal -0.050191531744763214 -0.10763601052270612 -0.9929226049294428
outer loop
vertex -52.24091339111328 -44.20003128051758 -1.5949000120162964
vertex -51.663761138916016 -44.46916198730469 -1.5949000120162964
vertex -51.936161041259766 -45.21757507324219 -1.5
endloop
endfacet
facet normal -0.02751579733167336 -0.1026902449704308 -0.9943327383150549
outer loop
vertex -50.45088577270508 -44.794151306152344 -1.5949000120162964
vertex -51.663761138916016 -44.46916198730469 -1.5949000120162964
vertex -50.346126556396484 -44.20003128051758 -1.6591570377349854
endloop
endfacet
facet normal -0.00926580594504671 -0.10590820563200387 -0.99433273948915
outer loop
vertex -50.45088577270508 -44.794151306152344 -1.5949000120162964
vertex -50.346126556396484 -44.20003128051758 -1.6591570377349854
vertex -49.599998474121094 -44.20003128051758 -1.6661099195480347
endloop
endfacet
facet normal -0.009265862942902197 -0.10590812496689979 -0.9943327475497922
outer loop
vertex -49.599998474121094 -44.868595123291016 -1.5949000120162964
vertex -50.45088577270508 -44.794151306152344 -1.5949000120162964
vertex -49.599998474121094 -44.20003128051758 -1.6661099195480347
endloop
endfacet
facet normal -0.010350643268564422 -0.11831151173975897 -0.9929225802517435
outer loop
vertex -50.58918380737305 -45.578495025634766 -1.5
vertex -50.45088577270508 -44.794151306152344 -1.5949000120162964
vertex -49.599998474121094 -45.665035247802734 -1.5
endloop
endfacet
facet normal 0.0092659044802313 -0.10590812492613437 -0.9943327471670605
outer loop
vertex -48.79999923706055 -44.20003128051758 -1.6661099195480347
vertex -47.94911575317383 -44.794151306152344 -1.5949000120162964
vertex -48.79999923706055 -44.868595123291016 -1.5949000120162964
endloop
endfacet
facet normal 0.009265853322310233 -0.10590819732606105 -0.9943327399323396
outer loop
vertex -47.94911575317383 -44.794151306152344 -1.5949000120162964
vertex -48.79999923706055 -44.20003128051758 -1.6661099195480347
vertex -48.05387496948242 -44.20003128051758 -1.6591570377349854
endloop
endfacet
facet normal 0.010351066279839425 -0.11831138805961072 -0.9929225905790836
outer loop
vertex -48.79999923706055 -44.868595123291016 -1.5949000120162964
vertex -47.94911575317383 -44.794151306152344 -1.5949000120162964
vertex -47.810813903808594 -45.578495025634766 -1.5
endloop
endfacet
facet normal 0.027515762057422326 -0.10269025122592364 -0.9943327386451459
outer loop
vertex -47.94911575317383 -44.794151306152344 -1.5949000120162964
vertex -48.05387496948242 -44.20003128051758 -1.6591570377349854
vertex -46.83419418334961 -44.20003128051758 -1.6254053115844727
endloop
endfacet
facet normal 0.010350678969440938 -0.11831191981339857 -0.9929225312555555
outer loop
vertex -48.79999923706055 -44.868595123291016 -1.5949000120162964
vertex -47.810813903808594 -45.578495025634766 -1.5
vertex -48.79999923706055 -45.665035247802734 -1.5
endloop
endfacet
facet normal 0.030738170396299697 -0.11471656860160676 -0.9929225920327128
outer loop
vertex -47.810813903808594 -45.578495025634766 -1.5
vertex -47.94911575317383 -44.794151306152344 -1.5949000120162964
vertex -46.46384048461914 -45.21757507324219 -1.5
endloop
endfacet
facet normal -0.08715346341544244 -0.9961948975048472 0
outer loop
vertex -50.58918380737305 -45.578495025634766 -1.5
vertex -49.599998474121094 -45.665035247802734 -1.5
vertex -49.599998474121094 -45.665035247802734 -0.5
endloop
endfacet
facet normal 0.08715346341544244 -0.9961948975048472 0
outer loop
vertex -47.810813903808594 -45.578495025634766 -1.5
vertex -47.810813903808594 -45.578495025634766 -0.5
vertex -48.79999923706055 -45.665035247802734 -1.5
endloop
endfacet
facet normal 0.030738158599630198 -0.1147166090169944 -0.9929225877285429
outer loop
vertex -46.46384048461914 -45.21757507324219 -1.5
vertex -47.94911575317383 -44.794151306152344 -1.5949000120162964
vertex -46.736236572265625 -44.46916198730469 -1.5949000120162964
endloop
endfacet
facet normal 0.027515662914882624 -0.10269006629720422 -0.9943327604872679
outer loop
vertex -46.736236572265625 -44.46916198730469 -1.5949000120162964
vertex -47.94911575317383 -44.794151306152344 -1.5949000120162964
vertex -46.83419418334961 -44.20003128051758 -1.6254053115844727
endloop
endfacet
facet normal 0.044929858244803354 -0.09635168648220108 -0.9943327714352663
outer loop
vertex -46.736236572265625 -44.46916198730469 -1.5949000120162964
vertex -46.83419418334961 -44.20003128051758 -1.6254053115844727
vertex -46.159088134765625 -44.20003128051758 -1.5949000120162964
endloop
endfacet
facet normal 0.05019178879530628 -0.10763585034336379 -0.9929226092996313
outer loop
vertex -46.159088134765625 -44.20003128051758 -1.5949000120162964
vertex -45.20000076293945 -44.62823486328125 -1.5
vertex -46.736236572265625 -44.46916198730469 -1.5949000120162964
endloop
endfacet
facet normal 0.0501915785178297 -0.10763631257218294 -0.992922569821913
outer loop
vertex -45.20000076293945 -44.62823486328125 -1.5
vertex -46.159088134765625 -44.20003128051758 -1.5949000120162964
vertex -45.44722366333008 -44.20003128051758 -1.5589157342910767
endloop
endfacet
facet normal 0.0501917523134086 -0.10763618229714661 -0.9929225751589118
outer loop
vertex -46.46384048461914 -45.21757507324219 -1.5
vertex -46.736236572265625 -44.46916198730469 -1.5949000120162964
vertex -45.20000076293945 -44.62823486328125 -1.5
endloop
endfacet
facet normal 0.06811963910102185 -0.09728556540581122 -0.992922571771041
outer loop
vertex -45.20000076293945 -44.62823486328125 -1.5
vertex -45.44722366333008 -44.20003128051758 -1.5589157342910767
vertex -44.70000076293945 -44.278133392333984 -1.5
endloop
endfacet
facet normal 0.06812009337612583 -0.09728149645836451 -0.9929229392683246
outer loop
vertex -44.70000076293945 -44.278133392333984 -1.5
vertex -45.44722366333008 -44.20003128051758 -1.5589157342910767
vertex -44.70000076293945 -44.20003128051758 -1.5076520442962646
endloop
endfacet
facet normal 1 0 0
outer loop
vertex -44.70000076293945 -44.278133392333984 -1.5
vertex -44.70000076293945 -44.20003128051758 -1.5076520442962646
vertex -44.70000076293945 -44.20003128051758 -1
endloop
endfacet
facet normal 0.2588187189266581 -0.9659259136875683 0
outer loop
vertex -47.810813903808594 -45.578495025634766 -1.5
vertex -46.46384048461914 -45.21757507324219 -1.5
vertex -46.46384048461914 -45.21757507324219 -0.5
endloop
endfacet
facet normal 0.42261948047228126 -0.9063072187317825 0
outer loop
vertex -46.46384048461914 -45.21757507324219 -1.5
vertex -45.20000076293945 -44.62823486328125 -1.5
vertex -45.20000076293945 -44.62823486328125 -0.5
endloop
endfacet
facet normal 0.5735739099356075 -0.8191538132983204 0
outer loop
vertex -45.20000076293945 -44.62823486328125 -1.5
vertex -44.70000076293945 -44.278133392333984 -1.5
vertex -44.70000076293945 -44.278133392333984 -0.5
endloop
endfacet
facet normal 1 0 0
outer loop
vertex -44.70000076293945 -44.278133392333984 -0.5
vertex -44.70000076293945 -44.278133392333984 -1.5
vertex -44.70000076293945 -44.20003128051758 -1
endloop
endfacet
facet normal -0.08715346341544244 -0.9961948975048472 0
outer loop
vertex -50.58918380737305 -45.578495025634766 -0.5
vertex -50.58918380737305 -45.578495025634766 -1.5
vertex -49.599998474121094 -45.665035247802734 -0.5
endloop
endfacet
facet normal -0.010350678969440938 -0.11831191981339857 0.9929225312555555
outer loop
vertex -50.58918380737305 -45.578495025634766 -0.5
vertex -49.599998474121094 -45.665035247802734 -0.5
vertex -49.599998474121094 -44.868595123291016 -0.4050999879837036
endloop
endfacet
facet normal 0.08715346341544244 -0.9961948975048472 0
outer loop
vertex -48.79999923706055 -45.665035247802734 -0.5
vertex -48.79999923706055 -45.665035247802734 -1.5
vertex -47.810813903808594 -45.578495025634766 -0.5
endloop
endfacet
facet normal 0.2588187189266581 -0.9659259136875683 0
outer loop
vertex -47.810813903808594 -45.578495025634766 -0.5
vertex -47.810813903808594 -45.578495025634766 -1.5
vertex -46.46384048461914 -45.21757507324219 -0.5
endloop
endfacet
facet normal 0.010350638992505296 -0.11831146286289146 0.992922586120232
outer loop
vertex -48.79999923706055 -45.665035247802734 -0.5
vertex -47.810813903808594 -45.578495025634766 -0.5
vertex -47.94911575317383 -44.794151306152344 -0.4050999879837036
endloop
endfacet
facet normal -0.01035102485037157 -0.11831144493977097 0.9929225842334389
outer loop
vertex -50.45088577270508 -44.794151306152344 -0.4050999879837036
vertex -50.58918380737305 -45.578495025634766 -0.5
vertex -49.599998474121094 -44.868595123291016 -0.4050999879837036
endloop
endfacet
facet normal -0.027515798059301662 -0.10269024768597372 0.9943327380144704
outer loop
vertex -50.3123893737793 -44.00870132446289 -0.32014966011047363
vertex -51.663761138916016 -44.46916198730469 -0.4050999879837036
vertex -50.45088577270508 -44.794151306152344 -0.4050999879837036
endloop
endfacet
facet normal -0.009266093113356001 -0.10590817203171062 0.9943327403919255
outer loop
vertex -50.3123893737793 -44.00870132446289 -0.32014966011047363
vertex -50.45088577270508 -44.794151306152344 -0.4050999879837036
vertex -49.599998474121094 -44.07102966308594 -0.32014966011047363
endloop
endfacet
facet normal -0.009265887941016196 -0.10590841069348539 0.9943327168835613
outer loop
vertex -49.599998474121094 -44.07102966308594 -0.32014966011047363
vertex -50.45088577270508 -44.794151306152344 -0.4050999879837036
vertex -49.599998474121094 -44.868595123291016 -0.4050999879837036
endloop
endfacet
facet normal -0.02428908775082375 -0.09064829771335713 0.9955867246693797
outer loop
vertex -50.21717071533203 -43.468692779541016 -0.2686587870121002
vertex -51.310298919677734 -43.49803161621094 -0.2979988753795624
vertex -50.3123893737793 -44.00870132446289 -0.32014966011047363
endloop
endfacet
facet normal -0.00817907585538693 -0.09348894453267777 0.9955867214704692
outer loop
vertex -50.21717071533203 -43.468692779541016 -0.2686587870121002
vertex -50.3123893737793 -44.00870132446289 -0.32014966011047363
vertex -49.599998474121094 -43.463096618652344 -0.2630630135536194
endloop
endfacet
facet normal -0.008179468506243537 -0.09348843650605757 0.9955867659499137
outer loop
vertex -49.599998474121094 -43.463096618652344 -0.2630630135536194
vertex -50.3123893737793 -44.00870132446289 -0.32014966011047363
vertex -49.599998474121094 -44.07102966308594 -0.32014966011047363
endloop
endfacet
facet normal 0.010351112756509179 -0.1183119192821111 0.9929225267967715
outer loop
vertex -48.79999923706055 -44.868595123291016 -0.4050999879837036
vertex -48.79999923706055 -45.665035247802734 -0.5
vertex -47.94911575317383 -44.794151306152344 -0.4050999879837036
endloop
endfacet
facet normal 0.009265911388858374 -0.1059082038908745 0.9943327386920048
outer loop
vertex -48.79999923706055 -44.868595123291016 -0.4050999879837036
vertex -47.94911575317383 -44.794151306152344 -0.4050999879837036
vertex -48.08761215209961 -44.00870132446289 -0.32014966011047363
endloop
endfacet
facet normal 0.009266163588904103 -0.10590841042295511 0.9943327143436581
outer loop
vertex -48.79999923706055 -44.07102966308594 -0.32014966011047363
vertex -48.79999923706055 -44.868595123291016 -0.4050999879837036
vertex -48.08761215209961 -44.00870132446289 -0.32014966011047363
endloop
endfacet
facet normal 0.030738148798137778 -0.11471657243725038 0.9929225922581844
outer loop
vertex -47.94911575317383 -44.794151306152344 -0.4050999879837036
vertex -47.810813903808594 -45.578495025634766 -0.5
vertex -46.736236572265625 -44.46916198730469 -0.4050999879837036
endloop
endfacet
facet normal 0.02751557527983731 -0.10269028719358086 0.9943327400991679
outer loop
vertex -48.08761215209961 -44.00870132446289 -0.32014966011047363
vertex -47.94911575317383 -44.794151306152344 -0.4050999879837036
vertex -47.0090217590332 -43.719696044921875 -0.32014966011047363
endloop
endfacet
facet normal -0.024288816462904723 -0.09064776995578805 0.9955867793401407
outer loop
vertex -51.310298919677734 -43.49803161621094 -0.2979988753795624
vertex -51.3909797668457 -43.719696044921875 -0.32014966011047363
vertex -50.3123893737793 -44.00870132446289 -0.32014966011047363
endloop
endfacet
facet normal 0.008179131442338807 -0.09348843676381743 0.995586768694877
outer loop
vertex -48.79999923706055 -43.463096618652344 -0.2630630135536194
vertex -48.79999923706055 -44.07102966308594 -0.32014966011047363
vertex -48.182830810546875 -43.468692779541016 -0.2686587870121002
endloop
endfacet
facet normal -0.03966069924199264 -0.08505275285332775 0.9955867908764695
outer loop
vertex -51.310298919677734 -43.49803161621094 -0.2979988753795624
vertex -51.8188362121582 -43.52018356323242 -0.32014966011047363
vertex -51.3909797668457 -43.719696044921875 -0.32014966011047363
endloop
endfacet
facet normal 0.024289106274686563 -0.09064766472177342 0.9955867818512186
outer loop
vertex -48.182830810546875 -43.468692779541016 -0.2686587870121002
vertex -47.0090217590332 -43.719696044921875 -0.32014966011047363
vertex -47.08970260620117 -43.49803161621094 -0.2979988753795624
endloop
endfacet
facet normal 0.42261948047228126 -0.9063072187317825 0
outer loop
vertex -46.46384048461914 -45.21757507324219 -0.5
vertex -46.46384048461914 -45.21757507324219 -1.5
vertex -45.20000076293945 -44.62823486328125 -0.5
endloop
endfacet
facet normal 0.030738179222037084 -0.11471660153975158 0.9929225879540073
outer loop
vertex -46.736236572265625 -44.46916198730469 -0.4050999879837036
vertex -47.810813903808594 -45.578495025634766 -0.5
vertex -46.46384048461914 -45.21757507324219 -0.5
endloop
endfacet
facet normal 0.05019180712641518 -0.1076362998436059 0.9929225596456968
outer loop
vertex -46.46384048461914 -45.21757507324219 -0.5
vertex -45.20000076293945 -44.62823486328125 -0.5
vertex -45.59822082519531 -43.93849563598633 -0.4050999879837036
endloop
endfacet
facet normal 0.5735739099356075 -0.8191538132983204 0
outer loop
vertex -45.20000076293945 -44.62823486328125 -0.5
vertex -45.20000076293945 -44.62823486328125 -1.5
vertex -44.70000076293945 -44.278133392333984 -0.5
endloop
endfacet
facet normal 0.0681196551996702 -0.09728558839721468 0.9929225684139151
outer loop
vertex -45.20000076293945 -44.62823486328125 -0.5
vertex -44.70000076293945 -44.278133392333984 -0.5
vertex -45.122127532958984 -43.605133056640625 -0.4050999879837036
endloop
endfacet
facet normal 1 0 0
outer loop
vertex -44.70000076293945 -44.278133392333984 -0.5
vertex -44.70000076293945 -44.20003128051758 -1
vertex -44.70000076293945 -43.637237548828125 -0.4372060298919678
endloop
endfacet
facet normal 0.06812059794204042 -0.09728499614224934 0.9929225617648244
outer loop
vertex -45.122127532958984 -43.605133056640625 -0.4050999879837036
vertex -44.70000076293945 -44.278133392333984 -0.5
vertex -44.70000076293945 -43.637237548828125 -0.4372060298919678
endloop
endfacet
facet normal 0.027515766447171405 -0.10269045268577248 0.9943327177177748
outer loop
vertex -47.0090217590332 -43.719696044921875 -0.32014966011047363
vertex -47.94911575317383 -44.794151306152344 -0.4050999879837036
vertex -46.736236572265625 -44.46916198730469 -0.4050999879837036
endloop
endfacet
facet normal 0.05019167394674883 -0.10763621092861023 0.9929225760165568
outer loop
vertex -46.736236572265625 -44.46916198730469 -0.4050999879837036
vertex -46.46384048461914 -45.21757507324219 -0.5
vertex -45.59822082519531 -43.93849563598633 -0.4050999879837036
endloop
endfacet
facet normal 0.04492938956454648 -0.09635236922714858 0.9943327264541143
outer loop
vertex -47.0090217590332 -43.719696044921875 -0.32014966011047363
vertex -46.736236572265625 -44.46916198730469 -0.4050999879837036
vertex -46.58116149902344 -43.52018356323242 -0.32014966011047363
endloop
endfacet
facet normal 0.03966039704839357 -0.0850528631067259 0.9955867934958319
outer loop
vertex -47.08970260620117 -43.49803161621094 -0.2979988753795624
vertex -47.0090217590332 -43.719696044921875 -0.32014966011047363
vertex -46.58116149902344 -43.52018356323242 -0.32014966011047363
endloop
endfacet
facet normal 0.04492996573993881 -0.09635246026124106 0.9943326915978444
outer loop
vertex -46.58116149902344 -43.52018356323242 -0.32014966011047363
vertex -46.736236572265625 -44.46916198730469 -0.4050999879837036
vertex -45.59822082519531 -43.93849563598633 -0.4050999879837036
endloop
endfacet
facet normal 0.04492983746721477 -0.09635275701113633 0.9943326686383801
outer loop
vertex -45.59822082519531 -43.93849563598633 -0.4050999879837036
vertex -45.81768035888672 -43.55838394165039 -0.3583499491214752
vertex -46.58116149902344 -43.52018356323242 -0.32014966011047363
endloop
endfacet
facet normal 0.0609786261601738 -0.0870869038199372 0.9943326799088295
outer loop
vertex -45.81768035888672 -43.55838394165039 -0.3583499491214752
vertex -45.59822082519531 -43.93849563598633 -0.4050999879837036
vertex -45.122127532958984 -43.605133056640625 -0.4050999879837036
endloop
endfacet
facet normal 0.06811979595942606 -0.09728559812695156 0.992922557803743
outer loop
vertex -45.59822082519531 -43.93849563598633 -0.4050999879837036
vertex -45.20000076293945 -44.62823486328125 -0.5
vertex -45.122127532958984 -43.605133056640625 -0.4050999879837036
endloop
endfacet
facet normal -0.027515666438836437 -0.10269062740612252 0.99433270244087
outer loop
vertex -51.3909797668457 -43.719696044921875 -0.32014966011047363
vertex -51.663761138916016 -44.46916198730469 -0.4050999879837036
vertex -50.3123893737793 -44.00870132446289 -0.32014966011047363
endloop
endfacet
facet normal -0.04492990169117645 -0.0963526084335357 0.9943326801338047
outer loop
vertex -51.8188362121582 -43.52018356323242 -0.32014966011047363
vertex -52.80177688598633 -43.93849563598633 -0.4050999879837036
vertex -51.3909797668457 -43.719696044921875 -0.32014966011047363
endloop
endfacet
facet normal -0.04492993578162218 -0.09635239601553189 0.9943326991770538
outer loop
vertex -52.80177688598633 -43.93849563598633 -0.4050999879837036
vertex -51.663761138916016 -44.46916198730469 -0.4050999879837036
vertex -51.3909797668457 -43.719696044921875 -0.32014966011047363
endloop
endfacet
facet normal -0.04492958099481958 -0.0963533503418611 0.9943326227322167
outer loop
vertex -51.8188362121582 -43.52018356323242 -0.32014966011047363
vertex -52.58232116699219 -43.55838394165039 -0.3583499491214752
vertex -52.80177688598633 -43.93849563598633 -0.4050999879837036
endloop
endfacet
facet normal -0.030738209004710124 -0.11471643632919659 0.9929226061194862
outer loop
vertex -51.663761138916016 -44.46916198730469 -0.4050999879837036
vertex -51.936161041259766 -45.21757507324219 -0.5
vertex -50.45088577270508 -44.794151306152344 -0.4050999879837036
endloop
endfacet
facet normal -0.050191634272210156 -0.1076361258464307 0.9929225872452777
outer loop
vertex -52.80177688598633 -43.93849563598633 -0.4050999879837036
vertex -53.20000076293945 -44.62823486328125 -0.5
vertex -51.663761138916016 -44.46916198730469 -0.4050999879837036
endloop
endfacet
facet normal -0.06097892785455547 -0.08708733468614809 0.9943326236702543
outer loop
vertex -52.58232116699219 -43.55838394165039 -0.3583499491214752
vertex -53.277870178222656 -43.605133056640625 -0.4050999879837036
vertex -52.80177688598633 -43.93849563598633 -0.4050999879837036
endloop
endfacet
facet normal -0.06811956302014474 -0.09728526545365165 0.9929226063795491
outer loop
vertex -53.277870178222656 -43.605133056640625 -0.4050999879837036
vertex -53.70000076293945 -44.278133392333984 -0.5
vertex -52.80177688598633 -43.93849563598633 -0.4050999879837036
endloop
endfacet
facet normal -0.030738125009298393 -0.11471672409746315 0.9929225754726594
outer loop
vertex -51.936161041259766 -45.21757507324219 -0.5
vertex -50.58918380737305 -45.578495025634766 -0.5
vertex -50.45088577270508 -44.794151306152344 -0.4050999879837036
endloop
endfacet
facet normal -0.05019165176549849 -0.10763596667221456 0.9929226036160064
outer loop
vertex -53.20000076293945 -44.62823486328125 -0.5
vertex -51.936161041259766 -45.21757507324219 -0.5
vertex -51.663761138916016 -44.46916198730469 -0.4050999879837036
endloop
endfacet
facet normal -0.25881803504136525 -0.9659260969335732 0
outer loop
vertex -51.936161041259766 -45.21757507324219 -0.5
vertex -51.936161041259766 -45.21757507324219 -1.5
vertex -50.58918380737305 -45.578495025634766 -0.5
endloop
endfacet
facet normal -0.0681199852083784 -0.09728500022181655 0.9929226034022246
outer loop
vertex -53.277870178222656 -43.605133056640625 -0.4050999879837036
vertex -53.70000076293945 -43.637237548828125 -0.4372060298919678
vertex -53.70000076293945 -44.278133392333984 -0.5
endloop
endfacet
facet normal -1 0 0
outer loop
vertex -53.70000076293945 -43.637237548828125 -0.4372060298919678
vertex -53.70000076293945 -44.20003128051758 -1
vertex -53.70000076293945 -44.278133392333984 -0.5
endloop
endfacet
facet normal -0.06811951544568683 -0.09728538880653174 0.9929225975574365
outer loop
vertex -53.70000076293945 -44.278133392333984 -0.5
vertex -53.20000076293945 -44.62823486328125 -0.5
vertex -52.80177688598633 -43.93849563598633 -0.4050999879837036
endloop
endfacet
facet normal -0.42261948047228126 -0.9063072187317825 0
outer loop
vertex -53.20000076293945 -44.62823486328125 -0.5
vertex -53.20000076293945 -44.62823486328125 -1.5
vertex -51.936161041259766 -45.21757507324219 -0.5
endloop
endfacet
facet normal -0.5735739099356075 -0.8191538132983204 0
outer loop
vertex -53.70000076293945 -44.278133392333984 -0.5
vertex -53.70000076293945 -44.278133392333984 -1.5
vertex -53.20000076293945 -44.62823486328125 -0.5
endloop
endfacet
facet normal -0.25881803504136525 -0.9659260969335732 0
outer loop
vertex -51.936161041259766 -45.21757507324219 -1.5
vertex -50.58918380737305 -45.578495025634766 -1.5
vertex -50.58918380737305 -45.578495025634766 -0.5
endloop
endfacet
facet normal -0.42261948047228126 -0.9063072187317825 0
outer loop
vertex -51.936161041259766 -45.21757507324219 -1.5
vertex -51.936161041259766 -45.21757507324219 -0.5
vertex -53.20000076293945 -44.62823486328125 -1.5
endloop
endfacet
facet normal -1 0 0
outer loop
vertex -53.70000076293945 -44.20003128051758 -1
vertex -53.70000076293945 -44.20003128051758 -1.5076520442962646
vertex -53.70000076293945 -44.278133392333984 -0.5
endloop
endfacet
facet normal -0.5735739099356075 -0.8191538132983204 0
outer loop
vertex -53.20000076293945 -44.62823486328125 -1.5
vertex -53.20000076293945 -44.62823486328125 -0.5
vertex -53.70000076293945 -44.278133392333984 -1.5
endloop
endfacet
facet normal -1 0 0
outer loop
vertex -53.70000076293945 -44.20003128051758 -1.5076520442962646
vertex -53.70000076293945 -44.278133392333984 -1.5
vertex -53.70000076293945 -44.278133392333984 -0.5
endloop
endfacet
facet normal -0.030738062168052558 -0.11471648956975991 -0.9929226045140398
outer loop
vertex -51.936161041259766 -45.21757507324219 -1.5
vertex -51.663761138916016 -44.46916198730469 -1.5949000120162964
vertex -50.58918380737305 -45.578495025634766 -1.5
endloop
endfacet
facet normal -0.05019169434009487 -0.10763605797341061 -0.9929225915665406
outer loop
vertex -52.24091339111328 -44.20003128051758 -1.5949000120162964
vertex -51.936161041259766 -45.21757507324219 -1.5
vertex -53.20000076293945 -44.62823486328125 -1.5
endloop
endfacet
facet normal -0.027515761586896732 -0.10269041599209901 -0.994332721641837
outer loop
vertex -51.663761138916016 -44.46916198730469 -1.5949000120162964
vertex -51.5658073425293 -44.20003128051758 -1.6254053115844727
vertex -50.346126556396484 -44.20003128051758 -1.6591570377349854
endloop
endfacet
facet normal -0.04492985548786129 -0.09635231741218338 -0.9943327104219903
outer loop
vertex -51.663761138916016 -44.46916198730469 -1.5949000120162964
vertex -52.24091339111328 -44.20003128051758 -1.5949000120162964
vertex -51.5658073425293 -44.20003128051758 -1.6254053115844727
endloop
endfacet
facet normal 0.02428896375848642 -0.09064831967446313 0.9955867256948212
outer loop
vertex -48.182830810546875 -43.468692779541016 -0.2686587870121002
vertex -48.08761215209961 -44.00870132446289 -0.32014966011047363
vertex -47.0090217590332 -43.719696044921875 -0.32014966011047363
endloop
endfacet
facet normal -0.030738278794330765 -0.11471669678733101 -0.9929225738671498
outer loop
vertex -50.58918380737305 -45.578495025634766 -1.5
vertex -51.663761138916016 -44.46916198730469 -1.5949000120162964
vertex -50.45088577270508 -44.794151306152344 -1.5949000120162964
endloop
endfacet
facet normal -0.06812009337612583 -0.09728149645836451 -0.9929229392683246
outer loop
vertex -53.70000076293945 -44.20003128051758 -1.5076520442962646
vertex -52.95277786254883 -44.20003128051758 -1.5589157342910767
vertex -53.70000076293945 -44.278133392333984 -1.5
endloop
endfacet
facet normal -0.010351066355380807 -0.11831191933894265 -0.9929225272737253
outer loop
vertex -50.45088577270508 -44.794151306152344 -1.5949000120162964
vertex -49.599998474121094 -44.868595123291016 -1.5949000120162964
vertex -49.599998474121094 -45.665035247802734 -1.5
endloop
endfacet
facet normal -1 0 0
outer loop
vertex 49.599998474121094 -44.868595123291016 -1.5949000120162964
vertex 49.599998474121094 -45.665035247802734 -1.5
vertex 49.599998474121094 -44.868595123291016 -0.4050999879837036
endloop
endfacet
facet normal 0.5555707707654927 0.8314692529919772 0
outer loop
vertex 43.3464469909668 -42.85358428955078 0
vertex 43.50865936279297 -42.961971282958984 0
vertex 43.50865936279297 -42.961971282958984 -4
endloop
endfacet
facet normal 0.83146321751404 0.5555798033776966 0
outer loop
vertex 43.238059997558594 -42.691375732421875 0
vertex 43.3464469909668 -42.85358428955078 0
vertex 43.3464469909668 -42.85358428955078 -4
endloop
endfacet
facet normal -0.5555707707654927 -0.831469252991977 0
outer loop
vertex 54.89134216308594 -41.03809356689453 -5
vertex 55.05355453491211 -41.146480560302734 -5
vertex 55.05355453491211 -41.146480560302734 0
endloop
endfacet
facet normal 1 0 0
outer loop
vertex 48.79999923706055 -44.868595123291016 -1.5949000120162964
vertex 48.79999923706055 -44.20003128051758 -1.6661099195480347
vertex 48.79999923706055 -44.07102966308594 -0.32014966011047363
endloop
endfacet
facet normal -0.9807869428222868 0.19508196428504695 0
outer loop
vertex 55.20000076293945 -42.500030517578125 -4
vertex 55.16194152832031 -42.691375732421875 -4
vertex 55.16194152832031 -42.691375732421875 0
endloop
endfacet
facet normal -0.83146321751404 0.5555798033776966 0
outer loop
vertex 55.16194152832031 -42.691375732421875 -4
vertex 55.05355453491211 -42.85358428955078 -4
vertex 55.05355453491211 -42.85358428955078 0
endloop
endfacet
facet normal -0.5555707707654927 0.8314692529919772 0
outer loop
vertex 55.05355453491211 -42.85358428955078 -4
vertex 54.89134216308594 -42.961971282958984 -4
vertex 54.89134216308594 -42.961971282958984 0
endloop
endfacet
facet normal -0.19508570553829574 0.9807861986664705 0
outer loop
vertex 54.89134216308594 -42.961971282958984 -4
vertex 54.70000076293945 -43.000030517578125 -4
vertex 54.70000076293945 -43.000030517578125 0
endloop
endfacet
facet normal 0 1 0
outer loop
vertex 54.70000076293945 -43.000030517578125 -4
vertex 49.599998474121094 -43.000030517578125 -4
vertex 54.70000076293945 -43.000030517578125 0
endloop
endfacet
facet normal -1 0 0
outer loop
vertex 49.599998474121094 -44.20003128051758 -4
vertex 49.599998474121094 -44.20003128051758 -1.6661099195480347
vertex 49.599998474121094 -43.463096618652344 -0.2630630135536194
endloop
endfacet
facet normal 0.007192554448326422 0.9999741332457094 0
outer loop
vertex 43.50865936279297 -42.961971282958984 -4
vertex 43.50865936279297 -42.961971282958984 0
vertex 48.79999923706055 -43.000030517578125 0
endloop
endfacet
facet normal -1 0 0
outer loop
vertex 55.20000076293945 -41.500030517578125 -5
vertex 55.20000076293945 -42.500030517578125 -4
vertex 55.20000076293945 -42.500030517578125 0
endloop
endfacet
facet normal 1 0 0
outer loop
vertex 48.79999923706055 -45.665035247802734 -1.5
vertex 48.79999923706055 -44.868595123291016 -1.5949000120162964
vertex 48.79999923706055 -44.868595123291016 -0.4050999879837036
endloop
endfacet
facet normal -1 0 0
outer loop
vertex 49.599998474121094 -43.20003128051758 0
vertex 49.599998474121094 -43.000030517578125 0
vertex 49.599998474121094 -43.000030517578125 -4
endloop
endfacet
facet normal 1 0 0
outer loop
vertex 43.20000076293945 -44.20003128051758 -5
vertex 43.20000076293945 -41.500030517578125 -5
vertex 43.20000076293945 -42.500030517578125 -4
endloop
endfacet
facet normal 1 0 0
outer loop
vertex 48.79999923706055 -45.665035247802734 -0.5
vertex 48.79999923706055 -45.665035247802734 -1.5
vertex 48.79999923706055 -44.868595123291016 -0.4050999879837036
endloop
endfacet
facet normal 1 0 0
outer loop
vertex 48.79999923706055 -44.868595123291016 -0.4050999879837036
vertex 48.79999923706055 -44.868595123291016 -1.5949000120162964
vertex 48.79999923706055 -44.07102966308594 -0.32014966011047363
endloop
endfacet
facet normal 0 0 1
outer loop
vertex 43.20000076293945 -41.500030517578125 -5
vertex 43.20000076293945 -44.20003128051758 -5
vertex 43.238059997558594 -41.30868911743164 -5
endloop
endfacet
facet normal 0 0 1
outer loop
vertex 43.238059997558594 -41.30868911743164 -5
vertex 43.20000076293945 -44.20003128051758 -5
vertex 43.3464469909668 -41.146480560302734 -5
endloop
endfacet
facet normal 1 0 0
outer loop
vertex 48.79999923706055 -44.07102966308594 -0.32014966011047363
vertex 48.79999923706055 -44.20003128051758 -1.6661099195480347
vertex 48.79999923706055 -43.463096618652344 -0.2630630135536194
endloop
endfacet
facet normal 1 0 0
outer loop
vertex 48.79999923706055 -43.463096618652344 -0.2630630135536194
vertex 48.79999923706055 -44.20003128051758 -1.6661099195480347
vertex 48.79999923706055 -43.20003128051758 0
endloop
endfacet
facet normal 1 0 0
outer loop
vertex 48.79999923706055 -43.000030517578125 0
vertex 48.79999923706055 -43.20003128051758 0
vertex 48.79999923706055 -44.20003128051758 -1.6661099195480347
endloop
endfacet
facet normal 0 0 1
outer loop
vertex 43.3464469909668 -41.146480560302734 -5
vertex 43.20000076293945 -44.20003128051758 -5
vertex 43.50865936279297 -41.03809356689453 -5
endloop
endfacet
facet normal -1 0 0
outer loop
vertex 49.599998474121094 -44.868595123291016 -0.4050999879837036
vertex 49.599998474121094 -45.665035247802734 -1.5
vertex 49.599998474121094 -45.665035247802734 -0.5
endloop
endfacet
facet normal -1 0 0
outer loop
vertex 49.599998474121094 -44.20003128051758 -1.6661099195480347
vertex 49.599998474121094 -44.868595123291016 -0.4050999879837036
vertex 49.599998474121094 -44.07102966308594 -0.32014966011047363
endloop
endfacet
facet normal 1 0 0
outer loop
vertex 43.20000076293945 -44.20003128051758 -4
vertex 43.20000076293945 -44.20003128051758 -5
vertex 43.20000076293945 -42.500030517578125 -4
endloop
endfacet
facet normal -1 0 0
outer loop
vertex 49.599998474121094 -43.463096618652344 -0.2630630135536194
vertex 49.599998474121094 -44.20003128051758 -1.6661099195480347
vertex 49.599998474121094 -44.07102966308594 -0.32014966011047363
endloop
endfacet
facet normal 0 0 -1
outer loop
vertex 43.20000076293945 -44.20003128051758 -4
vertex 43.238059997558594 -42.691375732421875 -4
vertex 43.3464469909668 -42.85358428955078 -4
endloop
endfacet
facet normal 0 0 -1
outer loop
vertex 43.20000076293945 -44.20003128051758 -4
vertex 43.3464469909668 -42.85358428955078 -4
vertex 43.50865936279297 -42.961971282958984 -4
endloop
endfacet
facet normal 0 0 -1
outer loop
vertex 43.238059997558594 -42.691375732421875 -4
vertex 43.20000076293945 -44.20003128051758 -4
vertex 43.20000076293945 -42.500030517578125 -4
endloop
endfacet
facet normal 0 0 1
outer loop
vertex 43.50865936279297 -41.03809356689453 -5
vertex 43.20000076293945 -44.20003128051758 -5
vertex 54.89134216308594 -41.03809356689453 -5
endloop
endfacet
facet normal 0 0 -1
outer loop
vertex 43.20000076293945 -44.20003128051758 -4
vertex 43.50865936279297 -42.961971282958984 -4
vertex 48.79999923706055 -44.20003128051758 -4
endloop
endfacet
facet normal 0 0 -1
outer loop
vertex 48.79999923706055 -44.20003128051758 -4
vertex 43.50865936279297 -42.961971282958984 -4
vertex 48.79999923706055 -43.000030517578125 -4
endloop
endfacet
facet normal 0 0 1
outer loop
vertex 55.20000076293945 -44.20003128051758 -5
vertex 55.20000076293945 -41.500030517578125 -5
vertex 43.20000076293945 -44.20003128051758 -5
endloop
endfacet
facet normal 0 0 1
outer loop
vertex 43.20000076293945 -44.20003128051758 -5
vertex 55.16194152832031 -41.30868911743164 -5
vertex 55.05355453491211 -41.146480560302734 -5
endloop
endfacet
facet normal 0 0 1
outer loop
vertex 55.16194152832031 -41.30868911743164 -5
vertex 43.20000076293945 -44.20003128051758 -5
vertex 55.20000076293945 -41.500030517578125 -5
endloop
endfacet
facet normal 0 0 1
outer loop
vertex 54.89134216308594 -41.03809356689453 -5
vertex 43.20000076293945 -44.20003128051758 -5
vertex 55.05355453491211 -41.146480560302734 -5
endloop
endfacet
facet normal 1 0 0
outer loop
vertex 48.79999923706055 -44.20003128051758 -1.6661099195480347
vertex 48.79999923706055 -43.000030517578125 -4
vertex 48.79999923706055 -43.000030517578125 0
endloop
endfacet
facet normal 0 -1 0
outer loop
vertex 43.50865936279297 -41.03809356689453 -5
vertex 54.89134216308594 -41.03809356689453 -5
vertex 43.50865936279297 -41.03809356689453 0
endloop
endfacet
facet normal -1 0 0
outer loop
vertex 49.599998474121094 -43.000030517578125 -4
vertex 49.599998474121094 -44.20003128051758 -4
vertex 49.599998474121094 -43.20003128051758 0
endloop
endfacet
facet normal 1 0 0
outer loop
vertex 48.79999923706055 -44.20003128051758 -1.6661099195480347
vertex 48.79999923706055 -44.20003128051758 -4
vertex 48.79999923706055 -43.000030517578125 -4
endloop
endfacet
facet normal 0.007192554448326422 0.9999741332457094 0
outer loop
vertex 48.79999923706055 -43.000030517578125 -4
vertex 43.50865936279297 -42.961971282958984 -4
vertex 48.79999923706055 -43.000030517578125 0
endloop
endfacet
facet normal 1 0 0
outer loop
vertex 43.20000076293945 -42.500030517578125 0
vertex 43.20000076293945 -42.500030517578125 -4
vertex 43.20000076293945 -41.500030517578125 0
endloop
endfacet
facet normal -0.9807869428222868 0.19508196428504695 0
outer loop
vertex 55.20000076293945 -42.500030517578125 0
vertex 55.20000076293945 -42.500030517578125 -4
vertex 55.16194152832031 -42.691375732421875 0
endloop
endfacet
facet normal -0.9807861986664704 -0.19508570553829574 0
outer loop
vertex 55.16194152832031 -41.30868911743164 -5
vertex 55.20000076293945 -41.500030517578125 -5
vertex 55.20000076293945 -41.500030517578125 0
endloop
endfacet
facet normal -0.8314632175140401 -0.5555798033776967 0
outer loop
vertex 55.05355453491211 -41.146480560302734 -5
vertex 55.16194152832031 -41.30868911743164 -5
vertex 55.16194152832031 -41.30868911743164 0
endloop
endfacet
facet normal -1 0 0
outer loop
vertex 49.599998474121094 -43.20003128051758 0
vertex 49.599998474121094 -44.20003128051758 -4
vertex 49.599998474121094 -43.463096618652344 -0.2630630135536194
endloop
endfacet
facet normal 0.5555707707654927 -0.831469252991977 0
outer loop
vertex 43.3464469909668 -41.146480560302734 0
vertex 43.3464469909668 -41.146480560302734 -5
vertex 43.50865936279297 -41.03809356689453 0
endloop
endfacet
facet normal -0.8314632175140401 -0.5555798033776967 0
outer loop
vertex 55.05355453491211 -41.146480560302734 0
vertex 55.05355453491211 -41.146480560302734 -5
vertex 55.16194152832031 -41.30868911743164 0
endloop
endfacet
facet normal -0.9807861986664704 -0.19508570553829574 0
outer loop
vertex 55.16194152832031 -41.30868911743164 0
vertex 55.16194152832031 -41.30868911743164 -5
vertex 55.20000076293945 -41.500030517578125 0
endloop
endfacet
facet normal -0.5555707707654927 -0.831469252991977 0
outer loop
vertex 54.89134216308594 -41.03809356689453 0
vertex 54.89134216308594 -41.03809356689453 -5
vertex 55.05355453491211 -41.146480560302734 0
endloop
endfacet
facet normal -0.19510451479714808 -0.980782457176804 0
outer loop
vertex 54.70000076293945 -41.000030517578125 0
vertex 54.89134216308594 -41.03809356689453 -5
vertex 54.89134216308594 -41.03809356689453 0
endloop
endfacet
facet normal -1 0 0
outer loop
vertex 55.20000076293945 -41.500030517578125 0
vertex 55.20000076293945 -41.500030517578125 -5
vertex 55.20000076293945 -42.500030517578125 0
endloop
endfacet
facet normal -0.83146321751404 0.5555798033776966 0
outer loop
vertex 55.16194152832031 -42.691375732421875 0
vertex 55.16194152832031 -42.691375732421875 -4
vertex 55.05355453491211 -42.85358428955078 0
endloop
endfacet
facet normal -0.5555707707654927 0.8314692529919772 0
outer loop
vertex 55.05355453491211 -42.85358428955078 0
vertex 55.05355453491211 -42.85358428955078 -4
vertex 54.89134216308594 -42.961971282958984 0
endloop
endfacet
facet normal -0.19508570553829574 0.9807861986664705 0
outer loop
vertex 54.89134216308594 -42.961971282958984 0
vertex 54.89134216308594 -42.961971282958984 -4
vertex 54.70000076293945 -43.000030517578125 0
endloop
endfacet
facet normal 0.003400994298362347 -0.9999642429204697 0.007742487860772708
outer loop
vertex 43.50865936279297 -41.03809356689453 0
vertex 54.89134216308594 -41.03809356689453 -5
vertex 54.70000076293945 -41.000030517578125 0
endloop
endfacet
facet normal 0.8314632175140401 -0.5555798033776967 0
outer loop
vertex 43.238059997558594 -41.30868911743164 0
vertex 43.238059997558594 -41.30868911743164 -5
vertex 43.3464469909668 -41.146480560302734 0
endloop
endfacet
facet normal 0.9807861986664704 -0.19508570553829574 0
outer loop
vertex 43.20000076293945 -41.500030517578125 0
vertex 43.20000076293945 -41.500030517578125 -5
vertex 43.238059997558594 -41.30868911743164 0
endloop
endfacet
facet normal -1 0 0
outer loop
vertex 55.20000076293945 -41.500030517578125 -5
vertex 55.20000076293945 -44.20003128051758 -5
vertex 55.20000076293945 -42.500030517578125 -4
endloop
endfacet
facet normal 0 0 -1
outer loop
vertex 49.599998474121094 -43.000030517578125 -4
vertex 55.20000076293945 -44.20003128051758 -4
vertex 49.599998474121094 -44.20003128051758 -4
endloop
endfacet
facet normal 0 0 -1
outer loop
vertex 55.20000076293945 -44.20003128051758 -4
vertex 49.599998474121094 -43.000030517578125 -4
vertex 54.70000076293945 -43.000030517578125 -4
endloop
endfacet
facet normal -1 0 0
outer loop
vertex 55.20000076293945 -42.500030517578125 -4
vertex 55.20000076293945 -44.20003128051758 -5
vertex 55.20000076293945 -44.20003128051758 -4
endloop
endfacet
facet normal 0 0 -1
outer loop
vertex 55.20000076293945 -44.20003128051758 -4
vertex 54.70000076293945 -43.000030517578125 -4
vertex 54.89134216308594 -42.961971282958984 -4
endloop
endfacet
facet normal 0 0 -1
outer loop
vertex 55.20000076293945 -44.20003128051758 -4
vertex 54.89134216308594 -42.961971282958984 -4
vertex 55.05355453491211 -42.85358428955078 -4
endloop
endfacet
facet normal 0 0 -1
outer loop
vertex 55.20000076293945 -44.20003128051758 -4
vertex 55.05355453491211 -42.85358428955078 -4
vertex 55.16194152832031 -42.691375732421875 -4
endloop
endfacet
facet normal 0 0 -1
outer loop
vertex 55.20000076293945 -42.500030517578125 -4
vertex 55.20000076293945 -44.20003128051758 -4
vertex 55.16194152832031 -42.691375732421875 -4
endloop
endfacet
facet normal 0.5555707707654927 0.8314692529919772 0
outer loop
vertex 43.50865936279297 -42.961971282958984 -4
vertex 43.3464469909668 -42.85358428955078 -4
vertex 43.3464469909668 -42.85358428955078 0
endloop
endfacet
facet normal 0.83146321751404 0.5555798033776966 0
outer loop
vertex 43.3464469909668 -42.85358428955078 -4
vertex 43.238059997558594 -42.691375732421875 -4
vertex 43.238059997558594 -42.691375732421875 0
endloop
endfacet
facet normal 0.9807861986664704 -0.19508570553829574 0
outer loop
vertex 43.20000076293945 -41.500030517578125 -5
vertex 43.238059997558594 -41.30868911743164 -5
vertex 43.238059997558594 -41.30868911743164 0
endloop
endfacet
facet normal 0.8314632175140401 -0.5555798033776967 0
outer loop
vertex 43.238059997558594 -41.30868911743164 -5
vertex 43.3464469909668 -41.146480560302734 -5
vertex 43.3464469909668 -41.146480560302734 0
endloop
endfacet
facet normal 0.5555707707654927 -0.831469252991977 0
outer loop
vertex 43.3464469909668 -41.146480560302734 -5
vertex 43.50865936279297 -41.03809356689453 -5
vertex 43.50865936279297 -41.03809356689453 0
endloop
endfacet
facet normal 0 1 0
outer loop
vertex 54.70000076293945 -43.000030517578125 0
vertex 49.599998474121094 -43.000030517578125 -4
vertex 49.599998474121094 -43.000030517578125 0
endloop
endfacet
facet normal 1 0 0
outer loop
vertex 43.20000076293945 -42.500030517578125 -4
vertex 43.20000076293945 -41.500030517578125 -5
vertex 43.20000076293945 -41.500030517578125 0
endloop
endfacet
facet normal -1 0 0
outer loop
vertex 49.599998474121094 -44.20003128051758 -1.6661099195480347
vertex 49.599998474121094 -44.868595123291016 -1.5949000120162964
vertex 49.599998474121094 -44.868595123291016 -0.4050999879837036
endloop
endfacet
facet normal 0.9807869428222868 0.19508196428504695 0
outer loop
vertex 43.238059997558594 -42.691375732421875 0
vertex 43.238059997558594 -42.691375732421875 -4
vertex 43.20000076293945 -42.500030517578125 0
endloop
endfacet
facet normal 0.9807869428222868 0.19508196428504695 0
outer loop
vertex 43.238059997558594 -42.691375732421875 -4
vertex 43.20000076293945 -42.500030517578125 -4
vertex 43.20000076293945 -42.500030517578125 0
endloop
endfacet
facet normal -1 0 0
outer loop
vertex -43.20000076293945 -42.500030517578125 -4
vertex -43.20000076293945 -44.20003128051758 -5
vertex -43.20000076293945 -44.20003128051758 -4
endloop
endfacet
facet normal -0.5555707707654927 0.8314692529919772 0
outer loop
vertex -43.3464469909668 -42.85358428955078 -4
vertex -43.50865936279297 -42.961971282958984 -4
vertex -43.50865936279297 -42.961971282958984 0
endloop
endfacet
facet normal -0.83146321751404 0.5555798033776966 0
outer loop
vertex -43.238059997558594 -42.691375732421875 -4
vertex -43.3464469909668 -42.85358428955078 -4
vertex -43.3464469909668 -42.85358428955078 0
endloop
endfacet
facet normal -0.9807869428222868 0.19508196428504695 0
outer loop
vertex -43.20000076293945 -42.500030517578125 -4
vertex -43.238059997558594 -42.691375732421875 -4
vertex -43.238059997558594 -42.691375732421875 0
endloop
endfacet
facet normal -0.9807861986664704 -0.19508570553829574 0
outer loop
vertex -43.238059997558594 -41.30868911743164 -5
vertex -43.20000076293945 -41.500030517578125 -5
vertex -43.20000076293945 -41.500030517578125 0
endloop
endfacet
facet normal -0.8314632175140401 -0.5555798033776967 0
outer loop
vertex -43.3464469909668 -41.146480560302734 -5
vertex -43.238059997558594 -41.30868911743164 -5
vertex -43.238059997558594 -41.30868911743164 0
endloop
endfacet
facet normal -0.5555707707654927 -0.831469252991977 0
outer loop
vertex -43.50865936279297 -41.03809356689453 -5
vertex -43.3464469909668 -41.146480560302734 -5
vertex -43.3464469909668 -41.146480560302734 0
endloop
endfacet
facet normal -1 0 0
outer loop
vertex -43.20000076293945 -41.500030517578125 -5
vertex -43.20000076293945 -42.500030517578125 -4
vertex -43.20000076293945 -42.500030517578125 0
endloop
endfacet
facet normal -0.5555707707654927 0.8314692529919772 0
outer loop
vertex -43.3464469909668 -42.85358428955078 0
vertex -43.3464469909668 -42.85358428955078 -4
vertex -43.50865936279297 -42.961971282958984 0
endloop
endfacet
facet normal -0.83146321751404 0.5555798033776966 0
outer loop
vertex -43.238059997558594 -42.691375732421875 0
vertex -43.238059997558594 -42.691375732421875 -4
vertex -43.3464469909668 -42.85358428955078 0
endloop
endfacet
facet normal -1 0 0
outer loop
vertex -43.20000076293945 -41.500030517578125 0
vertex -43.20000076293945 -41.500030517578125 -5
vertex -43.20000076293945 -42.500030517578125 0
endloop
endfacet
facet normal -0.19510451479714808 -0.980782457176804 0
outer loop
vertex -43.70000076293945 -41.000030517578125 0
vertex -43.50865936279297 -41.03809356689453 -5
vertex -43.50865936279297 -41.03809356689453 0
endloop
endfacet
facet normal -0.5555707707654927 -0.831469252991977 0
outer loop
vertex -43.50865936279297 -41.03809356689453 0
vertex -43.50865936279297 -41.03809356689453 -5
vertex -43.3464469909668 -41.146480560302734 0
endloop
endfacet
facet normal -0.9807861986664704 -0.19508570553829574 0
outer loop
vertex -43.238059997558594 -41.30868911743164 0
vertex -43.238059997558594 -41.30868911743164 -5
vertex -43.20000076293945 -41.500030517578125 0
endloop
endfacet
facet normal -0.8314632175140401 -0.5555798033776967 0
outer loop
vertex -43.3464469909668 -41.146480560302734 0
vertex -43.3464469909668 -41.146480560302734 -5
vertex -43.238059997558594 -41.30868911743164 0
endloop
endfacet
facet normal -0.9807869428222868 0.19508196428504695 0
outer loop
vertex -43.20000076293945 -42.500030517578125 0
vertex -43.20000076293945 -42.500030517578125 -4
vertex -43.238059997558594 -42.691375732421875 0
endloop
endfacet
facet normal 0 0 1
outer loop
vertex -55.20000076293945 -44.20003128051758 -5
vertex -43.20000076293945 -41.500030517578125 -5
vertex -43.238059997558594 -41.30868911743164 -5
endloop
endfacet
facet normal 0 0 1
outer loop
vertex -43.3464469909668 -41.146480560302734 -5
vertex -55.20000076293945 -44.20003128051758 -5
vertex -43.238059997558594 -41.30868911743164 -5
endloop
endfacet
facet normal 0 0 -1
outer loop
vertex -48.79999923706055 -43.000030517578125 -4
vertex -43.20000076293945 -44.20003128051758 -4
vertex -48.79999923706055 -44.20003128051758 -4
endloop
endfacet
facet normal 1 0 0
outer loop
vertex -55.20000076293945 -42.500030517578125 0
vertex -55.20000076293945 -42.500030517578125 -4
vertex -55.20000076293945 -41.500030517578125 0
endloop
endfacet
facet normal 0.5555707707654927 -0.831469252991977 0
outer loop
vertex -55.05355453491211 -41.146480560302734 0
vertex -55.05355453491211 -41.146480560302734 -5
vertex -54.89134216308594 -41.03809356689453 0
endloop
endfacet
facet normal 0.8314632175140401 -0.5555798033776967 0
outer loop
vertex -55.16194152832031 -41.30868911743164 0
vertex -55.16194152832031 -41.30868911743164 -5
vertex -55.05355453491211 -41.146480560302734 0
endloop
endfacet
facet normal 0.9807861986664704 -0.19508570553829574 0
outer loop
vertex -55.20000076293945 -41.500030517578125 0
vertex -55.20000076293945 -41.500030517578125 -5
vertex -55.16194152832031 -41.30868911743164 0
endloop
endfacet
facet normal 0.5555707707654927 0.8314692529919772 0
outer loop
vertex -54.89134216308594 -42.961971282958984 0
vertex -54.89134216308594 -42.961971282958984 -4
vertex -55.05355453491211 -42.85358428955078 0
endloop
endfacet
facet normal 0.9807869428222868 0.19508196428504695 0
outer loop
vertex -55.16194152832031 -42.691375732421875 0
vertex -55.16194152832031 -42.691375732421875 -4
vertex -55.20000076293945 -42.500030517578125 0
endloop
endfacet
facet normal 0.83146321751404 0.5555798033776966 0
outer loop
vertex -55.05355453491211 -42.85358428955078 0
vertex -55.05355453491211 -42.85358428955078 -4
vertex -55.16194152832031 -42.691375732421875 0
endloop
endfacet
facet normal -1 0 0
outer loop
vertex -48.79999923706055 -43.000030517578125 -4
vertex -48.79999923706055 -44.20003128051758 -1.6661099195480347
vertex -48.79999923706055 -43.20003128051758 0
endloop
endfacet
facet normal 1 0 0
outer loop
vertex -49.599998474121094 -44.20003128051758 -1.6661099195480347
vertex -49.599998474121094 -43.000030517578125 -4
vertex -49.599998474121094 -43.000030517578125 0
endloop
endfacet
facet normal -1 0 0
outer loop
vertex -48.79999923706055 -43.20003128051758 0
vertex -48.79999923706055 -44.20003128051758 -1.6661099195480347
vertex -48.79999923706055 -43.463096618652344 -0.2630630135536194
endloop
endfacet
facet normal -1 0 0
outer loop
vertex -48.79999923706055 -44.07102966308594 -0.32014966011047363
vertex -48.79999923706055 -43.463096618652344 -0.2630630135536194
vertex -48.79999923706055 -44.20003128051758 -1.6661099195480347
endloop
endfacet
facet normal -0.007192554448326422 0.9999741332457094 0
outer loop
vertex -43.50865936279297 -42.961971282958984 -4
vertex -48.79999923706055 -43.000030517578125 -4
vertex -43.50865936279297 -42.961971282958984 0
endloop
endfacet
facet normal -1 0 0
outer loop
vertex -48.79999923706055 -43.000030517578125 -4
vertex -48.79999923706055 -44.20003128051758 -4
vertex -48.79999923706055 -44.20003128051758 -1.6661099195480347
endloop
endfacet
facet normal -1 0 0
outer loop
vertex -48.79999923706055 -44.868595123291016 -0.4050999879837036
vertex -48.79999923706055 -44.07102966308594 -0.32014966011047363
vertex -48.79999923706055 -44.20003128051758 -1.6661099195480347
endloop
endfacet
facet normal 1 0 0
outer loop
vertex -49.599998474121094 -43.000030517578125 -4
vertex -49.599998474121094 -44.20003128051758 -1.6661099195480347
vertex -49.599998474121094 -44.20003128051758 -4
endloop
endfacet
facet normal -1 0 0
outer loop
vertex -48.79999923706055 -44.868595123291016 -0.4050999879837036
vertex -48.79999923706055 -45.665035247802734 -1.5
vertex -48.79999923706055 -45.665035247802734 -0.5
endloop
endfacet
facet normal 1 0 0
outer loop
vertex -49.599998474121094 -43.000030517578125 0
vertex -49.599998474121094 -43.20003128051758 0
vertex -49.599998474121094 -44.20003128051758 -1.6661099195480347
endloop
endfacet
facet normal 1 0 0
outer loop
vertex -49.599998474121094 -43.463096618652344 -0.2630630135536194
vertex -49.599998474121094 -44.20003128051758 -1.6661099195480347
vertex -49.599998474121094 -43.20003128051758 0
endloop
endfacet
facet normal 1 0 0
outer loop
vertex -49.599998474121094 -44.07102966308594 -0.32014966011047363
vertex -49.599998474121094 -44.20003128051758 -1.6661099195480347
vertex -49.599998474121094 -43.463096618652344 -0.2630630135536194
endloop
endfacet
facet normal 0 -1 0
outer loop
vertex -54.89134216308594 -41.03809356689453 -5
vertex -43.50865936279297 -41.03809356689453 -5
vertex -54.89134216308594 -41.03809356689453 0
endloop
endfacet
facet normal 1 0 0
outer loop
vertex -49.599998474121094 -44.868595123291016 -0.4050999879837036
vertex -49.599998474121094 -44.868595123291016 -1.5949000120162964
vertex -49.599998474121094 -44.07102966308594 -0.32014966011047363
endloop
endfacet
facet normal 1 0 0
outer loop
vertex -49.599998474121094 -45.665035247802734 -0.5
vertex -49.599998474121094 -45.665035247802734 -1.5
vertex -49.599998474121094 -44.868595123291016 -0.4050999879837036
endloop
endfacet
facet normal 0.007192549263254353 0.9999741332830042 0
outer loop
vertex -49.599998474121094 -43.000030517578125 -4
vertex -54.89134216308594 -42.961971282958984 -4
vertex -49.599998474121094 -43.000030517578125 0
endloop
endfacet
facet normal 0 0 1
outer loop
vertex -43.20000076293945 -44.20003128051758 -5
vertex -43.20000076293945 -41.500030517578125 -5
vertex -55.20000076293945 -44.20003128051758 -5
endloop
endfacet
facet normal 0 0 1
outer loop
vertex -43.50865936279297 -41.03809356689453 -5
vertex -55.20000076293945 -44.20003128051758 -5
vertex -43.3464469909668 -41.146480560302734 -5
endloop
endfacet
facet normal 0 0 -1
outer loop
vertex -49.599998474121094 -44.20003128051758 -4
vertex -54.89134216308594 -42.961971282958984 -4
vertex -49.599998474121094 -43.000030517578125 -4
endloop
endfacet
facet normal 0 0 -1
outer loop
vertex -55.20000076293945 -44.20003128051758 -4
vertex -54.89134216308594 -42.961971282958984 -4
vertex -49.599998474121094 -44.20003128051758 -4
endloop
endfacet
facet normal 0 0 -1
outer loop
vertex -55.16194152832031 -42.691375732421875 -4
vertex -55.20000076293945 -44.20003128051758 -4
vertex -55.20000076293945 -42.500030517578125 -4
endloop
endfacet
facet normal 0 0 -1
outer loop
vertex -54.89134216308594 -42.961971282958984 -4
vertex -55.20000076293945 -44.20003128051758 -4
vertex -55.05355453491211 -42.85358428955078 -4
endloop
endfacet
facet normal 0 0 -1
outer loop
vertex -55.20000076293945 -44.20003128051758 -4
vertex -55.16194152832031 -42.691375732421875 -4
vertex -55.05355453491211 -42.85358428955078 -4
endloop
endfacet
facet normal -0.007192554448326422 0.9999741332457094 0
outer loop
vertex -43.50865936279297 -42.961971282958984 0
vertex -48.79999923706055 -43.000030517578125 -4
vertex -48.79999923706055 -43.000030517578125 0
endloop
endfacet
facet normal 1 0 0
outer loop
vertex -55.20000076293945 -44.20003128051758 -4
vertex -55.20000076293945 -44.20003128051758 -5
vertex -55.20000076293945 -42.500030517578125 -4
endloop
endfacet
facet normal 0 0 1
outer loop
vertex -54.89134216308594 -41.03809356689453 -5
vertex -55.20000076293945 -44.20003128051758 -5
vertex -43.50865936279297 -41.03809356689453 -5
endloop
endfacet
facet normal 0 0 1
outer loop
vertex -55.05355453491211 -41.146480560302734 -5
vertex -55.20000076293945 -44.20003128051758 -5
vertex -54.89134216308594 -41.03809356689453 -5
endloop
endfacet
facet normal 0 0 1
outer loop
vertex -55.16194152832031 -41.30868911743164 -5
vertex -55.20000076293945 -44.20003128051758 -5
vertex -55.05355453491211 -41.146480560302734 -5
endloop
endfacet
facet normal 0 0 1
outer loop
vertex -55.20000076293945 -41.500030517578125 -5
vertex -55.20000076293945 -44.20003128051758 -5
vertex -55.16194152832031 -41.30868911743164 -5
endloop
endfacet
facet normal 1 0 0
outer loop
vertex -55.20000076293945 -44.20003128051758 -5
vertex -55.20000076293945 -41.500030517578125 -5
vertex -55.20000076293945 -42.500030517578125 -4
endloop
endfacet
facet normal 0.003400994298362347 -0.9999642429204697 0.007742487860772708
outer loop
vertex -54.89134216308594 -41.03809356689453 0
vertex -43.50865936279297 -41.03809356689453 -5
vertex -43.70000076293945 -41.000030517578125 0
endloop
endfacet
facet normal 0.9807869428222868 0.19508196428504695 0
outer loop
vertex -55.16194152832031 -42.691375732421875 -4
vertex -55.20000076293945 -42.500030517578125 -4
vertex -55.20000076293945 -42.500030517578125 0
endloop
endfacet
facet normal -1 0 0
outer loop
vertex -48.79999923706055 -44.20003128051758 -1.6661099195480347
vertex -48.79999923706055 -44.868595123291016 -1.5949000120162964
vertex -48.79999923706055 -44.868595123291016 -0.4050999879837036
endloop
endfacet
facet normal -1 0 0
outer loop
vertex -48.79999923706055 -45.665035247802734 -1.5
vertex -48.79999923706055 -44.868595123291016 -0.4050999879837036
vertex -48.79999923706055 -44.868595123291016 -1.5949000120162964
endloop
endfacet
facet normal 1 0 0
outer loop
vertex -49.599998474121094 -44.868595123291016 -1.5949000120162964
vertex -49.599998474121094 -44.20003128051758 -1.6661099195480347
vertex -49.599998474121094 -44.07102966308594 -0.32014966011047363
endloop
endfacet
facet normal 1 0 0
outer loop
vertex -49.599998474121094 -45.665035247802734 -1.5
vertex -49.599998474121094 -44.868595123291016 -1.5949000120162964
vertex -49.599998474121094 -44.868595123291016 -0.4050999879837036
endloop
endfacet
facet normal 1 0 0
outer loop
vertex -55.20000076293945 -42.500030517578125 -4
vertex -55.20000076293945 -41.500030517578125 -5
vertex -55.20000076293945 -41.500030517578125 0
endloop
endfacet
facet normal -1 0 0
outer loop
vertex -48.79999923706055 -43.20003128051758 0
vertex -48.79999923706055 -43.000030517578125 0
vertex -48.79999923706055 -43.000030517578125 -4
endloop
endfacet
facet normal 0.5555707707654927 -0.831469252991977 0
outer loop
vertex -55.05355453491211 -41.146480560302734 -5
vertex -54.89134216308594 -41.03809356689453 -5
vertex -54.89134216308594 -41.03809356689453 0
endloop
endfacet
facet normal 0.8314632175140401 -0.5555798033776967 0
outer loop
vertex -55.16194152832031 -41.30868911743164 -5
vertex -55.05355453491211 -41.146480560302734 -5
vertex -55.05355453491211 -41.146480560302734 0
endloop
endfacet
facet normal 0.9807861986664704 -0.19508570553829574 0
outer loop
vertex -55.20000076293945 -41.500030517578125 -5
vertex -55.16194152832031 -41.30868911743164 -5
vertex -55.16194152832031 -41.30868911743164 0
endloop
endfacet
facet normal 0.5555707707654927 0.8314692529919772 0
outer loop
vertex -54.89134216308594 -42.961971282958984 -4
vertex -55.05355453491211 -42.85358428955078 -4
vertex -55.05355453491211 -42.85358428955078 0
endloop
endfacet
facet normal 0.83146321751404 0.5555798033776966 0
outer loop
vertex -55.05355453491211 -42.85358428955078 -4
vertex -55.16194152832031 -42.691375732421875 -4
vertex -55.16194152832031 -42.691375732421875 0
endloop
endfacet
facet normal 0 0 -1
outer loop
vertex -43.20000076293945 -42.500030517578125 -4
vertex -43.20000076293945 -44.20003128051758 -4
vertex -43.238059997558594 -42.691375732421875 -4
endloop
endfacet
facet normal 0 0 -1
outer loop
vertex -43.20000076293945 -44.20003128051758 -4
vertex -43.3464469909668 -42.85358428955078 -4
vertex -43.238059997558594 -42.691375732421875 -4
endloop
endfacet
facet normal 0 0 -1
outer loop
vertex -43.20000076293945 -44.20003128051758 -4
vertex -43.50865936279297 -42.961971282958984 -4
vertex -43.3464469909668 -42.85358428955078 -4
endloop
endfacet
facet normal 0.007192549263254353 0.9999741332830042 0
outer loop
vertex -54.89134216308594 -42.961971282958984 -4
vertex -54.89134216308594 -42.961971282958984 0
vertex -49.599998474121094 -43.000030517578125 0
endloop
endfacet
facet normal -1 0 0
outer loop
vertex -43.20000076293945 -41.500030517578125 -5
vertex -43.20000076293945 -44.20003128051758 -5
vertex -43.20000076293945 -42.500030517578125 -4
endloop
endfacet
facet normal 0 0 -1
outer loop
vertex -43.20000076293945 -44.20003128051758 -4
vertex -48.79999923706055 -43.000030517578125 -4
vertex -43.50865936279297 -42.961971282958984 -4
endloop
endfacet
facet normal -0.9569440106171243 0.2902725625063677 0
outer loop
vertex -48.219215393066406 41.004878997802734 -13.295090675354004
vertex -48.276119232177734 40.817283630371094 -13.482683181762695
vertex -48.276119232177734 40.817283630371094 -3.5
endloop
endfacet
facet normal -0.9951846295964324 0.09801812595133513 0
outer loop
vertex -48.20000076293945 41.19996643066406 -13.100000381469727
vertex -48.219215393066406 41.004878997802734 -13.295090675354004
vertex -48.219215393066406 41.004878997802734 -3.5
endloop
endfacet
facet normal 0.2902957875711588 0.9569369653840533 0
outer loop
vertex -49.39509201049805 40.219181060791016 -14.080785751342773
vertex -49.58268356323242 40.27608871459961 -14.023880004882812
vertex -49.58268356323242 40.27608871459961 -3.5
endloop
endfacet
facet normal 0.09801622777686081 0.9951848165503704 0
outer loop
vertex -49.20000076293945 40.19996643066406 -14.100000381469727
vertex -49.39509201049805 40.219181060791016 -14.080785751342773
vertex -49.39509201049805 40.219181060791016 -3.5
endloop
endfacet
facet normal -0.09801622777686082 0.9951848165503705 0
outer loop
vertex -49.00490951538086 40.219181060791016 -14.080785751342773
vertex -49.20000076293945 40.19996643066406 -14.100000381469727
vertex -49.20000076293945 40.19996643066406 -3.5
endloop
endfacet
facet normal 0.47140310582223166 0.8819178600193751 0
outer loop
vertex -49.58268356323242 40.27608871459961 -14.023880004882812
vertex -49.75556945800781 40.368499755859375 -13.931469917297363
vertex -49.75556945800781 40.368499755859375 -3.5
endloop
endfacet
facet normal 0.634387877656003 0.773014890337251 0
outer loop
vertex -49.75556945800781 40.368499755859375 -13.931469917297363
vertex -49.907108306884766 40.492862701416016 -13.807106971740723
vertex -49.907108306884766 40.492862701416016 -3.5
endloop
endfacet
facet normal 0.8819259499769284 0.471387970526712 0
outer loop
vertex -50.031471252441406 40.6443977355957 -13.655570030212402
vertex -50.123878479003906 40.817283630371094 -13.482683181762695
vertex -50.123878479003906 40.817283630371094 -3.5
endloop
endfacet
facet normal 0.7730070588633648 0.6343974203505326 0
outer loop
vertex -49.907108306884766 40.492862701416016 -13.807106971740723
vertex -50.031471252441406 40.6443977355957 -13.655570030212402
vertex -50.031471252441406 40.6443977355957 -3.5
endloop
endfacet
facet normal -0.2902957875711588 0.9569369653840532 0
outer loop
vertex -48.817317962646484 40.27608871459961 -14.023880004882812
vertex -49.00490951538086 40.219181060791016 -14.080785751342773
vertex -49.00490951538086 40.219181060791016 -3.5
endloop
endfacet
facet normal -0.4713950159280179 0.8819221841853303 0
outer loop
vertex -48.64442825317383 40.368499755859375 -13.931469917297363
vertex -48.817317962646484 40.27608871459961 -14.023880004882812
vertex -48.817317962646484 40.27608871459961 -3.5
endloop
endfacet
facet normal -0.6343974203505326 0.7730070588633648 0
outer loop
vertex -48.49289321899414 40.492862701416016 -13.807106971740723
vertex -48.64442825317383 40.368499755859375 -13.931469917297363
vertex -48.64442825317383 40.368499755859375 -3.5
endloop
endfacet
facet normal -0.7730070588633647 0.6343974203505326 0
outer loop
vertex -48.3685302734375 40.6443977355957 -13.655570030212402
vertex -48.49289321899414 40.492862701416016 -13.807106971740723
vertex -48.49289321899414 40.492862701416016 -3.5
endloop
endfacet
facet normal -0.881917860019375 0.4714031058222316 0
outer loop
vertex -48.276119232177734 40.817283630371094 -13.482683181762695
vertex -48.3685302734375 40.6443977355957 -13.655570030212402
vertex -48.3685302734375 40.6443977355957 -3.5
endloop
endfacet
facet normal 0.9951846295964324 0.09801812595133513 0
outer loop
vertex -50.1807861328125 41.004878997802734 -13.295090675354004
vertex -50.20000076293945 41.19996643066406 -13.100000381469727
vertex -50.20000076293945 41.19996643066406 -3.5
endloop
endfacet
facet normal 0.8819259499769285 0.47138797052671205 0
outer loop
vertex -50.031471252441406 40.6443977355957 -3.5
vertex -50.031471252441406 40.6443977355957 -13.655570030212402
vertex -50.123878479003906 40.817283630371094 -3.5
endloop
endfacet
facet normal 0.4714031058222316 0.881917860019375 0
outer loop
vertex -49.58268356323242 40.27608871459961 -3.5
vertex -49.58268356323242 40.27608871459961 -14.023880004882812
vertex -49.75556945800781 40.368499755859375 -3.5
endloop
endfacet
facet normal 0.2902957875711588 0.9569369653840532 0
outer loop
vertex -49.39509201049805 40.219181060791016 -3.5
vertex -49.39509201049805 40.219181060791016 -14.080785751342773
vertex -49.58268356323242 40.27608871459961 -3.5
endloop
endfacet
facet normal 0.09801622777686082 0.9951848165503705 0
outer loop
vertex -49.20000076293945 40.19996643066406 -3.5
vertex -49.20000076293945 40.19996643066406 -14.100000381469727
vertex -49.39509201049805 40.219181060791016 -3.5
endloop
endfacet
facet normal 0.6343878776560031 0.7730148903372511 0
outer loop
vertex -49.75556945800781 40.368499755859375 -3.5
vertex -49.75556945800781 40.368499755859375 -13.931469917297363
vertex -49.907108306884766 40.492862701416016 -3.5
endloop
endfacet
facet normal 0.7730070588633647 0.6343974203505326 0
outer loop
vertex -49.907108306884766 40.492862701416016 -3.5
vertex -49.907108306884766 40.492862701416016 -13.807106971740723
vertex -50.031471252441406 40.6443977355957 -3.5
endloop
endfacet
facet normal 0.956938605216473 0.29029038193910456 0
outer loop
vertex -50.123878479003906 40.817283630371094 -3.5
vertex -50.123878479003906 40.817283630371094 -13.482683181762695
vertex -50.1807861328125 41.004878997802734 -3.5
endloop
endfacet
facet normal 0.9951846295964324 0.09801812595133513 0
outer loop
vertex -50.1807861328125 41.004878997802734 -3.5
vertex -50.1807861328125 41.004878997802734 -13.295090675354004
vertex -50.20000076293945 41.19996643066406 -3.5
endloop
endfacet
facet normal -0.09801622777686081 0.9951848165503704 0
outer loop
vertex -49.00490951538086 40.219181060791016 -3.5
vertex -49.00490951538086 40.219181060791016 -14.080785751342773
vertex -49.20000076293945 40.19996643066406 -3.5
endloop
endfacet
facet normal -0.2902957875711588 0.9569369653840533 0
outer loop
vertex -48.817317962646484 40.27608871459961 -3.5
vertex -48.817317962646484 40.27608871459961 -14.023880004882812
vertex -49.00490951538086 40.219181060791016 -3.5
endloop
endfacet
facet normal -0.4713950159280179 0.8819221841853304 0
outer loop
vertex -48.64442825317383 40.368499755859375 -3.5
vertex -48.64442825317383 40.368499755859375 -13.931469917297363
vertex -48.817317962646484 40.27608871459961 -3.5
endloop
endfacet
facet normal -0.6343974203505326 0.7730070588633647 0
outer loop
vertex -48.49289321899414 40.492862701416016 -3.5
vertex -48.49289321899414 40.492862701416016 -13.807106971740723
vertex -48.64442825317383 40.368499755859375 -3.5
endloop
endfacet
facet normal -0.7730070588633648 0.6343974203505326 0
outer loop
vertex -48.3685302734375 40.6443977355957 -3.5
vertex -48.3685302734375 40.6443977355957 -13.655570030212402
vertex -48.49289321899414 40.492862701416016 -3.5
endloop
endfacet
facet normal -0.881917860019375 0.4714031058222316 0
outer loop
vertex -48.276119232177734 40.817283630371094 -3.5
vertex -48.276119232177734 40.817283630371094 -13.482683181762695
vertex -48.3685302734375 40.6443977355957 -3.5
endloop
endfacet
facet normal -0.9569440106171243 0.2902725625063677 0
outer loop
vertex -48.219215393066406 41.004878997802734 -3.5
vertex -48.219215393066406 41.004878997802734 -13.295090675354004
vertex -48.276119232177734 40.817283630371094 -3.5
endloop
endfacet
facet normal -0.9951846295964324 0.09801812595133513 0
outer loop
vertex -48.20000076293945 41.19996643066406 -13.100000381469727
vertex -48.219215393066406 41.004878997802734 -3.5
vertex -48.20000076293945 41.19996643066406 -3.5
endloop
endfacet
facet normal 0 0 -1
outer loop
vertex -49.907108306884766 40.492862701416016 -3.5
vertex -50.031471252441406 40.6443977355957 -3.5
vertex -50.20000076293945 41.19996643066406 -3.5
endloop
endfacet
facet normal 0 0 -1
outer loop
vertex -50.031471252441406 40.6443977355957 -3.5
vertex -50.123878479003906 40.817283630371094 -3.5
vertex -50.1807861328125 41.004878997802734 -3.5
endloop
endfacet
facet normal 0 0 -1
outer loop
vertex -50.20000076293945 41.19996643066406 -3.5
vertex -50.031471252441406 40.6443977355957 -3.5
vertex -50.1807861328125 41.004878997802734 -3.5
endloop
endfacet
facet normal 0 0 -1
outer loop
vertex -49.75556945800781 40.368499755859375 -3.5
vertex -49.907108306884766 40.492862701416016 -3.5
vertex -50.20000076293945 41.19996643066406 -3.5
endloop
endfacet
facet normal 0 0 -1
outer loop
vertex -49.58268356323242 40.27608871459961 -3.5
vertex -49.75556945800781 40.368499755859375 -3.5
vertex -50.20000076293945 41.19996643066406 -3.5
endloop
endfacet
facet normal 0 0 -1
outer loop
vertex -49.39509201049805 40.219181060791016 -3.5
vertex -49.58268356323242 40.27608871459961 -3.5
vertex -50.20000076293945 41.19996643066406 -3.5
endloop
endfacet
facet normal 0 0 -1
outer loop
vertex -49.20000076293945 40.19996643066406 -3.5
vertex -49.39509201049805 40.219181060791016 -3.5
vertex -50.20000076293945 41.19996643066406 -3.5
endloop
endfacet
facet normal 0 0 -1
outer loop
vertex -49.00490951538086 40.219181060791016 -3.5
vertex -49.20000076293945 40.19996643066406 -3.5
vertex -50.20000076293945 41.19996643066406 -3.5
endloop
endfacet
facet normal 0 0 -1
outer loop
vertex -48.817317962646484 40.27608871459961 -3.5
vertex -49.00490951538086 40.219181060791016 -3.5
vertex -50.20000076293945 41.19996643066406 -3.5
endloop
endfacet
facet normal 0 0 -1
outer loop
vertex -48.64442825317383 40.368499755859375 -3.5
vertex -48.817317962646484 40.27608871459961 -3.5
vertex -50.20000076293945 41.19996643066406 -3.5
endloop
endfacet
facet normal 0 0 -1
outer loop
vertex -48.49289321899414 40.492862701416016 -3.5
vertex -48.64442825317383 40.368499755859375 -3.5
vertex -50.20000076293945 41.19996643066406 -3.5
endloop
endfacet
facet normal 0 0 -1
outer loop
vertex -48.3685302734375 40.6443977355957 -3.5
vertex -48.49289321899414 40.492862701416016 -3.5
vertex -50.20000076293945 41.19996643066406 -3.5
endloop
endfacet
facet normal 0 0 -1
outer loop
vertex -48.276119232177734 40.817283630371094 -3.5
vertex -48.3685302734375 40.6443977355957 -3.5
vertex -50.20000076293945 41.19996643066406 -3.5
endloop
endfacet
facet normal 0 0 -1
outer loop
vertex -48.219215393066406 41.004878997802734 -3.5
vertex -48.276119232177734 40.817283630371094 -3.5
vertex -50.20000076293945 41.19996643066406 -3.5
endloop
endfacet
facet normal 0 0 -1
outer loop
vertex -48.20000076293945 41.19996643066406 -3.5
vertex -48.219215393066406 41.004878997802734 -3.5
vertex -50.20000076293945 41.19996643066406 -3.5
endloop
endfacet
facet normal 0.9569386052164729 0.2902903819391045 0
outer loop
vertex -50.123878479003906 40.817283630371094 -13.482683181762695
vertex -50.1807861328125 41.004878997802734 -13.295090675354004
vertex -50.1807861328125 41.004878997802734 -3.5
endloop
endfacet
facet normal 0.2902957875711588 0.9569369653840532 0
outer loop
vertex 49.00490951538086 40.219181060791016 -3.5
vertex 49.00490951538086 40.219181060791016 -14.080785751342773
vertex 48.817317962646484 40.27608871459961 -3.5
endloop
endfacet
facet normal -0.2902957875711588 0.9569369653840532 0
outer loop
vertex 49.58268356323242 40.27608871459961 -14.023880004882812
vertex 49.39509201049805 40.219181060791016 -14.080785751342773
vertex 49.39509201049805 40.219181060791016 -3.5
endloop
endfacet
facet normal 0.2902957875711588 0.9569369653840533 0
outer loop
vertex 49.00490951538086 40.219181060791016 -14.080785751342773
vertex 48.817317962646484 40.27608871459961 -14.023880004882812
vertex 48.817317962646484 40.27608871459961 -3.5
endloop
endfacet
facet normal 0.09801622777686081 0.9951848165503704 0
outer loop
vertex 49.20000076293945 40.19996643066406 -14.100000381469727
vertex 49.00490951538086 40.219181060791016 -14.080785751342773
vertex 49.00490951538086 40.219181060791016 -3.5
endloop
endfacet
facet normal 0.6343974203505326 0.7730070588633647 0
outer loop
vertex 48.64442825317383 40.368499755859375 -13.931469917297363
vertex 48.49289321899414 40.492862701416016 -13.807106971740723
vertex 48.49289321899414 40.492862701416016 -3.5
endloop
endfacet
facet normal 0.7730070588633648 0.6343974203505326 0
outer loop
vertex 48.49289321899414 40.492862701416016 -13.807106971740723
vertex 48.3685302734375 40.6443977355957 -13.655570030212402
vertex 48.3685302734375 40.6443977355957 -3.5
endloop
endfacet
facet normal 0.881917860019375 0.4714031058222316 0
outer loop
vertex 48.3685302734375 40.6443977355957 -13.655570030212402
vertex 48.276119232177734 40.817283630371094 -13.482683181762695
vertex 48.276119232177734 40.817283630371094 -3.5
endloop
endfacet
facet normal -0.09801622777686082 0.9951848165503705 0
outer loop
vertex 49.39509201049805 40.219181060791016 -14.080785751342773
vertex 49.20000076293945 40.19996643066406 -14.100000381469727
vertex 49.20000076293945 40.19996643066406 -3.5
endloop
endfacet
facet normal 0.4713950159280179 0.8819221841853303 0
outer loop
vertex 48.817317962646484 40.27608871459961 -3.5
vertex 48.817317962646484 40.27608871459961 -14.023880004882812
vertex 48.64442825317383 40.368499755859375 -3.5
endloop
endfacet
facet normal 0 0 -1
outer loop
vertex 50.20000076293945 41.19996643066406 -3.5
vertex 50.1807861328125 41.004878997802734 -3.5
vertex 48.20000076293945 41.19996643066406 -3.5
endloop
endfacet
facet normal 0.6343974203505326 0.7730070588633648 0
outer loop
vertex 48.64442825317383 40.368499755859375 -3.5
vertex 48.64442825317383 40.368499755859375 -13.931469917297363
vertex 48.49289321899414 40.492862701416016 -3.5
endloop
endfacet
facet normal 0.881917860019375 0.4714031058222316 0
outer loop
vertex 48.3685302734375 40.6443977355957 -3.5
vertex 48.3685302734375 40.6443977355957 -13.655570030212402
vertex 48.276119232177734 40.817283630371094 -3.5
endloop
endfacet
facet normal 0.7730070588633647 0.6343974203505326 0
outer loop
vertex 48.49289321899414 40.492862701416016 -3.5
vertex 48.49289321899414 40.492862701416016 -13.807106971740723
vertex 48.3685302734375 40.6443977355957 -3.5
endloop
endfacet
facet normal 0.9569440106171243 0.2902725625063677 0
outer loop
vertex 48.276119232177734 40.817283630371094 -3.5
vertex 48.276119232177734 40.817283630371094 -13.482683181762695
vertex 48.219215393066406 41.004878997802734 -3.5
endloop
endfacet
facet normal 0.9951846295964324 0.09801812595133513 0
outer loop
vertex 48.219215393066406 41.004878997802734 -3.5
vertex 48.219215393066406 41.004878997802734 -13.295090675354004
vertex 48.20000076293945 41.19996643066406 -3.5
endloop
endfacet
facet normal 0.09801622777686082 0.9951848165503705 0
outer loop
vertex 49.20000076293945 40.19996643066406 -3.5
vertex 49.20000076293945 40.19996643066406 -14.100000381469727
vertex 49.00490951538086 40.219181060791016 -3.5
endloop
endfacet
facet normal -0.09801622777686081 0.9951848165503704 0
outer loop
vertex 49.39509201049805 40.219181060791016 -3.5
vertex 49.39509201049805 40.219181060791016 -14.080785751342773
vertex 49.20000076293945 40.19996643066406 -3.5
endloop
endfacet
facet normal -0.2902957875711588 0.9569369653840533 0
outer loop
vertex 49.58268356323242 40.27608871459961 -3.5
vertex 49.58268356323242 40.27608871459961 -14.023880004882812
vertex 49.39509201049805 40.219181060791016 -3.5
endloop
endfacet
facet normal -0.47140310582223166 0.8819178600193751 0
outer loop
vertex 49.75556945800781 40.368499755859375 -3.5
vertex 49.75556945800781 40.368499755859375 -13.931469917297363
vertex 49.58268356323242 40.27608871459961 -3.5
endloop
endfacet
facet normal -0.634387877656003 0.773014890337251 0
outer loop
vertex 49.907108306884766 40.492862701416016 -3.5
vertex 49.907108306884766 40.492862701416016 -13.807106971740723
vertex 49.75556945800781 40.368499755859375 -3.5
endloop
endfacet
facet normal -0.7730070588633648 0.6343974203505326 0
outer loop
vertex 50.031471252441406 40.6443977355957 -3.5
vertex 50.031471252441406 40.6443977355957 -13.655570030212402
vertex 49.907108306884766 40.492862701416016 -3.5
endloop
endfacet
facet normal -0.8819259499769284 0.471387970526712 0
outer loop
vertex 50.123878479003906 40.817283630371094 -3.5
vertex 50.123878479003906 40.817283630371094 -13.482683181762695
vertex 50.031471252441406 40.6443977355957 -3.5
endloop
endfacet
facet normal -0.9569386052164729 0.2902903819391045 0
outer loop
vertex 50.1807861328125 41.004878997802734 -3.5
vertex 50.1807861328125 41.004878997802734 -13.295090675354004
vertex 50.123878479003906 40.817283630371094 -3.5
endloop
endfacet
facet normal -0.9951846295964324 0.09801812595133513 0
outer loop
vertex 50.20000076293945 41.19996643066406 -3.5
vertex 50.20000076293945 41.19996643066406 -13.100000381469727
vertex 50.1807861328125 41.004878997802734 -3.5
endloop
endfacet
facet normal 0.9951846295964324 0.09801812595133513 0
outer loop
vertex 48.219215393066406 41.004878997802734 -13.295090675354004
vertex 48.20000076293945 41.19996643066406 -13.100000381469727
vertex 48.20000076293945 41.19996643066406 -3.5
endloop
endfacet
facet normal -0.9951846295964324 0.09801812595133513 0
outer loop
vertex 50.20000076293945 41.19996643066406 -13.100000381469727
vertex 50.1807861328125 41.004878997802734 -13.295090675354004
vertex 50.1807861328125 41.004878997802734 -3.5
endloop
endfacet
facet normal -0.956938605216473 0.29029038193910456 0
outer loop
vertex 50.1807861328125 41.004878997802734 -13.295090675354004
vertex 50.123878479003906 40.817283630371094 -13.482683181762695
vertex 50.123878479003906 40.817283630371094 -3.5
endloop
endfacet
facet normal 0.9569440106171243 0.2902725625063677 0
outer loop
vertex 48.276119232177734 40.817283630371094 -13.482683181762695
vertex 48.219215393066406 41.004878997802734 -13.295090675354004
vertex 48.219215393066406 41.004878997802734 -3.5
endloop
endfacet
facet normal -0.8819259499769285 0.47138797052671205 0
outer loop
vertex 50.123878479003906 40.817283630371094 -13.482683181762695
vertex 50.031471252441406 40.6443977355957 -13.655570030212402
vertex 50.031471252441406 40.6443977355957 -3.5
endloop
endfacet
facet normal -0.7730070588633647 0.6343974203505326 0
outer loop
vertex 50.031471252441406 40.6443977355957 -13.655570030212402
vertex 49.907108306884766 40.492862701416016 -13.807106971740723
vertex 49.907108306884766 40.492862701416016 -3.5
endloop
endfacet
facet normal -0.6343878776560031 0.7730148903372511 0
outer loop
vertex 49.907108306884766 40.492862701416016 -13.807106971740723
vertex 49.75556945800781 40.368499755859375 -13.931469917297363
vertex 49.75556945800781 40.368499755859375 -3.5
endloop
endfacet
facet normal 0 0 -1
outer loop
vertex 48.64442825317383 40.368499755859375 -3.5
vertex 48.49289321899414 40.492862701416016 -3.5
vertex 48.20000076293945 41.19996643066406 -3.5
endloop
endfacet
facet normal 0 0 -1
outer loop
vertex 48.817317962646484 40.27608871459961 -3.5
vertex 48.64442825317383 40.368499755859375 -3.5
vertex 48.20000076293945 41.19996643066406 -3.5
endloop
endfacet
facet normal 0 0 -1
outer loop
vertex 48.3685302734375 40.6443977355957 -3.5
vertex 48.276119232177734 40.817283630371094 -3.5
vertex 48.219215393066406 41.004878997802734 -3.5
endloop
endfacet
facet normal 0 0 -1
outer loop
vertex 48.49289321899414 40.492862701416016 -3.5
vertex 48.3685302734375 40.6443977355957 -3.5
vertex 48.20000076293945 41.19996643066406 -3.5
endloop
endfacet
facet normal 0 0 -1
outer loop
vertex 48.3685302734375 40.6443977355957 -3.5
vertex 48.219215393066406 41.004878997802734 -3.5
vertex 48.20000076293945 41.19996643066406 -3.5
endloop
endfacet
facet normal 0 0 -1
outer loop
vertex 49.00490951538086 40.219181060791016 -3.5
vertex 48.817317962646484 40.27608871459961 -3.5
vertex 48.20000076293945 41.19996643066406 -3.5
endloop
endfacet
facet normal 0 0 -1
outer loop
vertex 49.20000076293945 40.19996643066406 -3.5
vertex 49.00490951538086 40.219181060791016 -3.5
vertex 48.20000076293945 41.19996643066406 -3.5
endloop
endfacet
facet normal 0 0 -1
outer loop
vertex 49.39509201049805 40.219181060791016 -3.5
vertex 49.20000076293945 40.19996643066406 -3.5
vertex 48.20000076293945 41.19996643066406 -3.5
endloop
endfacet
facet normal 0 0 -1
outer loop
vertex 49.58268356323242 40.27608871459961 -3.5
vertex 49.39509201049805 40.219181060791016 -3.5
vertex 48.20000076293945 41.19996643066406 -3.5
endloop
endfacet
facet normal 0 0 -1
outer loop
vertex 49.75556945800781 40.368499755859375 -3.5
vertex 49.58268356323242 40.27608871459961 -3.5
vertex 48.20000076293945 41.19996643066406 -3.5
endloop
endfacet
facet normal 0 0 -1
outer loop
vertex 49.907108306884766 40.492862701416016 -3.5
vertex 49.75556945800781 40.368499755859375 -3.5
vertex 48.20000076293945 41.19996643066406 -3.5
endloop
endfacet
facet normal 0 0 -1
outer loop
vertex 50.031471252441406 40.6443977355957 -3.5
vertex 49.907108306884766 40.492862701416016 -3.5
vertex 48.20000076293945 41.19996643066406 -3.5
endloop
endfacet
facet normal 0 0 -1
outer loop
vertex 50.123878479003906 40.817283630371094 -3.5
vertex 50.031471252441406 40.6443977355957 -3.5
vertex 48.20000076293945 41.19996643066406 -3.5
endloop
endfacet
facet normal 0 0 -1
outer loop
vertex 50.1807861328125 41.004878997802734 -3.5
vertex 50.123878479003906 40.817283630371094 -3.5
vertex 48.20000076293945 41.19996643066406 -3.5
endloop
endfacet
facet normal -0.4714031058222316 0.881917860019375 0
outer loop
vertex 49.75556945800781 40.368499755859375 -13.931469917297363
vertex 49.58268356323242 40.27608871459961 -14.023880004882812
vertex 49.58268356323242 40.27608871459961 -3.5
endloop
endfacet
facet normal 0.4713950159280179 0.8819221841853304 0
outer loop
vertex 48.817317962646484 40.27608871459961 -14.023880004882812
vertex 48.64442825317383 40.368499755859375 -13.931469917297363
vertex 48.64442825317383 40.368499755859375 -3.5
endloop
endfacet
facet normal 0 0.12403429783241124 0.9922779313081697
outer loop
vertex -50.20000076293945 41.999969482421875 -1.2000000476837158
vertex -48 41.19996643066406 -1.100000023841858
vertex -48.20000076293945 41.999969482421875 -1.2000000476837158
endloop
endfacet
facet normal 0 0.12403415224679613 -0.9922779495062957
outer loop
vertex -48.20000076293945 41.999969482421875 -2.4000000953674316
vertex -50.400001525878906 41.19996643066406 -2.5
vertex -50.20000076293945 41.999969482421875 -2.4000000953674316
endloop
endfacet
facet normal 0 0.12403429783241122 0.9922779313081697
outer loop
vertex -48 41.19996643066406 -1.100000023841858
vertex -50.20000076293945 41.999969482421875 -1.2000000476837158
vertex -50.400001525878906 41.19996643066406 -1.100000023841858
endloop
endfacet
facet normal 0.970142500145332 0.242535625036333 0
outer loop
vertex -48 41.19996643066406 -2.5
vertex -48.20000076293945 41.999969482421875 -1.2000000476837158
vertex -48 41.19996643066406 -1.100000023841858
endloop
endfacet
facet normal 0 1 0
outer loop
vertex -48.20000076293945 41.999969482421875 -1.2000000476837158
vertex -50.20000076293945 41.999969482421875 -2.4000000953674316
vertex -50.20000076293945 41.999969482421875 -1.2000000476837158
endloop
endfacet
facet normal -0.9701425001453319 0.24253562503633297 0
outer loop
vertex -50.20000076293945 41.999969482421875 -2.4000000953674316
vertex -50.400001525878906 41.19996643066406 -1.100000023841858
vertex -50.20000076293945 41.999969482421875 -1.2000000476837158
endloop
endfacet
facet normal 0.9701425001453319 0.24253562503633297 0
outer loop
vertex -48.20000076293945 41.999969482421875 -1.2000000476837158
vertex -48 41.19996643066406 -2.5
vertex -48.20000076293945 41.999969482421875 -2.4000000953674316
endloop
endfacet
facet normal 0 1 0
outer loop
vertex -48.20000076293945 41.999969482421875 -2.4000000953674316
vertex -50.20000076293945 41.999969482421875 -2.4000000953674316
vertex -48.20000076293945 41.999969482421875 -1.2000000476837158
endloop
endfacet
facet normal -0.970142500145332 0.242535625036333 0
outer loop
vertex -50.400001525878906 41.19996643066406 -1.100000023841858
vertex -50.20000076293945 41.999969482421875 -2.4000000953674316
vertex -50.400001525878906 41.19996643066406 -2.5
endloop
endfacet
facet normal 0 0.12403415224679613 -0.9922779495062957
outer loop
vertex -50.400001525878906 41.19996643066406 -2.5
vertex -48.20000076293945 41.999969482421875 -2.4000000953674316
vertex -48 41.19996643066406 -2.5
endloop
endfacet
facet normal 0 0.12403415224679613 -0.9922779495062957
outer loop
vertex 50.20000076293945 41.999969482421875 -2.4000000953674316
vertex 48 41.19996643066406 -2.5
vertex 48.20000076293945 41.999969482421875 -2.4000000953674316
endloop
endfacet
facet normal 0 0.12403415224679613 -0.9922779495062957
outer loop
vertex 48 41.19996643066406 -2.5
vertex 50.20000076293945 41.999969482421875 -2.4000000953674316
vertex 50.400001525878906 41.19996643066406 -2.5
endloop
endfacet
facet normal -0.970142500145332 0.242535625036333 0
outer loop
vertex 48 41.19996643066406 -1.100000023841858
vertex 48.20000076293945 41.999969482421875 -2.4000000953674316
vertex 48 41.19996643066406 -2.5
endloop
endfacet
facet normal 0 1 0
outer loop
vertex 50.20000076293945 41.999969482421875 -2.4000000953674316
vertex 48.20000076293945 41.999969482421875 -2.4000000953674316
vertex 50.20000076293945 41.999969482421875 -1.2000000476837158
endloop
endfacet
facet normal 0.9701425001453319 0.24253562503633297 0
outer loop
vertex 50.20000076293945 41.999969482421875 -1.2000000476837158
vertex 50.400001525878906 41.19996643066406 -2.5
vertex 50.20000076293945 41.999969482421875 -2.4000000953674316
endloop
endfacet
facet normal -0.9701425001453319 0.24253562503633297 0
outer loop
vertex 48.20000076293945 41.999969482421875 -2.4000000953674316
vertex 48 41.19996643066406 -1.100000023841858
vertex 48.20000076293945 41.999969482421875 -1.2000000476837158
endloop
endfacet
facet normal 0 1 0
outer loop
vertex 50.20000076293945 41.999969482421875 -1.2000000476837158
vertex 48.20000076293945 41.999969482421875 -2.4000000953674316
vertex 48.20000076293945 41.999969482421875 -1.2000000476837158
endloop
endfacet
facet normal 0.970142500145332 0.242535625036333 0
outer loop
vertex 50.400001525878906 41.19996643066406 -2.5
vertex 50.20000076293945 41.999969482421875 -1.2000000476837158
vertex 50.400001525878906 41.19996643066406 -1.100000023841858
endloop
endfacet
facet normal 0 0.12403429783241122 0.9922779313081697
outer loop
vertex 50.400001525878906 41.19996643066406 -1.100000023841858
vertex 48.20000076293945 41.999969482421875 -1.2000000476837158
vertex 48 41.19996643066406 -1.100000023841858
endloop
endfacet
facet normal 0 0.12403429783241124 0.9922779313081697
outer loop
vertex 48.20000076293945 41.999969482421875 -1.2000000476837158
vertex 50.400001525878906 41.19996643066406 -1.100000023841858
vertex 50.20000076293945 41.999969482421875 -1.2000000476837158
endloop
endfacet
endsolid auto-kdk-case
