solid auto-kdk-case
facet normal 0 -1 0
outer loop
vertex -15.114180564880371 -44.18472671508789 -10.524024963378906
vertex -15.439339637756348 -44.18472671508789 -11.010660171508789
vertex 58.20000076293945 -44.18472671508789 -13.100000381469727
endloop
endfacet
facet normal 0 -1 0
outer loop
vertex -58.20000076293945 -44.18472671508789 -1
vertex -58.20000076293945 -44.18472671508789 -13.100000381469727
vertex -55.20000076293945 -44.18472671508789 -4
endloop
endfacet
facet normal 0 -1 0
outer loop
vertex -15 -44.18472671508789 -9.949999809265137
vertex -15.114180564880371 -44.18472671508789 -10.524024963378906
vertex 58.20000076293945 -44.18472671508789 -13.100000381469727
endloop
endfacet
facet normal 0 1 0
outer loop
vertex 58.20000076293945 41.215274810791016 -1
vertex 50.400001525878906 41.215274810791016 -2.5
vertex 50.400001525878906 41.215274810791016 -1.100000023841858
endloop
endfacet
facet normal 0 0 1
outer loop
vertex 55.16194152832031 -42.67606735229492 0
vertex 55.05355453491211 -42.838279724121094 0
vertex 57.20000076293945 -43.18472671508789 0
endloop
endfacet
facet normal -1 0 0
outer loop
vertex -58.20000076293945 -37.66564178466797 -13.100000381469727
vertex -58.20000076293945 -44.18472671508789 -1
vertex -58.20000076293945 41.215274810791016 -1
endloop
endfacet
facet normal 0 -1 0
outer loop
vertex -58.20000076293945 -44.18472671508789 -13.100000381469727
vertex -29.074024200439453 -44.18472671508789 -11.335819244384766
vertex -29.560659408569336 -44.18472671508789 -11.010660171508789
endloop
endfacet
facet normal 0 -1 0
outer loop
vertex 51.5658073425293 -44.18472671508789 -1.6254053115844727
vertex 49.599998474121094 -44.18472671508789 -4
vertex 52.24091339111328 -44.18472671508789 -1.5949000120162964
endloop
endfacet
facet normal 0 1 0
outer loop
vertex 58.20000076293945 41.215274810791016 -1
vertex 50.20000076293945 41.215274810791016 -3.5
vertex 48.20000076293945 41.215274810791016 -3.5
endloop
endfacet
facet normal 0 1 0
outer loop
vertex 48.20000076293945 41.215274810791016 -3.5
vertex 48 41.215274810791016 -2.5
vertex 50.400001525878906 41.215274810791016 -2.5
endloop
endfacet
facet normal 0 1 0
outer loop
vertex 58.20000076293945 41.215274810791016 -13.100000381469727
vertex 50.20000076293945 41.215274810791016 -3.5
vertex 58.20000076293945 41.215274810791016 -1
endloop
endfacet
facet normal -1 0 0
outer loop
vertex -58.20000076293945 -37.66564178466797 -13.100000381469727
vertex -58.20000076293945 -44.18472671508789 -13.100000381469727
vertex -58.20000076293945 -44.18472671508789 -1
endloop
endfacet
facet normal 0 -1 0
outer loop
vertex -55.20000076293945 -44.18472671508789 -5
vertex -55.20000076293945 -44.18472671508789 -4
vertex -58.20000076293945 -44.18472671508789 -13.100000381469727
endloop
endfacet
facet normal 0 -1 0
outer loop
vertex -55.20000076293945 -44.18472671508789 -5
vertex -58.20000076293945 -44.18472671508789 -13.100000381469727
vertex -43.20000076293945 -44.18472671508789 -5
endloop
endfacet
facet normal 0 -1 0
outer loop
vertex -43.20000076293945 -44.18472671508789 -5
vertex -58.20000076293945 -44.18472671508789 -13.100000381469727
vertex -30 -44.18472671508789 -4.949999809265137
endloop
endfacet
facet normal 0 0 1
outer loop
vertex -43.3464469909668 -41.13117218017578 0
vertex -43.238059997558594 -41.29338455200195 0
vertex -15 -40.48472595214844 0
endloop
endfacet
facet normal 0 -1 0
outer loop
vertex -30 -44.18472671508789 -4.949999809265137
vertex -58.20000076293945 -44.18472671508789 -13.100000381469727
vertex -30 -44.18472671508789 -9.949999809265137
endloop
endfacet
facet normal 0 0 1
outer loop
vertex -43.238059997558594 -41.29338455200195 0
vertex -43.20000076293945 -41.48472595214844 0
vertex -15 -40.48472595214844 0
endloop
endfacet
facet normal 0 0 1
outer loop
vertex 57.20000076293945 40.215274810791016 0
vertex 52.20000076293945 37.215274810791016 0
vertex 52.20000076293945 -35.18472671508789 0
endloop
endfacet
facet normal 0 0 1
outer loop
vertex -15 -40.48472595214844 0
vertex -43.50865936279297 -41.02278518676758 0
vertex -43.3464469909668 -41.13117218017578 0
endloop
endfacet
facet normal 0 0 1
outer loop
vertex -43.20000076293945 -41.48472595214844 0
vertex -43.20000076293945 -42.48472595214844 0
vertex -15 -40.48472595214844 0
endloop
endfacet
facet normal 1 0 0
outer loop
vertex 58.20000076293945 -44.18472671508789 -1
vertex 58.20000076293945 34.696189880371094 -13.100000381469727
vertex 58.20000076293945 41.215274810791016 -1
endloop
endfacet
facet normal 0 0 1
outer loop
vertex -43.20000076293945 -42.48472595214844 0
vertex -43.238059997558594 -42.67606735229492 0
vertex -15 -40.48472595214844 0
endloop
endfacet
facet normal 0 0 1
outer loop
vertex -43.238059997558594 -42.67606735229492 0
vertex -43.3464469909668 -42.838279724121094 0
vertex -15 -40.48472595214844 0
endloop
endfacet
facet normal 0 0 1
outer loop
vertex -15 -40.48472595214844 0
vertex -54.89134216308594 -41.02278518676758 0
vertex -43.50865936279297 -41.02278518676758 0
endloop
endfacet
facet normal 0 0 1
outer loop
vertex -15 -40.48472595214844 0
vertex -53 -40.48472595214844 0
vertex -54.89134216308594 -41.02278518676758 0
endloop
endfacet
facet normal 0 -1 0
outer loop
vertex -28.5 -44.18472671508789 -3.450000047683716
vertex -48.79999923706055 -44.18472671508789 -1.6661099195480347
vertex -29.074024200439453 -44.18472671508789 -3.564180612564087
endloop
endfacet
facet normal 0 -1 0
outer loop
vertex -48.79999923706055 -44.18472671508789 -1.6661099195480347
vertex -29.560659408569336 -44.18472671508789 -3.8893399238586426
vertex -29.074024200439453 -44.18472671508789 -3.564180612564087
endloop
endfacet
facet normal 0 -1 0
outer loop
vertex -48.79999923706055 -44.18472671508789 -1.6661099195480347
vertex -29.885818481445312 -44.18472671508789 -4.375974655151367
vertex -29.560659408569336 -44.18472671508789 -3.8893399238586426
endloop
endfacet
facet normal 0 -1 0
outer loop
vertex -44.70000076293945 -44.18472671508789 -1
vertex -44.70000076293945 -44.18472671508789 -1.5076520442962646
vertex -28.5 -44.18472671508789 -3.450000047683716
endloop
endfacet
facet normal 0 -1 0
outer loop
vertex -44.70000076293945 -44.18472671508789 -1.5076520442962646
vertex -45.44722366333008 -44.18472671508789 -1.5589157342910767
vertex -28.5 -44.18472671508789 -3.450000047683716
endloop
endfacet
facet normal 0 -1 0
outer loop
vertex -45.44722366333008 -44.18472671508789 -1.5589157342910767
vertex -46.159088134765625 -44.18472671508789 -1.5949000120162964
vertex -28.5 -44.18472671508789 -3.450000047683716
endloop
endfacet
facet normal 0 -1 0
outer loop
vertex -46.159088134765625 -44.18472671508789 -1.5949000120162964
vertex -46.83419418334961 -44.18472671508789 -1.6254053115844727
vertex -28.5 -44.18472671508789 -3.450000047683716
endloop
endfacet
facet normal 0 -1 0
outer loop
vertex -46.83419418334961 -44.18472671508789 -1.6254053115844727
vertex -48.05387496948242 -44.18472671508789 -1.6591570377349854
vertex -28.5 -44.18472671508789 -3.450000047683716
endloop
endfacet
facet normal 0 -1 0
outer loop
vertex -48.05387496948242 -44.18472671508789 -1.6591570377349854
vertex -48.79999923706055 -44.18472671508789 -1.6661099195480347
vertex -28.5 -44.18472671508789 -3.450000047683716
endloop
endfacet
facet normal 0 -1 0
outer loop
vertex 44.70000076293945 -44.18472671508789 -1
vertex -44.70000076293945 -44.18472671508789 -1
vertex -28.5 -44.18472671508789 -3.450000047683716
endloop
endfacet
facet normal 0 -1 0
outer loop
vertex -28.5 -44.18472671508789 -3.450000047683716
vertex -16.5 -44.18472671508789 -3.450000047683716
vertex 44.70000076293945 -44.18472671508789 -1.5076520442962646
endloop
endfacet
facet normal 0 0 1
outer loop
vertex -57.20000076293945 -43.18472671508789 0
vertex -54.29999923706055 -40.18472671508789 0
vertex -54.29999923706055 -6.784726619720459 0
endloop
endfacet
facet normal 0 0 1
outer loop
vertex -43.50865936279297 -42.9466667175293 0
vertex -48.79999923706055 -42.98472595214844 0
vertex -48.79999923706055 -43.18472671508789 0
endloop
endfacet
facet normal 0 0 1
outer loop
vertex -43.50865936279297 -42.9466667175293 0
vertex -48.79999923706055 -43.18472671508789 0
vertex 48.79999923706055 -43.18472671508789 0
endloop
endfacet
facet normal 0 0 1
outer loop
vertex -43.3464469909668 -42.838279724121094 0
vertex -43.50865936279297 -42.9466667175293 0
vertex 48.79999923706055 -43.18472671508789 0
endloop
endfacet
facet normal 0 0 1
outer loop
vertex -15 -40.48472595214844 0
vertex -43.3464469909668 -42.838279724121094 0
vertex 43.70000076293945 -42.98472595214844 0
endloop
endfacet
facet normal -1 0 0
outer loop
vertex -58.20000076293945 41.215274810791016 -13.100000381469727
vertex -58.20000076293945 -37.66564178466797 -13.100000381469727
vertex -58.20000076293945 41.215274810791016 -1
endloop
endfacet
facet normal 0 1 0
outer loop
vertex -50.20000076293945 41.215274810791016 -13.100000381469727
vertex -58.20000076293945 41.215274810791016 -13.100000381469727
vertex -58.20000076293945 41.215274810791016 -1
endloop
endfacet
facet normal 0 1 0
outer loop
vertex -48.20000076293945 41.215274810791016 -13.100000381469727
vertex -48.20000076293945 41.215274810791016 -3.5
vertex 48.20000076293945 41.215274810791016 -13.100000381469727
endloop
endfacet
facet normal 0 0 1
outer loop
vertex -52.20000076293945 37.215274810791016 0
vertex -54.29999923706055 -6.784726619720459 0
vertex -52.20000076293945 -6.784726619720459 0
endloop
endfacet
facet normal 0 0 1
outer loop
vertex -57.20000076293945 40.215274810791016 0
vertex -57.20000076293945 -43.18472671508789 0
vertex -52.20000076293945 37.215274810791016 0
endloop
endfacet
facet normal 0 1 0
outer loop
vertex -50.20000076293945 41.215274810791016 -13.100000381469727
vertex -58.20000076293945 41.215274810791016 -1
vertex -50.20000076293945 41.215274810791016 -3.5
endloop
endfacet
facet normal 0 1 0
outer loop
vertex -50.20000076293945 41.215274810791016 -3.5
vertex -58.20000076293945 41.215274810791016 -1
vertex -50.400001525878906 41.215274810791016 -2.5
endloop
endfacet
facet normal 0 1 0
outer loop
vertex -50.20000076293945 41.215274810791016 -3.5
vertex -50.400001525878906 41.215274810791016 -2.5
vertex -48 41.215274810791016 -2.5
endloop
endfacet
facet normal 0 1 0
outer loop
vertex -58.20000076293945 41.215274810791016 -1
vertex -50.400001525878906 41.215274810791016 -1.100000023841858
vertex -50.400001525878906 41.215274810791016 -2.5
endloop
endfacet
facet normal 0 0 1
outer loop
vertex -57.20000076293945 40.215274810791016 0
vertex 52.20000076293945 37.215274810791016 0
vertex 57.20000076293945 40.215274810791016 0
endloop
endfacet
facet normal 0 1 0
outer loop
vertex -58.20000076293945 41.215274810791016 -1
vertex -48 41.215274810791016 -1.100000023841858
vertex -50.400001525878906 41.215274810791016 -1.100000023841858
endloop
endfacet
facet normal 0 1 0
outer loop
vertex -58.20000076293945 41.215274810791016 -1
vertex 58.20000076293945 41.215274810791016 -1
vertex 48 41.215274810791016 -1.100000023841858
endloop
endfacet
facet normal 0 1 0
outer loop
vertex -48.20000076293945 41.215274810791016 -3.5
vertex 48 41.215274810791016 -1.100000023841858
vertex 48 41.215274810791016 -2.5
endloop
endfacet
facet normal 0 1 0
outer loop
vertex 48.20000076293945 41.215274810791016 -3.5
vertex -48.20000076293945 41.215274810791016 -3.5
vertex 48 41.215274810791016 -2.5
endloop
endfacet
facet normal 0 1 0
outer loop
vertex -50.20000076293945 41.215274810791016 -3.5
vertex 48 41.215274810791016 -1.100000023841858
vertex -48.20000076293945 41.215274810791016 -3.5
endloop
endfacet
facet normal 0 1 0
outer loop
vertex 48.20000076293945 41.215274810791016 -13.100000381469727
vertex -48.20000076293945 41.215274810791016 -3.5
vertex 48.20000076293945 41.215274810791016 -3.5
endloop
endfacet
facet normal 0 1 0
outer loop
vertex 48 41.215274810791016 -1.100000023841858
vertex -50.20000076293945 41.215274810791016 -3.5
vertex -48 41.215274810791016 -2.5
endloop
endfacet
facet normal 1 0 0
outer loop
vertex 58.20000076293945 34.696189880371094 -13.100000381469727
vertex 58.20000076293945 41.215274810791016 -13.100000381469727
vertex 58.20000076293945 41.215274810791016 -1
endloop
endfacet
facet normal 0 0 1
outer loop
vertex 55.20000076293945 -42.48472595214844 0
vertex 55.16194152832031 -42.67606735229492 0
vertex 57.20000076293945 -43.18472671508789 0
endloop
endfacet
facet normal 0 0 1
outer loop
vertex 55.05355453491211 -42.838279724121094 0
vertex 54.89134216308594 -42.9466667175293 0
vertex 57.20000076293945 -43.18472671508789 0
endloop
endfacet
facet normal 0 0 1
outer loop
vertex 54.89134216308594 -42.9466667175293 0
vertex 49.599998474121094 -42.98472595214844 0
vertex 57.20000076293945 -43.18472671508789 0
endloop
endfacet
facet normal 0 0 1
outer loop
vertex 49.599998474121094 -42.98472595214844 0
vertex 49.599998474121094 -43.18472671508789 0
vertex 57.20000076293945 -43.18472671508789 0
endloop
endfacet
facet normal 0 -1 0
outer loop
vertex 53.70000076293945 -44.18472671508789 -1
vertex 53.70000076293945 -44.18472671508789 -1.5076520442962646
vertex 58.20000076293945 -44.18472671508789 -1
endloop
endfacet
facet normal 0 0 1
outer loop
vertex 46.70000076293945 -35.18472671508789 0
vertex 46.70000076293945 -40.18472671508789 0
vertex 52.20000076293945 -35.18472671508789 0
endloop
endfacet
facet normal 0 0 1
outer loop
vertex -57.20000076293945 -43.18472671508789 0
vertex -54.29999923706055 -6.784726619720459 0
vertex -52.20000076293945 37.215274810791016 0
endloop
endfacet
facet normal 0 0 1
outer loop
vertex 46.70000076293945 -40.18472671508789 0
vertex 46 -40.48472595214844 0
vertex 54.70000076293945 -40.98472595214844 0
endloop
endfacet
facet normal 0 0 1
outer loop
vertex 46 -40.48472595214844 0
vertex 43.50865936279297 -41.02278518676758 0
vertex 54.70000076293945 -40.98472595214844 0
endloop
endfacet
facet normal 0 -1 0
outer loop
vertex -43.20000076293945 -44.18472671508789 -5
vertex -30 -44.18472671508789 -4.949999809265137
vertex -43.20000076293945 -44.18472671508789 -4
endloop
endfacet
facet normal 0 0 1
outer loop
vertex 46 -40.18472671508789 0
vertex 46 -40.48472595214844 0
vertex 46.70000076293945 -40.18472671508789 0
endloop
endfacet
facet normal 0 0 1
outer loop
vertex 48.79999923706055 -42.98472595214844 0
vertex 43.70000076293945 -42.98472595214844 0
vertex 48.79999923706055 -43.18472671508789 0
endloop
endfacet
facet normal 0 -1 0
outer loop
vertex 53.70000076293945 -44.18472671508789 -1.5076520442962646
vertex 49.599998474121094 -44.18472671508789 -4
vertex 58.20000076293945 -44.18472671508789 -1
endloop
endfacet
facet normal 0 -1 0
outer loop
vertex -43.20000076293945 -44.18472671508789 -4
vertex -30 -44.18472671508789 -4.949999809265137
vertex -48.79999923706055 -44.18472671508789 -1.6661099195480347
endloop
endfacet
facet normal 0 -1 0
outer loop
vertex 52.95277786254883 -44.18472671508789 -1.5589157342910767
vertex 49.599998474121094 -44.18472671508789 -4
vertex 53.70000076293945 -44.18472671508789 -1.5076520442962646
endloop
endfacet
facet normal 0 -1 0
outer loop
vertex 52.24091339111328 -44.18472671508789 -1.5949000120162964
vertex 49.599998474121094 -44.18472671508789 -4
vertex 52.95277786254883 -44.18472671508789 -1.5589157342910767
endloop
endfacet
facet normal 0 -1 0
outer loop
vertex -48.79999923706055 -44.18472671508789 -1.6661099195480347
vertex -30 -44.18472671508789 -4.949999809265137
vertex -29.885818481445312 -44.18472671508789 -4.375974655151367
endloop
endfacet
facet normal 0 -1 0
outer loop
vertex -52.24091339111328 -44.18472671508789 -1.5949000120162964
vertex -49.599998474121094 -44.18472671508789 -4
vertex -51.5658073425293 -44.18472671508789 -1.6254053115844727
endloop
endfacet
facet normal 0 -1 0
outer loop
vertex 49.599998474121094 -44.18472671508789 -4
vertex 55.20000076293945 -44.18472671508789 -4
vertex 58.20000076293945 -44.18472671508789 -1
endloop
endfacet
facet normal 0 1 0
outer loop
vertex 58.20000076293945 41.215274810791016 -13.100000381469727
vertex 50.20000076293945 41.215274810791016 -13.100000381469727
vertex 50.20000076293945 41.215274810791016 -3.5
endloop
endfacet
facet normal 0 1 0
outer loop
vertex -48 41.215274810791016 -1.100000023841858
vertex -58.20000076293945 41.215274810791016 -1
vertex 48 41.215274810791016 -1.100000023841858
endloop
endfacet
facet normal 0 -1 0
outer loop
vertex -28.5 -44.18472671508789 -11.449999809265137
vertex -58.20000076293945 -44.18472671508789 -13.100000381469727
vertex 58.20000076293945 -44.18472671508789 -13.100000381469727
endloop
endfacet
facet normal 0 -1 0
outer loop
vertex 50.346126556396484 -44.18472671508789 -1.6591570377349854
vertex 49.599998474121094 -44.18472671508789 -4
vertex 51.5658073425293 -44.18472671508789 -1.6254053115844727
endloop
endfacet
facet normal 0 1 0
outer loop
vertex -48 41.215274810791016 -2.5
vertex -48 41.215274810791016 -1.100000023841858
vertex 48 41.215274810791016 -1.100000023841858
endloop
endfacet
facet normal 0 0 1
outer loop
vertex -57.20000076293945 40.215274810791016 0
vertex -52.20000076293945 37.215274810791016 0
vertex 52.20000076293945 37.215274810791016 0
endloop
endfacet
facet normal 0 -1 0
outer loop
vertex -16.5 -44.18472671508789 -11.449999809265137
vertex -28.5 -44.18472671508789 -11.449999809265137
vertex 58.20000076293945 -44.18472671508789 -13.100000381469727
endloop
endfacet
facet normal 0 -1 0
outer loop
vertex -15.92597484588623 -44.18472671508789 -11.335819244384766
vertex -16.5 -44.18472671508789 -11.449999809265137
vertex 58.20000076293945 -44.18472671508789 -13.100000381469727
endloop
endfacet
facet normal 0 -1 0
outer loop
vertex -15.439339637756348 -44.18472671508789 -11.010660171508789
vertex -15.92597484588623 -44.18472671508789 -11.335819244384766
vertex 58.20000076293945 -44.18472671508789 -13.100000381469727
endloop
endfacet
facet normal 0 1 0
outer loop
vertex 58.20000076293945 41.215274810791016 -1
vertex 50.400001525878906 41.215274810791016 -1.100000023841858
vertex 48 41.215274810791016 -1.100000023841858
endloop
endfacet
facet normal 0 1 0
outer loop
vertex 58.20000076293945 41.215274810791016 -1
vertex 48.20000076293945 41.215274810791016 -3.5
vertex 50.400001525878906 41.215274810791016 -2.5
endloop
endfacet
facet normal 0 -1 0
outer loop
vertex -28.5 -44.18472671508789 -11.449999809265137
vertex -29.074024200439453 -44.18472671508789 -11.335819244384766
vertex -58.20000076293945 -44.18472671508789 -13.100000381469727
endloop
endfacet
facet normal 0 -1 0
outer loop
vertex -29.560659408569336 -44.18472671508789 -11.010660171508789
vertex -29.885818481445312 -44.18472671508789 -10.524024963378906
vertex -58.20000076293945 -44.18472671508789 -13.100000381469727
endloop
endfacet
facet normal 0 -1 0
outer loop
vertex -29.885818481445312 -44.18472671508789 -10.524024963378906
vertex -30 -44.18472671508789 -9.949999809265137
vertex -58.20000076293945 -44.18472671508789 -13.100000381469727
endloop
endfacet
facet normal 0 -1 0
outer loop
vertex 49.599998474121094 -44.18472671508789 -4
vertex 50.346126556396484 -44.18472671508789 -1.6591570377349854
vertex 49.599998474121094 -44.18472671508789 -1.6661099195480347
endloop
endfacet
facet normal 0 0 1
outer loop
vertex -54.29999923706055 -40.18472671508789 0
vertex -53 -40.48472595214844 0
vertex -53 -40.18472671508789 0
endloop
endfacet
facet normal 0 0 1
outer loop
vertex -54.29999923706055 -40.18472671508789 0
vertex -54.89134216308594 -41.02278518676758 0
vertex -53 -40.48472595214844 0
endloop
endfacet
facet normal 0 0 1
outer loop
vertex -49.599998474121094 -42.98472595214844 0
vertex -54.70000076293945 -42.98472595214844 0
vertex -49.599998474121094 -43.18472671508789 0
endloop
endfacet
facet normal 0 -1 0
outer loop
vertex -15 -44.18472671508789 -9.949999809265137
vertex 58.20000076293945 -44.18472671508789 -13.100000381469727
vertex 43.20000076293945 -44.18472671508789 -5
endloop
endfacet
facet normal 0 -1 0
outer loop
vertex 43.20000076293945 -44.18472671508789 -5
vertex 58.20000076293945 -44.18472671508789 -13.100000381469727
vertex 55.20000076293945 -44.18472671508789 -5
endloop
endfacet
facet normal 0 -1 0
outer loop
vertex 55.20000076293945 -44.18472671508789 -5
vertex 58.20000076293945 -44.18472671508789 -13.100000381469727
vertex 55.20000076293945 -44.18472671508789 -4
endloop
endfacet
facet normal 0 0 1
outer loop
vertex -54.70000076293945 -42.98472595214844 0
vertex -57.20000076293945 -43.18472671508789 0
vertex -49.599998474121094 -43.18472671508789 0
endloop
endfacet
facet normal 0 -1 0
outer loop
vertex 48.79999923706055 -44.18472671508789 -1.6661099195480347
vertex 43.20000076293945 -44.18472671508789 -4
vertex 48.79999923706055 -44.18472671508789 -4
endloop
endfacet
facet normal 1 0 0
outer loop
vertex 58.20000076293945 -44.18472671508789 -1
vertex 58.20000076293945 -44.18472671508789 -13.100000381469727
vertex 58.20000076293945 34.696189880371094 -13.100000381469727
endloop
endfacet
facet normal 0 -1 0
outer loop
vertex -15 -44.18472671508789 -4.949999809265137
vertex -15 -44.18472671508789 -9.949999809265137
vertex 46.159088134765625 -44.18472671508789 -1.5949000120162964
endloop
endfacet
facet normal 0 -1 0
outer loop
vertex -15.114180564880371 -44.18472671508789 -4.375974655151367
vertex -15 -44.18472671508789 -4.949999809265137
vertex 46.159088134765625 -44.18472671508789 -1.5949000120162964
endloop
endfacet
facet normal 0 -1 0
outer loop
vertex -15 -44.18472671508789 -9.949999809265137
vertex 43.20000076293945 -44.18472671508789 -5
vertex 43.20000076293945 -44.18472671508789 -4
endloop
endfacet
facet normal 0 -1 0
outer loop
vertex -15 -44.18472671508789 -9.949999809265137
vertex 43.20000076293945 -44.18472671508789 -4
vertex 48.79999923706055 -44.18472671508789 -1.6661099195480347
endloop
endfacet
facet normal 0 -1 0
outer loop
vertex -15 -44.18472671508789 -9.949999809265137
vertex 48.05387496948242 -44.18472671508789 -1.6591570377349854
vertex 46.83419418334961 -44.18472671508789 -1.6254053115844727
endloop
endfacet
facet normal 0 0 1
outer loop
vertex -54.29999923706055 -40.18472671508789 0
vertex -55.05355453491211 -41.13117218017578 0
vertex -54.89134216308594 -41.02278518676758 0
endloop
endfacet
facet normal 0 0 1
outer loop
vertex -55.05355453491211 -41.13117218017578 0
vertex -54.29999923706055 -40.18472671508789 0
vertex -57.20000076293945 -43.18472671508789 0
endloop
endfacet
facet normal 0 0 1
outer loop
vertex -57.20000076293945 -43.18472671508789 0
vertex -55.16194152832031 -41.29338455200195 0
vertex -55.05355453491211 -41.13117218017578 0
endloop
endfacet
facet normal 0 0 1
outer loop
vertex -57.20000076293945 -43.18472671508789 0
vertex -55.20000076293945 -41.48472595214844 0
vertex -55.16194152832031 -41.29338455200195 0
endloop
endfacet
facet normal 0 0 1
outer loop
vertex -55.20000076293945 -42.48472595214844 0
vertex -55.20000076293945 -41.48472595214844 0
vertex -57.20000076293945 -43.18472671508789 0
endloop
endfacet
facet normal 0 0 1
outer loop
vertex -55.16194152832031 -42.67606735229492 0
vertex -57.20000076293945 -43.18472671508789 0
vertex -55.05355453491211 -42.838279724121094 0
endloop
endfacet
facet normal 0 0 1
outer loop
vertex -55.16194152832031 -42.67606735229492 0
vertex -55.20000076293945 -42.48472595214844 0
vertex -57.20000076293945 -43.18472671508789 0
endloop
endfacet
facet normal 0 -1 0
outer loop
vertex -58.20000076293945 -44.18472671508789 -1
vertex -55.20000076293945 -44.18472671508789 -4
vertex -49.599998474121094 -44.18472671508789 -4
endloop
endfacet
facet normal 0 0 1
outer loop
vertex -54.70000076293945 -42.98472595214844 0
vertex -54.89134216308594 -42.9466667175293 0
vertex -57.20000076293945 -43.18472671508789 0
endloop
endfacet
facet normal 0 -1 0
outer loop
vertex 55.20000076293945 -44.18472671508789 -4
vertex 58.20000076293945 -44.18472671508789 -13.100000381469727
vertex 58.20000076293945 -44.18472671508789 -1
endloop
endfacet
facet normal 0 -1 0
outer loop
vertex -52.95277786254883 -44.18472671508789 -1.5589157342910767
vertex -53.70000076293945 -44.18472671508789 -1.5076520442962646
vertex -49.599998474121094 -44.18472671508789 -4
endloop
endfacet
facet normal 0 0 1
outer loop
vertex -57.20000076293945 -43.18472671508789 0
vertex -54.89134216308594 -42.9466667175293 0
vertex -55.05355453491211 -42.838279724121094 0
endloop
endfacet
facet normal 0 -1 0
outer loop
vertex -52.95277786254883 -44.18472671508789 -1.5589157342910767
vertex -49.599998474121094 -44.18472671508789 -4
vertex -52.24091339111328 -44.18472671508789 -1.5949000120162964
endloop
endfacet
facet normal 0 0 1
outer loop
vertex 52.20000076293945 -35.18472671508789 0
vertex 57.20000076293945 -43.18472671508789 0
vertex 57.20000076293945 40.215274810791016 0
endloop
endfacet
facet normal 0 -1 0
outer loop
vertex 48.05387496948242 -44.18472671508789 -1.6591570377349854
vertex -15 -44.18472671508789 -9.949999809265137
vertex 48.79999923706055 -44.18472671508789 -1.6661099195480347
endloop
endfacet
facet normal 0 -1 0
outer loop
vertex 46.159088134765625 -44.18472671508789 -1.5949000120162964
vertex -15 -44.18472671508789 -9.949999809265137
vertex 46.83419418334961 -44.18472671508789 -1.6254053115844727
endloop
endfacet
facet normal 0 -1 0
outer loop
vertex -15.439339637756348 -44.18472671508789 -3.8893399238586426
vertex -15.114180564880371 -44.18472671508789 -4.375974655151367
vertex 45.44722366333008 -44.18472671508789 -1.5589157342910767
endloop
endfacet
facet normal 0 -1 0
outer loop
vertex -15.92597484588623 -44.18472671508789 -3.564180612564087
vertex -15.439339637756348 -44.18472671508789 -3.8893399238586426
vertex 44.70000076293945 -44.18472671508789 -1.5076520442962646
endloop
endfacet
facet normal 0 -1 0
outer loop
vertex -16.5 -44.18472671508789 -3.450000047683716
vertex -15.92597484588623 -44.18472671508789 -3.564180612564087
vertex 44.70000076293945 -44.18472671508789 -1.5076520442962646
endloop
endfacet
facet normal 0 -1 0
outer loop
vertex 44.70000076293945 -44.18472671508789 -1
vertex -28.5 -44.18472671508789 -3.450000047683716
vertex 44.70000076293945 -44.18472671508789 -1.5076520442962646
endloop
endfacet
facet normal 0 -1 0
outer loop
vertex 44.70000076293945 -44.18472671508789 -1.5076520442962646
vertex -15.439339637756348 -44.18472671508789 -3.8893399238586426
vertex 45.44722366333008 -44.18472671508789 -1.5589157342910767
endloop
endfacet
facet normal 0 -1 0
outer loop
vertex 45.44722366333008 -44.18472671508789 -1.5589157342910767
vertex -15.114180564880371 -44.18472671508789 -4.375974655151367
vertex 46.159088134765625 -44.18472671508789 -1.5949000120162964
endloop
endfacet
facet normal 0 0 1
outer loop
vertex 43.70000076293945 -42.98472595214844 0
vertex -43.3464469909668 -42.838279724121094 0
vertex 48.79999923706055 -43.18472671508789 0
endloop
endfacet
facet normal 0 0 1
outer loop
vertex 55.16194152832031 -41.29338455200195 0
vertex 57.20000076293945 -43.18472671508789 0
vertex 52.20000076293945 -35.18472671508789 0
endloop
endfacet
facet normal 0 0 1
outer loop
vertex 55.05355453491211 -41.13117218017578 0
vertex 55.16194152832031 -41.29338455200195 0
vertex 52.20000076293945 -35.18472671508789 0
endloop
endfacet
facet normal 0 0 1
outer loop
vertex 52.20000076293945 -35.18472671508789 0
vertex 54.89134216308594 -41.02278518676758 0
vertex 55.05355453491211 -41.13117218017578 0
endloop
endfacet
facet normal 0 0 1
outer loop
vertex 52.20000076293945 -35.18472671508789 0
vertex 54.70000076293945 -40.98472595214844 0
vertex 54.89134216308594 -41.02278518676758 0
endloop
endfacet
facet normal 0 0 1
outer loop
vertex 52.20000076293945 -35.18472671508789 0
vertex 46.70000076293945 -40.18472671508789 0
vertex 54.70000076293945 -40.98472595214844 0
endloop
endfacet
facet normal 0 0 1
outer loop
vertex 43.3464469909668 -42.838279724121094 0
vertex 43.238059997558594 -42.67606735229492 0
vertex -15 -40.48472595214844 0
endloop
endfacet
facet normal 0 0 1
outer loop
vertex 55.16194152832031 -41.29338455200195 0
vertex 55.20000076293945 -41.48472595214844 0
vertex 57.20000076293945 -43.18472671508789 0
endloop
endfacet
facet normal 0 0 1
outer loop
vertex 55.20000076293945 -41.48472595214844 0
vertex 55.20000076293945 -42.48472595214844 0
vertex 57.20000076293945 -43.18472671508789 0
endloop
endfacet
facet normal 0 0 1
outer loop
vertex 43.3464469909668 -42.838279724121094 0
vertex -15 -40.48472595214844 0
vertex 43.50865936279297 -42.9466667175293 0
endloop
endfacet
facet normal 0 0 1
outer loop
vertex 43.50865936279297 -42.9466667175293 0
vertex -15 -40.48472595214844 0
vertex 43.70000076293945 -42.98472595214844 0
endloop
endfacet
facet normal 0 -1 0
outer loop
vertex -53.70000076293945 -44.18472671508789 -1
vertex -58.20000076293945 -44.18472671508789 -1
vertex -53.70000076293945 -44.18472671508789 -1.5076520442962646
endloop
endfacet
facet normal 0 0 1
outer loop
vertex 43.238059997558594 -42.67606735229492 0
vertex 43.20000076293945 -42.48472595214844 0
vertex -15 -40.48472595214844 0
endloop
endfacet
facet normal 0 0 1
outer loop
vertex -15 -40.48472595214844 0
vertex 43.20000076293945 -42.48472595214844 0
vertex 43.20000076293945 -41.48472595214844 0
endloop
endfacet
facet normal 0 0 1
outer loop
vertex -15 -40.48472595214844 0
vertex 43.20000076293945 -41.48472595214844 0
vertex 43.238059997558594 -41.29338455200195 0
endloop
endfacet
facet normal 0 0 1
outer loop
vertex 43.238059997558594 -41.29338455200195 0
vertex 43.3464469909668 -41.13117218017578 0
vertex -15 -40.48472595214844 0
endloop
endfacet
facet normal 0 -1 0
outer loop
vertex -50.346126556396484 -44.18472671508789 -1.6591570377349854
vertex -49.599998474121094 -44.18472671508789 -4
vertex -49.599998474121094 -44.18472671508789 -1.6661099195480347
endloop
endfacet
facet normal 0 -1 0
outer loop
vertex -51.5658073425293 -44.18472671508789 -1.6254053115844727
vertex -49.599998474121094 -44.18472671508789 -4
vertex -50.346126556396484 -44.18472671508789 -1.6591570377349854
endloop
endfacet
facet normal 0 0 1
outer loop
vertex 43.3464469909668 -41.13117218017578 0
vertex 43.50865936279297 -41.02278518676758 0
vertex -15 -40.48472595214844 0
endloop
endfacet
facet normal 0 -1 0
outer loop
vertex -48.79999923706055 -44.18472671508789 -1.6661099195480347
vertex -48.79999923706055 -44.18472671508789 -4
vertex -43.20000076293945 -44.18472671508789 -4
endloop
endfacet
facet normal 0 0 1
outer loop
vertex 46 -40.48472595214844 0
vertex -15 -40.48472595214844 0
vertex 43.50865936279297 -41.02278518676758 0
endloop
endfacet
facet normal 0 -1 0
outer loop
vertex -58.20000076293945 -44.18472671508789 -1
vertex -49.599998474121094 -44.18472671508789 -4
vertex -53.70000076293945 -44.18472671508789 -1.5076520442962646
endloop
endfacet
facet normal 0 0 -1
outer loop
vertex 57.20000076293945 -43.18472671508789 -14.100000381469727
vertex -22.538061141967773 -21.676069259643555 -14.100000381469727
vertex -22.5 -21.484725952148438 -14.100000381469727
endloop
endfacet
facet normal 0 0 -1
outer loop
vertex 57.20000076293945 -43.18472671508789 -14.100000381469727
vertex -22.646446228027344 -21.838279724121094 -14.100000381469727
vertex -22.538061141967773 -21.676069259643555 -14.100000381469727
endloop
endfacet
facet normal 0 0 -1
outer loop
vertex 57.20000076293945 40.215274810791016 -14.100000381469727
vertex -22.538061141967773 -7.293385028839111 -14.100000381469727
vertex -22.646446228027344 -7.131173133850098 -14.100000381469727
endloop
endfacet
facet normal -0.08466414607859116 0.12847464482199766 -0.9880922264680784
outer loop
vertex -22.646446228027344 -7.131173133850098 -14.100000381469727
vertex 49.00490951538086 40.23448944091797 -14.080785751342773
vertex 49.20000076293945 40.215274810791016 -14.100000381469727
endloop
endfacet
facet normal 0.11331505116985988 -0.17195131146211984 -0.9785665259269954
outer loop
vertex -22.646446228027344 -7.131173133850098 -14.100000381469727
vertex 49.20000076293945 40.215274810791016 -14.100000381469727
vertex 49.39509201049805 40.23448944091797 -14.080785751342773
endloop
endfacet
facet normal -0.0024516576615131055 0.004134547827936063 -0.9999884473777533
outer loop
vertex 57.20000076293945 40.215274810791016 -14.100000381469727
vertex -22.646446228027344 -7.131173133850098 -14.100000381469727
vertex 49.39509201049805 40.23448944091797 -14.080785751342773
endloop
endfacet
facet normal 0 0 -1
outer loop
vertex 57.20000076293945 -43.18472671508789 -14.100000381469727
vertex -22.5 -7.484726905822754 -14.100000381469727
vertex 57.20000076293945 40.215274810791016 -14.100000381469727
endloop
endfacet
facet normal 0 0 -1
outer loop
vertex 57.20000076293945 -43.18472671508789 -14.100000381469727
vertex -22.5 -21.484725952148438 -14.100000381469727
vertex -22.5 -7.484726905822754 -14.100000381469727
endloop
endfacet
facet normal 0 0 -1
outer loop
vertex 57.20000076293945 -43.18472671508789 -14.100000381469727
vertex -57.20000076293945 -43.18472671508789 -14.100000381469727
vertex -22.808658599853516 -21.946666717529297 -14.100000381469727
endloop
endfacet
facet normal 0 0.00040566578194904456 -0.9999999177176333
outer loop
vertex -22.646446228027344 -7.131173133850098 -14.100000381469727
vertex -49.00490951538086 40.23448944091797 -14.080785751342773
vertex 49.00490951538086 40.23448944091797 -14.080785751342773
endloop
endfacet
facet normal 0.09280507771844437 0.052048354191106545 -0.9943229789035707
outer loop
vertex -49.20000076293945 40.215274810791016 -14.100000381469727
vertex -49.00490951538086 40.23448944091797 -14.080785751342773
vertex -22.646446228027344 -7.131173133850098 -14.100000381469727
endloop
endfacet
facet normal -0.10351209182429563 -0.05805322457332018 -0.9929325606317875
outer loop
vertex -22.646446228027344 -7.131173133850098 -14.100000381469727
vertex -49.39509201049805 40.23448944091797 -14.080785751342773
vertex -49.20000076293945 40.215274810791016 -14.100000381469727
endloop
endfacet
facet normal 0.0024574381896421958 0.0017934444544025856 -0.9999953722665585
outer loop
vertex -49.39509201049805 40.23448944091797 -14.080785751342773
vertex -22.646446228027344 -7.131173133850098 -14.100000381469727
vertex -57.20000076293945 40.215274810791016 -14.100000381469727
endloop
endfacet
facet normal 0 0 -1
outer loop
vertex -22.646446228027344 -7.131173133850098 -14.100000381469727
vertex -22.808658599853516 -7.022787094116211 -14.100000381469727
vertex -57.20000076293945 40.215274810791016 -14.100000381469727
endloop
endfacet
facet normal 0 0 -1
outer loop
vertex -22.808658599853516 -7.022787094116211 -14.100000381469727
vertex -23 -6.984726905822754 -14.100000381469727
vertex -57.20000076293945 40.215274810791016 -14.100000381469727
endloop
endfacet
facet normal 0 0 -1
outer loop
vertex -23 -6.984726905822754 -14.100000381469727
vertex -42 -6.984726905822754 -14.100000381469727
vertex -57.20000076293945 40.215274810791016 -14.100000381469727
endloop
endfacet
facet normal 0 0 -1
outer loop
vertex -42 -6.984726905822754 -14.100000381469727
vertex -42.191341400146484 -7.022787094116211 -14.100000381469727
vertex -57.20000076293945 40.215274810791016 -14.100000381469727
endloop
endfacet
facet normal 0 0 -1
outer loop
vertex -42.191341400146484 -7.022787094116211 -14.100000381469727
vertex -42.353553771972656 -7.131173133850098 -14.100000381469727
vertex -57.20000076293945 40.215274810791016 -14.100000381469727
endloop
endfacet
facet normal 0 0 -1
outer loop
vertex -42.353553771972656 -7.131173133850098 -14.100000381469727
vertex -42.46194076538086 -7.293385028839111 -14.100000381469727
vertex -57.20000076293945 40.215274810791016 -14.100000381469727
endloop
endfacet
facet normal 0 0 -1
outer loop
vertex -42.46194076538086 -7.293385028839111 -14.100000381469727
vertex -42.5 -7.484726905822754 -14.100000381469727
vertex -57.20000076293945 40.215274810791016 -14.100000381469727
endloop
endfacet
facet normal 0 0 -1
outer loop
vertex -42.5 -7.484726905822754 -14.100000381469727
vertex -42.5 -21.484725952148438 -14.100000381469727
vertex -57.20000076293945 40.215274810791016 -14.100000381469727
endloop
endfacet
facet normal 0 0 -1
outer loop
vertex -42.5 -21.484725952148438 -14.100000381469727
vertex -57.20000076293945 -43.18472671508789 -14.100000381469727
vertex -57.20000076293945 40.215274810791016 -14.100000381469727
endloop
endfacet
facet normal 0 0 -1
outer loop
vertex -57.20000076293945 -43.18472671508789 -14.100000381469727
vertex -23 -21.984725952148438 -14.100000381469727
vertex -22.808658599853516 -21.946666717529297 -14.100000381469727
endloop
endfacet
facet normal 0 0 -1
outer loop
vertex -57.20000076293945 -43.18472671508789 -14.100000381469727
vertex -42 -21.984725952148438 -14.100000381469727
vertex -23 -21.984725952148438 -14.100000381469727
endloop
endfacet
facet normal 0 0 -1
outer loop
vertex -57.20000076293945 -43.18472671508789 -14.100000381469727
vertex -42.191341400146484 -21.946666717529297 -14.100000381469727
vertex -42 -21.984725952148438 -14.100000381469727
endloop
endfacet
facet normal 0 0 -1
outer loop
vertex -42.191341400146484 -21.946666717529297 -14.100000381469727
vertex -57.20000076293945 -43.18472671508789 -14.100000381469727
vertex -42.353553771972656 -21.838279724121094 -14.100000381469727
endloop
endfacet
facet normal 0 0 -1
outer loop
vertex -42.46194076538086 -21.676069259643555 -14.100000381469727
vertex -57.20000076293945 -43.18472671508789 -14.100000381469727
vertex -42.5 -21.484725952148438 -14.100000381469727
endloop
endfacet
facet normal 0 0 -1
outer loop
vertex 57.20000076293945 -43.18472671508789 -14.100000381469727
vertex -22.808658599853516 -21.946666717529297 -14.100000381469727
vertex -22.646446228027344 -21.838279724121094 -14.100000381469727
endloop
endfacet
facet normal 0 0 -1
outer loop
vertex -57.20000076293945 -43.18472671508789 -14.100000381469727
vertex -42.46194076538086 -21.676069259643555 -14.100000381469727
vertex -42.353553771972656 -21.838279724121094 -14.100000381469727
endloop
endfacet
facet normal 0 0 -1
outer loop
vertex 57.20000076293945 40.215274810791016 -14.100000381469727
vertex -22.5 -7.484726905822754 -14.100000381469727
vertex -22.538061141967773 -7.293385028839111 -14.100000381469727
endloop
endfacet
facet normal 0 -1 0
outer loop
vertex -54.29999923706055 -6.784726619720459 0
vertex -54.29999923706055 -6.784726619720459 -4.099999904632568
vertex -52.20000076293945 -6.784726619720459 0
endloop
endfacet
facet normal 0 0 1
outer loop
vertex -54.29999923706055 -40.18472671508789 -4.099999904632568
vertex -53 -7.484726905822754 -4.099999904632568
vertex -54.29999923706055 -6.784726619720459 -4.099999904632568
endloop
endfacet
facet normal 0 -1 0
outer loop
vertex -54.29999923706055 -6.784726619720459 -4.099999904632568
vertex -52.20000076293945 -6.784726619720459 -4.099999904632568
vertex -52.20000076293945 -6.784726619720459 0
endloop
endfacet
facet normal 0 1 0
outer loop
vertex -53 -40.18472671508789 0
vertex -53 -40.18472671508789 -4.099999904632568
vertex -54.29999923706055 -40.18472671508789 0
endloop
endfacet
facet normal 0 0 1
outer loop
vertex 46 -7.484726905822754 -4.099999904632568
vertex 46.70000076293945 -35.18472671508789 -4.099999904632568
vertex 52.20000076293945 37.215274810791016 -4.099999904632568
endloop
endfacet
facet normal 0 0 1
outer loop
vertex 46.70000076293945 -35.18472671508789 -4.099999904632568
vertex 52.20000076293945 -35.18472671508789 -4.099999904632568
vertex 52.20000076293945 37.215274810791016 -4.099999904632568
endloop
endfacet
facet normal 0 1 0
outer loop
vertex -53 -40.18472671508789 -4.099999904632568
vertex -54.29999923706055 -40.18472671508789 -4.099999904632568
vertex -54.29999923706055 -40.18472671508789 0
endloop
endfacet
facet normal 1 0 0
outer loop
vertex -54.29999923706055 -6.784726619720459 0
vertex -54.29999923706055 -40.18472671508789 -4.099999904632568
vertex -54.29999923706055 -6.784726619720459 -4.099999904632568
endloop
endfacet
facet normal 0 0 1
outer loop
vertex -52.20000076293945 -6.784726619720459 -4.099999904632568
vertex -53 -7.484726905822754 -4.099999904632568
vertex -20.5 -7.484726905822754 -4.099999904632568
endloop
endfacet
facet normal 0 0 1
outer loop
vertex 46.70000076293945 -40.18472671508789 -4.099999904632568
vertex 46.70000076293945 -35.18472671508789 -4.099999904632568
vertex 46 -40.18472671508789 -4.099999904632568
endloop
endfacet
facet normal 0 0 1
outer loop
vertex 46.70000076293945 -35.18472671508789 -4.099999904632568
vertex 46 -7.484726905822754 -4.099999904632568
vertex 46 -40.18472671508789 -4.099999904632568
endloop
endfacet
facet normal 0 1 0
outer loop
vertex 46.70000076293945 -40.18472671508789 -4.099999904632568
vertex 46 -40.18472671508789 -4.099999904632568
vertex 46 -40.18472671508789 0
endloop
endfacet
facet normal -1 0 0
outer loop
vertex 46.70000076293945 -35.18472671508789 -4.099999904632568
vertex 46.70000076293945 -40.18472671508789 -4.099999904632568
vertex 46.70000076293945 -40.18472671508789 0
endloop
endfacet
facet normal 0 1 0
outer loop
vertex 46.70000076293945 -35.18472671508789 -4.099999904632568
vertex 46.70000076293945 -35.18472671508789 0
vertex 52.20000076293945 -35.18472671508789 -4.099999904632568
endloop
endfacet
facet normal 0 -1 0
outer loop
vertex -52.20000076293945 37.215274810791016 0
vertex -52.20000076293945 37.215274810791016 -4.099999904632568
vertex 52.20000076293945 37.215274810791016 0
endloop
endfacet
facet normal 0 0 1
outer loop
vertex 52.20000076293945 37.215274810791016 -4.099999904632568
vertex -20.5 -7.484726905822754 -4.099999904632568
vertex 46 -7.484726905822754 -4.099999904632568
endloop
endfacet
facet normal 0 -1 0
outer loop
vertex 52.20000076293945 37.215274810791016 0
vertex -52.20000076293945 37.215274810791016 -4.099999904632568
vertex 52.20000076293945 37.215274810791016 -4.099999904632568
endloop
endfacet
facet normal 0 0 1
outer loop
vertex -52.20000076293945 37.215274810791016 -4.099999904632568
vertex -52.20000076293945 -6.784726619720459 -4.099999904632568
vertex 52.20000076293945 37.215274810791016 -4.099999904632568
endloop
endfacet
facet normal 0 1 0
outer loop
vertex 46.70000076293945 -40.18472671508789 0
vertex 46.70000076293945 -40.18472671508789 -4.099999904632568
vertex 46 -40.18472671508789 0
endloop
endfacet
facet normal -1 0 0
outer loop
vertex 52.20000076293945 37.215274810791016 -4.099999904632568
vertex 52.20000076293945 -35.18472671508789 -4.099999904632568
vertex 52.20000076293945 -35.18472671508789 0
endloop
endfacet
facet normal 0 0 1
outer loop
vertex -52.20000076293945 -6.784726619720459 -4.099999904632568
vertex -20.5 -7.484726905822754 -4.099999904632568
vertex 52.20000076293945 37.215274810791016 -4.099999904632568
endloop
endfacet
facet normal -1 0 0
outer loop
vertex 46.70000076293945 -35.18472671508789 0
vertex 46.70000076293945 -35.18472671508789 -4.099999904632568
vertex 46.70000076293945 -40.18472671508789 0
endloop
endfacet
facet normal 0 1 0
outer loop
vertex 52.20000076293945 -35.18472671508789 -4.099999904632568
vertex 46.70000076293945 -35.18472671508789 0
vertex 52.20000076293945 -35.18472671508789 0
endloop
endfacet
facet normal 0 0 1
outer loop
vertex -54.29999923706055 -40.18472671508789 -4.099999904632568
vertex -53 -40.18472671508789 -4.099999904632568
vertex -53 -7.484726905822754 -4.099999904632568
endloop
endfacet
facet normal 1 0 0
outer loop
vertex -52.20000076293945 37.215274810791016 0
vertex -52.20000076293945 -6.784726619720459 -4.099999904632568
vertex -52.20000076293945 37.215274810791016 -4.099999904632568
endloop
endfacet
facet normal 1 0 0
outer loop
vertex -52.20000076293945 -6.784726619720459 0
vertex -52.20000076293945 -6.784726619720459 -4.099999904632568
vertex -52.20000076293945 37.215274810791016 0
endloop
endfacet
facet normal 1 0 0
outer loop
vertex -54.29999923706055 -40.18472671508789 0
vertex -54.29999923706055 -40.18472671508789 -4.099999904632568
vertex -54.29999923706055 -6.784726619720459 0
endloop
endfacet
facet normal -1 0 0
outer loop
vertex 52.20000076293945 37.215274810791016 -4.099999904632568
vertex 52.20000076293945 -35.18472671508789 0
vertex 52.20000076293945 37.215274810791016 0
endloop
endfacet
facet normal 0 0 1
outer loop
vertex -54.29999923706055 -6.784726619720459 -4.099999904632568
vertex -53 -7.484726905822754 -4.099999904632568
vertex -52.20000076293945 -6.784726619720459 -4.099999904632568
endloop
endfacet
facet normal 1 0 0
outer loop
vertex -20.5 -22.484725952148438 -11.899999618530273
vertex -20.5 -7.484726905822754 -11.899999618530273
vertex -20.5 -22.484725952148438 -8.199999809265137
endloop
endfacet
facet normal 0 0 1
outer loop
vertex -20.5 -22.484725952148438 -11.899999618530273
vertex -15 -22.484725952148438 -11.899999618530273
vertex -20.5 -7.484726905822754 -11.899999618530273
endloop
endfacet
facet normal -1 0 0
outer loop
vertex 46 -7.484726905822754 -11.899999618530273
vertex 46 -40.48472595214844 -11.899999618530273
vertex 46 -40.18472671508789 -4.099999904632568
endloop
endfacet
facet normal -1 0 0
outer loop
vertex 46 -7.484726905822754 -4.099999904632568
vertex 46 -7.484726905822754 -11.899999618530273
vertex 46 -40.18472671508789 -4.099999904632568
endloop
endfacet
facet normal 0 1 0
outer loop
vertex 46 -40.48472595214844 -11.899999618530273
vertex -15 -40.48472595214844 -8.199999809265137
vertex -15 -40.48472595214844 0
endloop
endfacet
facet normal 1 0 0
outer loop
vertex -15 -40.48472595214844 -8.199999809265137
vertex -15 -22.484725952148438 -11.899999618530273
vertex -15 -22.484725952148438 -8.199999809265137
endloop
endfacet
facet normal 0 -1 0
outer loop
vertex -20.5 -7.484726905822754 -4.099999904632568
vertex -20.5 -7.484726905822754 -8.199999809265137
vertex 46 -7.484726905822754 -4.099999904632568
endloop
endfacet
facet normal 0 -1 0
outer loop
vertex 46 -7.484726905822754 -4.099999904632568
vertex -20.5 -7.484726905822754 -11.899999618530273
vertex 46 -7.484726905822754 -11.899999618530273
endloop
endfacet
facet normal 0 -1 0
outer loop
vertex -20.5 -7.484726905822754 -8.199999809265137
vertex -20.5 -7.484726905822754 -11.899999618530273
vertex 46 -7.484726905822754 -4.099999904632568
endloop
endfacet
facet normal 0 0 1
outer loop
vertex 46 -7.484726905822754 -11.899999618530273
vertex -15 -22.484725952148438 -11.899999618530273
vertex 46 -40.48472595214844 -11.899999618530273
endloop
endfacet
facet normal 0 0 1
outer loop
vertex -20.5 -7.484726905822754 -11.899999618530273
vertex -15 -22.484725952148438 -11.899999618530273
vertex 46 -7.484726905822754 -11.899999618530273
endloop
endfacet
facet normal -1 0 0
outer loop
vertex 46 -40.18472671508789 -4.099999904632568
vertex 46 -40.48472595214844 -11.899999618530273
vertex 46 -40.18472671508789 0
endloop
endfacet
facet normal -1 0 0
outer loop
vertex 46 -40.18472671508789 0
vertex 46 -40.48472595214844 -11.899999618530273
vertex 46 -40.48472595214844 0
endloop
endfacet
facet normal 0 0 1
outer loop
vertex -15 -22.484725952148438 -11.899999618530273
vertex -15 -40.48472595214844 -11.899999618530273
vertex 46 -40.48472595214844 -11.899999618530273
endloop
endfacet
facet normal 0 1 0
outer loop
vertex 46 -40.48472595214844 -11.899999618530273
vertex -15 -40.48472595214844 0
vertex 46 -40.48472595214844 0
endloop
endfacet
facet normal 0 1 0
outer loop
vertex -15 -40.48472595214844 -8.199999809265137
vertex 46 -40.48472595214844 -11.899999618530273
vertex -15 -40.48472595214844 -11.899999618530273
endloop
endfacet
facet normal 1 0 0
outer loop
vertex -15 -40.48472595214844 -11.899999618530273
vertex -15 -22.484725952148438 -11.899999618530273
vertex -15 -40.48472595214844 -8.199999809265137
endloop
endfacet
facet normal 1 0 0
outer loop
vertex -20.5 -22.484725952148438 -8.199999809265137
vertex -20.5 -7.484726905822754 -11.899999618530273
vertex -20.5 -7.484726905822754 -8.199999809265137
endloop
endfacet
facet normal 0 1 0
outer loop
vertex -15 -22.484725952148438 -8.199999809265137
vertex -20.5 -22.484725952148438 -11.899999618530273
vertex -20.5 -22.484725952148438 -8.199999809265137
endloop
endfacet
facet normal 0 1 0
outer loop
vertex -15 -22.484725952148438 -8.199999809265137
vertex -15 -22.484725952148438 -11.899999618530273
vertex -20.5 -22.484725952148438 -11.899999618530273
endloop
endfacet
facet normal 0 0 1
outer loop
vertex -20.5 -7.484726905822754 -8.199999809265137
vertex -24.950000762939453 -9.584726333618164 -8.199999809265137
vertex -24.950000762939453 -19.384727478027344 -8.199999809265137
endloop
endfacet
facet normal 0 1 0
outer loop
vertex -15 -40.48472595214844 0
vertex -17.75 -40.48472595214844 -6.699999809265137
vertex -17.826120376586914 -40.48472595214844 -6.31731653213501
endloop
endfacet
facet normal 0 0 1
outer loop
vertex -53 -40.48472595214844 -8.199999809265137
vertex -27.5 -31.484725952148438 -8.199999809265137
vertex -53 -7.484726905822754 -8.199999809265137
endloop
endfacet
facet normal 0 1 0
outer loop
vertex -27.173879623413086 -40.48472595214844 -6.31731653213501
vertex -53 -40.48472595214844 -8.199999809265137
vertex -26.957107543945312 -40.48472595214844 -5.992893218994141
endloop
endfacet
facet normal 0 1 0
outer loop
vertex -26.957107543945312 -40.48472595214844 -5.992893218994141
vertex -53 -40.48472595214844 -8.199999809265137
vertex -26.63268280029297 -40.48472595214844 -5.776120662689209
endloop
endfacet
facet normal 0 1 0
outer loop
vertex -26.63268280029297 -40.48472595214844 -5.776120662689209
vertex -53 -40.48472595214844 -8.199999809265137
vertex -26.25 -40.48472595214844 -5.699999809265137
endloop
endfacet
facet normal 0 -1 0
outer loop
vertex -53 -7.484726905822754 -4.099999904632568
vertex -53 -7.484726905822754 -8.199999809265137
vertex -20.5 -7.484726905822754 -4.099999904632568
endloop
endfacet
facet normal 1 0 0
outer loop
vertex -53 -7.484726905822754 -4.099999904632568
vertex -53 -40.48472595214844 -8.199999809265137
vertex -53 -7.484726905822754 -8.199999809265137
endloop
endfacet
facet normal 0 0 1
outer loop
vertex -29.049999237060547 -19.384727478027344 -8.199999809265137
vertex -29.049999237060547 -9.584726333618164 -8.199999809265137
vertex -53 -7.484726905822754 -8.199999809265137
endloop
endfacet
facet normal 0 0 1
outer loop
vertex -53 -7.484726905822754 -8.199999809265137
vertex -29.049999237060547 -9.584726333618164 -8.199999809265137
vertex -24.950000762939453 -9.584726333618164 -8.199999809265137
endloop
endfacet
facet normal 0 0 1
outer loop
vertex -24.950000762939453 -9.584726333618164 -8.199999809265137
vertex -20.5 -7.484726905822754 -8.199999809265137
vertex -53 -7.484726905822754 -8.199999809265137
endloop
endfacet
facet normal 0 0 1
outer loop
vertex -24.950000762939453 -19.384727478027344 -8.199999809265137
vertex -20.5 -22.484725952148438 -8.199999809265137
vertex -20.5 -7.484726905822754 -8.199999809265137
endloop
endfacet
facet normal 0 1 0
outer loop
vertex -53 -40.48472595214844 -8.199999809265137
vertex -27.25 -40.48472595214844 -6.699999809265137
vertex -27.5 -40.48472595214844 -8.199999809265137
endloop
endfacet
facet normal 0 0 1
outer loop
vertex -17.5 -31.484725952148438 -8.199999809265137
vertex -53 -7.484726905822754 -8.199999809265137
vertex -27.5 -31.484725952148438 -8.199999809265137
endloop
endfacet
facet normal 0 0 1
outer loop
vertex -24.950000762939453 -19.384727478027344 -8.199999809265137
vertex -29.049999237060547 -19.384727478027344 -8.199999809265137
vertex -20.5 -22.484725952148438 -8.199999809265137
endloop
endfacet
facet normal 0 0 1
outer loop
vertex -53 -7.484726905822754 -8.199999809265137
vertex -17.5 -31.484725952148438 -8.199999809265137
vertex -29.049999237060547 -19.384727478027344 -8.199999809265137
endloop
endfacet
facet normal 0 0 1
outer loop
vertex -29.049999237060547 -19.384727478027344 -8.199999809265137
vertex -17.5 -31.484725952148438 -8.199999809265137
vertex -20.5 -22.484725952148438 -8.199999809265137
endloop
endfacet
facet normal 1 0 0
outer loop
vertex -53 -40.48472595214844 0
vertex -53 -40.18472671508789 -4.099999904632568
vertex -53 -40.18472671508789 0
endloop
endfacet
facet normal 0 1 0
outer loop
vertex -26.25 -40.48472595214844 -5.699999809265137
vertex -53 -40.48472595214844 -8.199999809265137
vertex -15 -40.48472595214844 0
endloop
endfacet
facet normal 0 1 0
outer loop
vertex -27.25 -40.48472595214844 -8.199999809265137
vertex -27.5 -40.48472595214844 -8.199999809265137
vertex -27.25 -40.48472595214844 -6.699999809265137
endloop
endfacet
facet normal 0 1 0
outer loop
vertex -15 -40.48472595214844 0
vertex -53 -40.48472595214844 -8.199999809265137
vertex -53 -40.48472595214844 0
endloop
endfacet
facet normal 0 0 1
outer loop
vertex -17.5 -40.48472595214844 -8.199999809265137
vertex -15 -40.48472595214844 -8.199999809265137
vertex -15 -22.484725952148438 -8.199999809265137
endloop
endfacet
facet normal 0 1 0
outer loop
vertex -18.042892456054688 -40.48472595214844 -5.992893218994141
vertex -18.36731719970703 -40.48472595214844 -5.776120662689209
vertex -15 -40.48472595214844 0
endloop
endfacet
facet normal 0 0 1
outer loop
vertex -17.5 -31.484725952148438 -8.199999809265137
vertex -17.5 -40.48472595214844 -8.199999809265137
vertex -15 -22.484725952148438 -8.199999809265137
endloop
endfacet
facet normal 0 0 1
outer loop
vertex -20.5 -22.484725952148438 -8.199999809265137
vertex -17.5 -31.484725952148438 -8.199999809265137
vertex -15 -22.484725952148438 -8.199999809265137
endloop
endfacet
facet normal 1 0 0
outer loop
vertex -53 -40.18472671508789 -4.099999904632568
vertex -53 -40.48472595214844 -8.199999809265137
vertex -53 -7.484726905822754 -4.099999904632568
endloop
endfacet
facet normal 1 0 0
outer loop
vertex -53 -40.48472595214844 -8.199999809265137
vertex -53 -40.18472671508789 -4.099999904632568
vertex -53 -40.48472595214844 0
endloop
endfacet
facet normal 0 1 0
outer loop
vertex -27.25 -40.48472595214844 -6.699999809265137
vertex -53 -40.48472595214844 -8.199999809265137
vertex -27.173879623413086 -40.48472595214844 -6.31731653213501
endloop
endfacet
facet normal 0 1 0
outer loop
vertex -18.36731719970703 -40.48472595214844 -5.776120662689209
vertex -18.75 -40.48472595214844 -5.699999809265137
vertex -15 -40.48472595214844 0
endloop
endfacet
facet normal 0 -1 0
outer loop
vertex -20.5 -7.484726905822754 -4.099999904632568
vertex -53 -7.484726905822754 -8.199999809265137
vertex -20.5 -7.484726905822754 -8.199999809265137
endloop
endfacet
facet normal 0 0 1
outer loop
vertex -27.5 -31.484725952148438 -8.199999809265137
vertex -53 -40.48472595214844 -8.199999809265137
vertex -27.5 -40.48472595214844 -8.199999809265137
endloop
endfacet
facet normal 0 1 0
outer loop
vertex -15 -40.48472595214844 -8.199999809265137
vertex -17.5 -40.48472595214844 -8.199999809265137
vertex -15 -40.48472595214844 0
endloop
endfacet
facet normal 0 1 0
outer loop
vertex -15 -40.48472595214844 0
vertex -17.826120376586914 -40.48472595214844 -6.31731653213501
vertex -18.042892456054688 -40.48472595214844 -5.992893218994141
endloop
endfacet
facet normal 0 1 0
outer loop
vertex -15 -40.48472595214844 0
vertex -17.5 -40.48472595214844 -8.199999809265137
vertex -17.75 -40.48472595214844 -6.699999809265137
endloop
endfacet
facet normal 0 1 0
outer loop
vertex -18.75 -40.48472595214844 -5.699999809265137
vertex -26.25 -40.48472595214844 -5.699999809265137
vertex -15 -40.48472595214844 0
endloop
endfacet
facet normal 0 1 0
outer loop
vertex -17.5 -40.48472595214844 -8.199999809265137
vertex -17.75 -40.48472595214844 -8.199999809265137
vertex -17.75 -40.48472595214844 -6.699999809265137
endloop
endfacet
facet normal 0 1 0
outer loop
vertex -26.63268280029297 -40.48472595214844 -9.123879432678223
vertex -27.5 -40.48472595214844 -9.5
vertex -26.957107543945312 -40.48472595214844 -8.907106399536133
endloop
endfacet
facet normal 0 0 1
outer loop
vertex -27.5 -40.48472595214844 -9.5
vertex -17.5 -40.48472595214844 -9.5
vertex -27.5 -31.484725952148438 -9.5
endloop
endfacet
facet normal 0 1 0
outer loop
vertex -26.25 -40.48472595214844 -9.199999809265137
vertex -18.75 -40.48472595214844 -9.199999809265137
vertex -27.5 -40.48472595214844 -9.5
endloop
endfacet
facet normal 0 1 0
outer loop
vertex -17.5 -40.48472595214844 -9.5
vertex -18.36731719970703 -40.48472595214844 -9.123879432678223
vertex -18.042892456054688 -40.48472595214844 -8.907106399536133
endloop
endfacet
facet normal 0 1 0
outer loop
vertex -26.957107543945312 -40.48472595214844 -8.907106399536133
vertex -27.5 -40.48472595214844 -9.5
vertex -27.173879623413086 -40.48472595214844 -8.582683563232422
endloop
endfacet
facet normal 0 1 0
outer loop
vertex -18.042892456054688 -40.48472595214844 -8.907106399536133
vertex -17.826120376586914 -40.48472595214844 -8.582683563232422
vertex -17.5 -40.48472595214844 -9.5
endloop
endfacet
facet normal 0 1 0
outer loop
vertex -17.5 -40.48472595214844 -9.5
vertex -27.5 -40.48472595214844 -9.5
vertex -18.75 -40.48472595214844 -9.199999809265137
endloop
endfacet
facet normal 0 1 0
outer loop
vertex -27.5 -40.48472595214844 -9.5
vertex -26.63268280029297 -40.48472595214844 -9.123879432678223
vertex -26.25 -40.48472595214844 -9.199999809265137
endloop
endfacet
facet normal -1 0 0
outer loop
vertex -17.5 -40.48472595214844 -9.5
vertex -17.5 -40.48472595214844 -8.199999809265137
vertex -17.5 -31.484725952148438 -9.5
endloop
endfacet
facet normal 0 1 0
outer loop
vertex -27.173879623413086 -40.48472595214844 -8.582683563232422
vertex -27.5 -40.48472595214844 -9.5
vertex -27.5 -40.48472595214844 -8.199999809265137
endloop
endfacet
facet normal 0 1 0
outer loop
vertex -27.173879623413086 -40.48472595214844 -8.582683563232422
vertex -27.5 -40.48472595214844 -8.199999809265137
vertex -27.25 -40.48472595214844 -8.199999809265137
endloop
endfacet
facet normal -1 0 0
outer loop
vertex -17.5 -31.484725952148438 -9.5
vertex -17.5 -40.48472595214844 -8.199999809265137
vertex -17.5 -31.484725952148438 -8.199999809265137
endloop
endfacet
facet normal 0 1 0
outer loop
vertex -17.5 -40.48472595214844 -8.199999809265137
vertex -17.5 -40.48472595214844 -9.5
vertex -17.75 -40.48472595214844 -8.199999809265137
endloop
endfacet
facet normal 0 -1 0
outer loop
vertex -17.5 -31.484725952148438 -8.199999809265137
vertex -27.5 -31.484725952148438 -8.199999809265137
vertex -27.5 -31.484725952148438 -9.5
endloop
endfacet
facet normal 0 1 0
outer loop
vertex -17.826120376586914 -40.48472595214844 -8.582683563232422
vertex -17.75 -40.48472595214844 -8.199999809265137
vertex -17.5 -40.48472595214844 -9.5
endloop
endfacet
facet normal 0 1 0
outer loop
vertex -17.5 -40.48472595214844 -9.5
vertex -18.75 -40.48472595214844 -9.199999809265137
vertex -18.36731719970703 -40.48472595214844 -9.123879432678223
endloop
endfacet
facet normal 1 0 0
outer loop
vertex -27.5 -31.484725952148438 -8.199999809265137
vertex -27.5 -40.48472595214844 -8.199999809265137
vertex -27.5 -40.48472595214844 -9.5
endloop
endfacet
facet normal 0 -1 0
outer loop
vertex -27.5 -31.484725952148438 -9.5
vertex -17.5 -31.484725952148438 -9.5
vertex -17.5 -31.484725952148438 -8.199999809265137
endloop
endfacet
facet normal 0 0 1
outer loop
vertex -27.5 -31.484725952148438 -9.5
vertex -17.5 -40.48472595214844 -9.5
vertex -17.5 -31.484725952148438 -9.5
endloop
endfacet
facet normal 1 0 0
outer loop
vertex -27.5 -31.484725952148438 -8.199999809265137
vertex -27.5 -40.48472595214844 -9.5
vertex -27.5 -31.484725952148438 -9.5
endloop
endfacet
facet normal 0 1 0
outer loop
vertex -24.950000762939453 -19.384727478027344 -10
vertex -29.049999237060547 -19.384727478027344 -10
vertex -29.049999237060547 -19.384727478027344 -8.199999809265137
endloop
endfacet
facet normal 0 -1 0
outer loop
vertex -24.950000762939453 -9.584726333618164 -8.199999809265137
vertex -29.049999237060547 -9.584726333618164 -8.199999809265137
vertex -29.049999237060547 -9.584726333618164 -10
endloop
endfacet
facet normal 0 0 1
outer loop
vertex -29.049999237060547 -19.384727478027344 -10
vertex -28.25 -17.734725952148438 -10
vertex -28.25 -11.234726905822754 -10
endloop
endfacet
facet normal 0 0 1
outer loop
vertex -29.049999237060547 -19.384727478027344 -10
vertex -28.25 -11.234726905822754 -10
vertex -29.049999237060547 -9.584726333618164 -10
endloop
endfacet
facet normal 0 0 1
outer loop
vertex -25.75 -11.234726905822754 -10
vertex -25.75 -17.734725952148438 -10
vertex -24.950000762939453 -9.584726333618164 -10
endloop
endfacet
facet normal 0 0 1
outer loop
vertex -25.75 -17.734725952148438 -10
vertex -24.950000762939453 -19.384727478027344 -10
vertex -24.950000762939453 -9.584726333618164 -10
endloop
endfacet
facet normal 1 0 0
outer loop
vertex -29.049999237060547 -9.584726333618164 -8.199999809265137
vertex -29.049999237060547 -19.384727478027344 -10
vertex -29.049999237060547 -9.584726333618164 -10
endloop
endfacet
facet normal -1 0 0
outer loop
vertex -24.950000762939453 -9.584726333618164 -10
vertex -24.950000762939453 -19.384727478027344 -10
vertex -24.950000762939453 -19.384727478027344 -8.199999809265137
endloop
endfacet
facet normal 0 -1 0
outer loop
vertex -29.049999237060547 -9.584726333618164 -10
vertex -24.950000762939453 -9.584726333618164 -10
vertex -24.950000762939453 -9.584726333618164 -8.199999809265137
endloop
endfacet
facet normal 0 0 1
outer loop
vertex -29.049999237060547 -19.384727478027344 -10
vertex -24.950000762939453 -19.384727478027344 -10
vertex -25.75 -17.734725952148438 -10
endloop
endfacet
facet normal 0 0 1
outer loop
vertex -25.75 -17.734725952148438 -10
vertex -28.25 -17.734725952148438 -10
vertex -29.049999237060547 -19.384727478027344 -10
endloop
endfacet
facet normal 0 1 0
outer loop
vertex -24.950000762939453 -19.384727478027344 -8.199999809265137
vertex -24.950000762939453 -19.384727478027344 -10
vertex -29.049999237060547 -19.384727478027344 -8.199999809265137
endloop
endfacet
facet normal 1 0 0
outer loop
vertex -29.049999237060547 -9.584726333618164 -8.199999809265137
vertex -29.049999237060547 -19.384727478027344 -8.199999809265137
vertex -29.049999237060547 -19.384727478027344 -10
endloop
endfacet
facet normal -1 0 0
outer loop
vertex -24.950000762939453 -9.584726333618164 -10
vertex -24.950000762939453 -19.384727478027344 -8.199999809265137
vertex -24.950000762939453 -9.584726333618164 -8.199999809265137
endloop
endfacet
facet normal 0 0 1
outer loop
vertex -29.049999237060547 -9.584726333618164 -10
vertex -28.25 -11.234726905822754 -10
vertex -24.950000762939453 -9.584726333618164 -10
endloop
endfacet
facet normal 0 0 1
outer loop
vertex -28.25 -11.234726905822754 -10
vertex -25.75 -11.234726905822754 -10
vertex -24.950000762939453 -9.584726333618164 -10
endloop
endfacet
facet normal 0 -1 0
outer loop
vertex -28.25 -11.234726905822754 -11.699999809265137
vertex -25.75 -11.234726905822754 -11.699999809265137
vertex -28.25 -11.234726905822754 -10
endloop
endfacet
facet normal 0 1 0
outer loop
vertex -25.75 -17.734725952148438 -10
vertex -28.25 -17.734725952148438 -11.699999809265137
vertex -28.25 -17.734725952148438 -10
endloop
endfacet
facet normal -1 0 0
outer loop
vertex -25.75 -17.734725952148438 -11.699999809265137
vertex -25.75 -11.234726905822754 -10
vertex -25.75 -11.234726905822754 -11.699999809265137
endloop
endfacet
facet normal 0 1 0
outer loop
vertex -25.75 -17.734725952148438 -11.699999809265137
vertex -28.25 -17.734725952148438 -11.699999809265137
vertex -25.75 -17.734725952148438 -10
endloop
endfacet
facet normal 1 0 0
outer loop
vertex -28.25 -11.234726905822754 -11.699999809265137
vertex -28.25 -17.734725952148438 -10
vertex -28.25 -17.734725952148438 -11.699999809265137
endloop
endfacet
facet normal 0 -1 0
outer loop
vertex -28.25 -11.234726905822754 -10
vertex -25.75 -11.234726905822754 -11.699999809265137
vertex -25.75 -11.234726905822754 -10
endloop
endfacet
facet normal 1 0 0
outer loop
vertex -28.25 -17.734725952148438 -10
vertex -28.25 -11.234726905822754 -11.699999809265137
vertex -28.25 -11.234726905822754 -10
endloop
endfacet
facet normal -1 0 0
outer loop
vertex -25.75 -11.234726905822754 -10
vertex -25.75 -17.734725952148438 -11.699999809265137
vertex -25.75 -17.734725952148438 -10
endloop
endfacet
facet normal -0.5555673912342671 -0.8314715111157752 0
outer loop
vertex -22.808658599853516 -7.022787094116211 -14.100000381469727
vertex -22.646446228027344 -7.131173133850098 -14.100000381469727
vertex -22.646446228027344 -7.131173133850098 -11.699999809265137
endloop
endfacet
facet normal -0.8314730148337176 -0.5555651407380852 0
outer loop
vertex -22.538061141967773 -7.293385028839111 -14.100000381469727
vertex -22.538061141967773 -7.293385028839111 -11.699999809265137
vertex -22.646446228027344 -7.131173133850098 -14.100000381469727
endloop
endfacet
facet normal 1 0 0
outer loop
vertex -42.5 -7.484726905822754 -11.699999809265137
vertex -42.5 -21.484725952148438 -14.100000381469727
vertex -42.5 -7.484726905822754 -14.100000381469727
endloop
endfacet
facet normal 0.9807862916882889 -0.19508523787394735 0
outer loop
vertex -42.5 -7.484726905822754 -11.699999809265137
vertex -42.5 -7.484726905822754 -14.100000381469727
vertex -42.46194076538086 -7.293385028839111 -11.699999809265137
endloop
endfacet
facet normal 0 0 -1
outer loop
vertex -28.25 -11.234726905822754 -11.699999809265137
vertex -42 -21.984725952148438 -11.699999809265137
vertex -23 -6.984726905822754 -11.699999809265137
endloop
endfacet
facet normal 0 0 -1
outer loop
vertex -28.25 -17.734725952148438 -11.699999809265137
vertex -42 -21.984725952148438 -11.699999809265137
vertex -28.25 -11.234726905822754 -11.699999809265137
endloop
endfacet
facet normal 0.8314684985733335 -0.5555718998295418 0
outer loop
vertex -42.46194076538086 -7.293385028839111 -14.100000381469727
vertex -42.353553771972656 -7.131173133850098 -14.100000381469727
vertex -42.353553771972656 -7.131173133850098 -11.699999809265137
endloop
endfacet
facet normal 0 0 -1
outer loop
vertex -23 -21.984725952148438 -11.699999809265137
vertex -42 -21.984725952148438 -11.699999809265137
vertex -28.25 -17.734725952148438 -11.699999809265137
endloop
endfacet
facet normal 0.5555673912342671 -0.8314715111157752 0
outer loop
vertex -42.353553771972656 -7.131173133850098 -14.100000381469727
vertex -42.191341400146484 -7.022787094116211 -14.100000381469727
vertex -42.191341400146484 -7.022787094116211 -11.699999809265137
endloop
endfacet
facet normal 0 0 -1
outer loop
vertex -22.646446228027344 -7.131173133850098 -11.699999809265137
vertex -22.808658599853516 -21.946666717529297 -11.699999809265137
vertex -22.808658599853516 -7.022787094116211 -11.699999809265137
endloop
endfacet
facet normal 0 0 -1
outer loop
vertex -22.808658599853516 -7.022787094116211 -11.699999809265137
vertex -23 -21.984725952148438 -11.699999809265137
vertex -23 -6.984726905822754 -11.699999809265137
endloop
endfacet
facet normal 0 0 -1
outer loop
vertex -23 -6.984726905822754 -11.699999809265137
vertex -25.75 -17.734725952148438 -11.699999809265137
vertex -25.75 -11.234726905822754 -11.699999809265137
endloop
endfacet
facet normal 0 0 -1
outer loop
vertex -28.25 -11.234726905822754 -11.699999809265137
vertex -23 -6.984726905822754 -11.699999809265137
vertex -25.75 -11.234726905822754 -11.699999809265137
endloop
endfacet
facet normal 0 0 -1
outer loop
vertex -42.353553771972656 -21.838279724121094 -11.699999809265137
vertex -42.46194076538086 -21.676069259643555 -11.699999809265137
vertex -42.353553771972656 -7.131173133850098 -11.699999809265137
endloop
endfacet
facet normal -0.8314730148337176 -0.5555651407380852 0
outer loop
vertex -22.646446228027344 -7.131173133850098 -11.699999809265137
vertex -22.646446228027344 -7.131173133850098 -14.100000381469727
vertex -22.538061141967773 -7.293385028839111 -11.699999809265137
endloop
endfacet
facet normal 0 0 -1
outer loop
vertex -42.46194076538086 -21.676069259643555 -11.699999809265137
vertex -42.5 -21.484725952148438 -11.699999809265137
vertex -42.46194076538086 -7.293385028839111 -11.699999809265137
endloop
endfacet
facet normal 0 0 -1
outer loop
vertex -42 -21.984725952148438 -11.699999809265137
vertex -42.191341400146484 -21.946666717529297 -11.699999809265137
vertex -42 -6.984726905822754 -11.699999809265137
endloop
endfacet
facet normal 0.5555673912342671 -0.8314715111157752 0
outer loop
vertex -42.353553771972656 -7.131173133850098 -11.699999809265137
vertex -42.353553771972656 -7.131173133850098 -14.100000381469727
vertex -42.191341400146484 -7.022787094116211 -11.699999809265137
endloop
endfacet
facet normal -0.19508570553829574 0.9807861986664705 0
outer loop
vertex -22.808658599853516 -21.946666717529297 -14.100000381469727
vertex -23 -21.984725952148438 -14.100000381469727
vertex -23 -21.984725952148438 -11.699999809265137
endloop
endfacet
facet normal 0 0 -1
outer loop
vertex -22.538061141967773 -7.293385028839111 -11.699999809265137
vertex -22.646446228027344 -21.838279724121094 -11.699999809265137
vertex -22.646446228027344 -7.131173133850098 -11.699999809265137
endloop
endfacet
facet normal -0.5555707707654927 0.8314692529919772 0
outer loop
vertex -22.808658599853516 -21.946666717529297 -14.100000381469727
vertex -22.808658599853516 -21.946666717529297 -11.699999809265137
vertex -22.646446228027344 -21.838279724121094 -14.100000381469727
endloop
endfacet
facet normal 0.19509040787318935 -0.9807852633251953 0
outer loop
vertex -42.191341400146484 -7.022787094116211 -11.699999809265137
vertex -42.191341400146484 -7.022787094116211 -14.100000381469727
vertex -42 -6.984726905822754 -11.699999809265137
endloop
endfacet
facet normal 0 -1 0
outer loop
vertex -42 -6.984726905822754 -14.100000381469727
vertex -23 -6.984726905822754 -14.100000381469727
vertex -23 -6.984726905822754 -11.699999809265137
endloop
endfacet
facet normal 0 -1 0
outer loop
vertex -42 -6.984726905822754 -11.699999809265137
vertex -42 -6.984726905822754 -14.100000381469727
vertex -23 -6.984726905822754 -11.699999809265137
endloop
endfacet
facet normal -0.5555673912342671 -0.8314715111157752 0
outer loop
vertex -22.808658599853516 -7.022787094116211 -11.699999809265137
vertex -22.808658599853516 -7.022787094116211 -14.100000381469727
vertex -22.646446228027344 -7.131173133850098 -11.699999809265137
endloop
endfacet
facet normal 0 0 -1
outer loop
vertex -22.5 -7.484726905822754 -11.699999809265137
vertex -22.538061141967773 -21.676069259643555 -11.699999809265137
vertex -22.538061141967773 -7.293385028839111 -11.699999809265137
endloop
endfacet
facet normal -0.8314707515929664 0.5555685279472081 0
outer loop
vertex -22.646446228027344 -21.838279724121094 -14.100000381469727
vertex -22.646446228027344 -21.838279724121094 -11.699999809265137
vertex -22.538061141967773 -21.676069259643555 -14.100000381469727
endloop
endfacet
facet normal -0.9807847000815846 0.19509323946737925 0
outer loop
vertex -22.538061141967773 -21.676069259643555 -14.100000381469727
vertex -22.538061141967773 -21.676069259643555 -11.699999809265137
vertex -22.5 -21.484725952148438 -14.100000381469727
endloop
endfacet
facet normal -0.19508570553829574 0.9807861986664705 0
outer loop
vertex -22.808658599853516 -21.946666717529297 -11.699999809265137
vertex -22.808658599853516 -21.946666717529297 -14.100000381469727
vertex -23 -21.984725952148438 -11.699999809265137
endloop
endfacet
facet normal -0.5555707707654927 0.8314692529919772 0
outer loop
vertex -22.646446228027344 -21.838279724121094 -11.699999809265137
vertex -22.646446228027344 -21.838279724121094 -14.100000381469727
vertex -22.808658599853516 -21.946666717529297 -11.699999809265137
endloop
endfacet
facet normal 0 0 -1
outer loop
vertex -42.191341400146484 -21.946666717529297 -11.699999809265137
vertex -42.353553771972656 -21.838279724121094 -11.699999809265137
vertex -42.191341400146484 -7.022787094116211 -11.699999809265137
endloop
endfacet
facet normal 0 1 0
outer loop
vertex -23 -21.984725952148438 -14.100000381469727
vertex -42 -21.984725952148438 -11.699999809265137
vertex -23 -21.984725952148438 -11.699999809265137
endloop
endfacet
facet normal -0.8314707515929664 0.5555685279472081 0
outer loop
vertex -22.538061141967773 -21.676069259643555 -11.699999809265137
vertex -22.538061141967773 -21.676069259643555 -14.100000381469727
vertex -22.646446228027344 -21.838279724121094 -11.699999809265137
endloop
endfacet
facet normal 0 1 0
outer loop
vertex -23 -21.984725952148438 -14.100000381469727
vertex -42 -21.984725952148438 -14.100000381469727
vertex -42 -21.984725952148438 -11.699999809265137
endloop
endfacet
facet normal -0.9807847000815846 0.19509323946737925 0
outer loop
vertex -22.5 -21.484725952148438 -14.100000381469727
vertex -22.538061141967773 -21.676069259643555 -11.699999809265137
vertex -22.5 -21.484725952148438 -11.699999809265137
endloop
endfacet
facet normal -1 0 0
outer loop
vertex -22.5 -21.484725952148438 -11.699999809265137
vertex -22.5 -7.484726905822754 -14.100000381469727
vertex -22.5 -21.484725952148438 -14.100000381469727
endloop
endfacet
facet normal 0 0 -1
outer loop
vertex -23 -21.984725952148438 -11.699999809265137
vertex -28.25 -17.734725952148438 -11.699999809265137
vertex -25.75 -17.734725952148438 -11.699999809265137
endloop
endfacet
facet normal 0 0 -1
outer loop
vertex -42.353553771972656 -7.131173133850098 -11.699999809265137
vertex -42.46194076538086 -21.676069259643555 -11.699999809265137
vertex -42.46194076538086 -7.293385028839111 -11.699999809265137
endloop
endfacet
facet normal 0 0 -1
outer loop
vertex -23 -21.984725952148438 -11.699999809265137
vertex -25.75 -17.734725952148438 -11.699999809265137
vertex -23 -6.984726905822754 -11.699999809265137
endloop
endfacet
facet normal -0.19509040787318935 -0.9807852633251953 0
outer loop
vertex -23 -6.984726905822754 -11.699999809265137
vertex -23 -6.984726905822754 -14.100000381469727
vertex -22.808658599853516 -7.022787094116211 -11.699999809265137
endloop
endfacet
facet normal 0 0 -1
outer loop
vertex -42.191341400146484 -7.022787094116211 -11.699999809265137
vertex -42.353553771972656 -21.838279724121094 -11.699999809265137
vertex -42.353553771972656 -7.131173133850098 -11.699999809265137
endloop
endfacet
facet normal 0.5555707707654927 0.8314692529919772 0
outer loop
vertex -42.191341400146484 -21.946666717529297 -14.100000381469727
vertex -42.353553771972656 -21.838279724121094 -14.100000381469727
vertex -42.353553771972656 -21.838279724121094 -11.699999809265137
endloop
endfacet
facet normal 0 0 -1
outer loop
vertex -22.808658599853516 -21.946666717529297 -11.699999809265137
vertex -23 -21.984725952148438 -11.699999809265137
vertex -22.808658599853516 -7.022787094116211 -11.699999809265137
endloop
endfacet
facet normal 0.8314662352898057 0.5555752870430771 0
outer loop
vertex -42.353553771972656 -21.838279724121094 -14.100000381469727
vertex -42.46194076538086 -21.676069259643555 -14.100000381469727
vertex -42.46194076538086 -21.676069259643555 -11.699999809265137
endloop
endfacet
facet normal 0.19508570553829574 0.9807861986664705 0
outer loop
vertex -42 -21.984725952148438 -14.100000381469727
vertex -42.191341400146484 -21.946666717529297 -14.100000381469727
vertex -42.191341400146484 -21.946666717529297 -11.699999809265137
endloop
endfacet
facet normal 0 0 -1
outer loop
vertex -22.646446228027344 -21.838279724121094 -11.699999809265137
vertex -22.808658599853516 -21.946666717529297 -11.699999809265137
vertex -22.646446228027344 -7.131173133850098 -11.699999809265137
endloop
endfacet
facet normal 0.9807865707497304 0.19508383489408906 0
outer loop
vertex -42.46194076538086 -21.676069259643555 -14.100000381469727
vertex -42.5 -21.484725952148438 -14.100000381469727
vertex -42.5 -21.484725952148438 -11.699999809265137
endloop
endfacet
facet normal 0.8314662352898057 0.5555752870430771 0
outer loop
vertex -42.353553771972656 -21.838279724121094 -11.699999809265137
vertex -42.353553771972656 -21.838279724121094 -14.100000381469727
vertex -42.46194076538086 -21.676069259643555 -11.699999809265137
endloop
endfacet
facet normal 0.5555707707654927 0.8314692529919772 0
outer loop
vertex -42.191341400146484 -21.946666717529297 -11.699999809265137
vertex -42.191341400146484 -21.946666717529297 -14.100000381469727
vertex -42.353553771972656 -21.838279724121094 -11.699999809265137
endloop
endfacet
facet normal 0.19508570553829574 0.9807861986664705 0
outer loop
vertex -42 -21.984725952148438 -14.100000381469727
vertex -42.191341400146484 -21.946666717529297 -11.699999809265137
vertex -42 -21.984725952148438 -11.699999809265137
endloop
endfacet
facet normal 0 0 -1
outer loop
vertex -22.538061141967773 -21.676069259643555 -11.699999809265137
vertex -22.646446228027344 -21.838279724121094 -11.699999809265137
vertex -22.538061141967773 -7.293385028839111 -11.699999809265137
endloop
endfacet
facet normal 0.9807865707497304 0.19508383489408906 0
outer loop
vertex -42.46194076538086 -21.676069259643555 -11.699999809265137
vertex -42.46194076538086 -21.676069259643555 -14.100000381469727
vertex -42.5 -21.484725952148438 -11.699999809265137
endloop
endfacet
facet normal 0 0 -1
outer loop
vertex -22.5 -21.484725952148438 -11.699999809265137
vertex -22.538061141967773 -21.676069259643555 -11.699999809265137
vertex -22.5 -7.484726905822754 -11.699999809265137
endloop
endfacet
facet normal 0.8314684985733335 -0.5555718998295418 0
outer loop
vertex -42.46194076538086 -7.293385028839111 -11.699999809265137
vertex -42.46194076538086 -7.293385028839111 -14.100000381469727
vertex -42.353553771972656 -7.131173133850098 -11.699999809265137
endloop
endfacet
facet normal 0 0 -1
outer loop
vertex -42.46194076538086 -7.293385028839111 -11.699999809265137
vertex -42.5 -21.484725952148438 -11.699999809265137
vertex -42.5 -7.484726905822754 -11.699999809265137
endloop
endfacet
facet normal 0.19509040787318935 -0.9807852633251953 0
outer loop
vertex -42.191341400146484 -7.022787094116211 -14.100000381469727
vertex -42 -6.984726905822754 -14.100000381469727
vertex -42 -6.984726905822754 -11.699999809265137
endloop
endfacet
facet normal -0.980784420993769 -0.19509464250952005 0
outer loop
vertex -22.5 -7.484726905822754 -14.100000381469727
vertex -22.5 -7.484726905822754 -11.699999809265137
vertex -22.538061141967773 -7.293385028839111 -14.100000381469727
endloop
endfacet
facet normal 0 0 -1
outer loop
vertex -42 -6.984726905822754 -11.699999809265137
vertex -42.191341400146484 -21.946666717529297 -11.699999809265137
vertex -42.191341400146484 -7.022787094116211 -11.699999809265137
endloop
endfacet
facet normal 1 0 0
outer loop
vertex -42.5 -21.484725952148438 -11.699999809265137
vertex -42.5 -21.484725952148438 -14.100000381469727
vertex -42.5 -7.484726905822754 -11.699999809265137
endloop
endfacet
facet normal 0 0 -1
outer loop
vertex -23 -6.984726905822754 -11.699999809265137
vertex -42 -21.984725952148438 -11.699999809265137
vertex -42 -6.984726905822754 -11.699999809265137
endloop
endfacet
facet normal -1 0 0
outer loop
vertex -22.5 -7.484726905822754 -14.100000381469727
vertex -22.5 -21.484725952148438 -11.699999809265137
vertex -22.5 -7.484726905822754 -11.699999809265137
endloop
endfacet
facet normal -0.980784420993769 -0.19509464250952005 0
outer loop
vertex -22.538061141967773 -7.293385028839111 -11.699999809265137
vertex -22.538061141967773 -7.293385028839111 -14.100000381469727
vertex -22.5 -7.484726905822754 -11.699999809265137
endloop
endfacet
facet normal -0.19509040787318935 -0.9807852633251953 0
outer loop
vertex -22.808658599853516 -7.022787094116211 -14.100000381469727
vertex -22.808658599853516 -7.022787094116211 -11.699999809265137
vertex -23 -6.984726905822754 -14.100000381469727
endloop
endfacet
facet normal 0.9807862916882889 -0.19508523787394735 0
outer loop
vertex -42.5 -7.484726905822754 -14.100000381469727
vertex -42.46194076538086 -7.293385028839111 -14.100000381469727
vertex -42.46194076538086 -7.293385028839111 -11.699999809265137
endloop
endfacet
facet normal -0.000001849883557789609 -0.7071103571069148 0.7071032052456766
outer loop
vertex -48.79999923706055 -43.18472671508789 0
vertex -48.182830810546875 -43.45338439941406 -0.2686587870121002
vertex -47.08970260620117 -43.48272705078125 -0.2979988753795624
endloop
endfacet
facet normal 1.1653644769049227e-7 -0.7071071182718911 0.7071064441010337
outer loop
vertex -57.20000076293945 -43.18472671508789 0
vertex -52.58232116699219 -43.54307556152344 -0.3583499491214752
vertex -51.8188362121582 -43.50487518310547 -0.32014966011047363
endloop
endfacet
facet normal 0 -0.7071069309637492 0.7071066314093142
outer loop
vertex -44.70000076293945 -43.62193298339844 -0.4372060298919678
vertex -44.70000076293945 -44.18472671508789 -1
vertex 44.70000076293945 -44.18472671508789 -1
endloop
endfacet
facet normal 4.802070611432211e-7 -0.7071087838866759 0.707104778480584
outer loop
vertex 48.79999923706055 -43.18472671508789 0
vertex 48.182830810546875 -43.45338439941406 -0.2686587870121002
vertex 48.79999923706055 -43.44778823852539 -0.2630630135536194
endloop
endfacet
facet normal -3.8052444473676233e-7 -0.7071032871088572 0.7071102752468699
outer loop
vertex 49.599998474121094 -43.44778823852539 -0.2630630135536194
vertex 50.21717071533203 -43.45338439941406 -0.2686587870121002
vertex 57.20000076293945 -43.18472671508789 0
endloop
endfacet
facet normal 0 -0.7071087838867574 0.7071047784806654
outer loop
vertex 49.599998474121094 -43.18472671508789 0
vertex 49.599998474121094 -43.44778823852539 -0.2630630135536194
vertex 57.20000076293945 -43.18472671508789 0
endloop
endfacet
facet normal -1.1653644769049227e-7 -0.7071071182718911 0.7071064441010337
outer loop
vertex 51.8188362121582 -43.50487518310547 -0.32014966011047363
vertex 52.58232116699219 -43.54307556152344 -0.3583499491214752
vertex 57.20000076293945 -43.18472671508789 0
endloop
endfacet
facet normal -0.0000016532109038475663 -0.7070972174358499 0.7071163448059629
outer loop
vertex 57.20000076293945 -43.18472671508789 0
vertex 52.58232116699219 -43.54307556152344 -0.3583499491214752
vertex 53.277870178222656 -43.58982849121094 -0.4050999879837036
endloop
endfacet
facet normal -1.3487684089141263e-8 -0.7071060884870195 0.7071074738853969
outer loop
vertex 48.79999923706055 -43.18472671508789 0
vertex -46.58116149902344 -43.50487518310547 -0.32014966011047363
vertex -45.81768035888672 -43.54307556152344 -0.3583499491214752
endloop
endfacet
facet normal -4.802070611432211e-7 -0.7071087838866759 0.707104778480584
outer loop
vertex -48.79999923706055 -43.18472671508789 0
vertex -48.79999923706055 -43.44778823852539 -0.2630630135536194
vertex -48.182830810546875 -43.45338439941406 -0.2686587870121002
endloop
endfacet
facet normal 0 -0.7071082323162615 0.7071053300538556
outer loop
vertex -49.599998474121094 -43.18472671508789 0
vertex -57.20000076293945 -43.18472671508789 0
vertex -50.21717071533203 -43.45338439941406 -0.2686587870121002
endloop
endfacet
facet normal 1.520559587234901e-7 -0.7071228473891462 0.7070907146188832
outer loop
vertex -45.122127532958984 -43.58982849121094 -0.4050999879837036
vertex -44.70000076293945 -43.62193298339844 -0.4372060298919678
vertex 48.79999923706055 -43.18472671508789 0
endloop
endfacet
facet normal -0.0000010224795236156791 -0.7070949443309623 0.7071186178432497
outer loop
vertex 57.20000076293945 -43.18472671508789 0
vertex 50.21717071533203 -43.45338439941406 -0.2686587870121002
vertex 51.310298919677734 -43.48272705078125 -0.2979988753795624
endloop
endfacet
facet normal 0 -0.7071069309637492 0.7071066314093142
outer loop
vertex -44.70000076293945 -43.62193298339844 -0.4372060298919678
vertex 44.70000076293945 -44.18472671508789 -1
vertex 44.70000076293945 -43.62193298339844 -0.4372060298919678
endloop
endfacet
facet normal 0.000002063067416858314 -0.7071254357525536 0.7070881261253825
outer loop
vertex 57.20000076293945 -43.18472671508789 0
vertex 51.310298919677734 -43.48272705078125 -0.2979988753795624
vertex 51.8188362121582 -43.50487518310547 -0.32014966011047363
endloop
endfacet
facet normal -1.6456260446326964e-7 -0.7070861434639445 0.7071274183068134
outer loop
vertex 48.79999923706055 -43.18472671508789 0
vertex -45.81768035888672 -43.54307556152344 -0.3583499491214752
vertex -45.122127532958984 -43.58982849121094 -0.4050999879837036
endloop
endfacet
facet normal 0 -0.7071067811865476 0.7071067811865476
outer loop
vertex 53.70000076293945 -44.18472671508789 -1
vertex 58.20000076293945 -44.18472671508789 -1
vertex 57.20000076293945 -43.18472671508789 0
endloop
endfacet
facet normal 0.0000010224795236156791 -0.7070949443309623 0.7071186178432497
outer loop
vertex -57.20000076293945 -43.18472671508789 0
vertex -51.310298919677734 -43.48272705078125 -0.2979988753795624
vertex -50.21717071533203 -43.45338439941406 -0.2686587870121002
endloop
endfacet
facet normal -0.000002063067416858314 -0.7071254357525536 0.7070881261253825
outer loop
vertex -57.20000076293945 -43.18472671508789 0
vertex -51.8188362121582 -43.50487518310547 -0.32014966011047363
vertex -51.310298919677734 -43.48272705078125 -0.2979988753795624
endloop
endfacet
facet normal 8.558698143675743e-8 -0.7071069309637465 0.7071066314093115
outer loop
vertex 53.70000076293945 -43.62193298339844 -0.4372060298919678
vertex 53.70000076293945 -44.18472671508789 -1
vertex 57.20000076293945 -43.18472671508789 0
endloop
endfacet
facet normal 0.0000016532109038475663 -0.7070972174358499 0.7071163448059629
outer loop
vertex -57.20000076293945 -43.18472671508789 0
vertex -53.277870178222656 -43.58982849121094 -0.4050999879837036
vertex -52.58232116699219 -43.54307556152344 -0.3583499491214752
endloop
endfacet
facet normal 0.000001631753656305962 -0.7071131197578934 0.707100442556499
outer loop
vertex 57.20000076293945 -43.18472671508789 0
vertex 53.277870178222656 -43.58982849121094 -0.4050999879837036
vertex 53.70000076293945 -43.62193298339844 -0.4372060298919678
endloop
endfacet
facet normal 1.5540996077900583e-8 -0.7071082501668073 0.7071053122032359
outer loop
vertex 48.79999923706055 -43.18472671508789 0
vertex -44.70000076293945 -43.62193298339844 -0.4372060298919678
vertex 48.182830810546875 -43.45338439941406 -0.2686587870121002
endloop
endfacet
facet normal -1.0926020373041423e-7 -0.7070738618840663 0.7071396989565361
outer loop
vertex 47.08970260620117 -43.48272705078125 -0.2979988753795624
vertex 48.182830810546875 -43.45338439941406 -0.2686587870121002
vertex -44.70000076293945 -43.62193298339844 -0.4372060298919678
endloop
endfacet
facet normal 4.802040930178895e-7 -0.7071087838866759 0.707104778480584
outer loop
vertex -49.599998474121094 -43.18472671508789 0
vertex -50.21717071533203 -43.45338439941406 -0.2686587870121002
vertex -49.599998474121094 -43.44778823852539 -0.2630630135536194
endloop
endfacet
facet normal 1.2329885895069672e-7 -0.7071505334372999 0.7070630262284453
outer loop
vertex 46.58116149902344 -43.50487518310547 -0.32014966011047363
vertex 47.08970260620117 -43.48272705078125 -0.2979988753795624
vertex -44.70000076293945 -43.62193298339844 -0.4372060298919678
endloop
endfacet
facet normal 9.194780898710652e-9 -0.7071060455874738 0.7071075167848561
outer loop
vertex -44.70000076293945 -43.62193298339844 -0.4372060298919678
vertex 45.81768035888672 -43.54307556152344 -0.3583499491214752
vertex 46.58116149902344 -43.50487518310547 -0.32014966011047363
endloop
endfacet
facet normal -2.797667575530731e-8 -0.707084711153444 0.7071288505308277
outer loop
vertex -44.70000076293945 -43.62193298339844 -0.4372060298919678
vertex 45.122127532958984 -43.58982849121094 -0.4050999879837036
vertex 45.81768035888672 -43.54307556152344 -0.3583499491214752
endloop
endfacet
facet normal 0 -0.7071238469975178 0.707089714963689
outer loop
vertex -44.70000076293945 -43.62193298339844 -0.4372060298919678
vertex 44.70000076293945 -43.62193298339844 -0.4372060298919678
vertex 45.122127532958984 -43.58982849121094 -0.4050999879837036
endloop
endfacet
facet normal -0.000001631753656305962 -0.7071131197578934 0.707100442556499
outer loop
vertex -57.20000076293945 -43.18472671508789 0
vertex -53.70000076293945 -43.62193298339844 -0.4372060298919678
vertex -53.277870178222656 -43.58982849121094 -0.4050999879837036
endloop
endfacet
facet normal -8.558698143675743e-8 -0.7071069309637465 0.7071066314093115
outer loop
vertex -57.20000076293945 -43.18472671508789 0
vertex -53.70000076293945 -44.18472671508789 -1
vertex -53.70000076293945 -43.62193298339844 -0.4372060298919678
endloop
endfacet
facet normal 0.000005118469387886786 -0.7070903603294204 0.7071232016438237
outer loop
vertex -48.79999923706055 -43.18472671508789 0
vertex -47.08970260620117 -43.48272705078125 -0.2979988753795624
vertex -46.58116149902344 -43.50487518310547 -0.32014966011047363
endloop
endfacet
facet normal 0 -0.7071067811865476 0.7071067811865476
outer loop
vertex -58.20000076293945 -44.18472671508789 -1
vertex -53.70000076293945 -44.18472671508789 -1
vertex -57.20000076293945 -43.18472671508789 0
endloop
endfacet
facet normal 0 -0.7071080976610904 0.7071054647095537
outer loop
vertex -46.58116149902344 -43.50487518310547 -0.32014966011047363
vertex 48.79999923706055 -43.18472671508789 0
vertex -48.79999923706055 -43.18472671508789 0
endloop
endfacet
facet normal 0.7071067811865475 0 0.7071067811865475
outer loop
vertex 57.20000076293945 40.215274810791016 0
vertex 58.20000076293945 -44.18472671508789 -1
vertex 58.20000076293945 41.215274810791016 -1
endloop
endfacet
facet normal 0.7071067811865476 0 0.7071067811865476
outer loop
vertex 57.20000076293945 -43.18472671508789 0
vertex 58.20000076293945 -44.18472671508789 -1
vertex 57.20000076293945 40.215274810791016 0
endloop
endfacet
facet normal 0 0.7071067811865475 0.7071067811865475
outer loop
vertex 58.20000076293945 41.215274810791016 -1
vertex -57.20000076293945 40.215274810791016 0
vertex 57.20000076293945 40.215274810791016 0
endloop
endfacet
facet normal 0 0.7071067811865475 0.7071067811865475
outer loop
vertex -57.20000076293945 40.215274810791016 0
vertex 58.20000076293945 41.215274810791016 -1
vertex -58.20000076293945 41.215274810791016 -1
endloop
endfacet
facet normal -0.7071067811865475 0 0.7071067811865475
outer loop
vertex -57.20000076293945 -43.18472671508789 0
vertex -58.20000076293945 41.215274810791016 -1
vertex -58.20000076293945 -44.18472671508789 -1
endloop
endfacet
facet normal -0.7071067811865476 0 0.7071067811865476
outer loop
vertex -58.20000076293945 41.215274810791016 -1
vertex -57.20000076293945 -43.18472671508789 0
vertex -57.20000076293945 40.215274810791016 0
endloop
endfacet
facet normal 0.7071067811865476 0 -0.7071067811865476
outer loop
vertex 58.20000076293945 34.696189880371094 -13.100000381469727
vertex 57.20000076293945 -43.18472671508789 -14.100000381469727
vertex 57.20000076293945 40.215274810791016 -14.100000381469727
endloop
endfacet
facet normal 0.7071067811865476 0 -0.7071067811865476
outer loop
vertex 58.20000076293945 -44.18472671508789 -13.100000381469727
vertex 57.20000076293945 -43.18472671508789 -14.100000381469727
vertex 58.20000076293945 34.696189880371094 -13.100000381469727
endloop
endfacet
facet normal 0.7071067811865476 0 -0.7071067811865476
outer loop
vertex 58.20000076293945 34.696189880371094 -13.100000381469727
vertex 57.20000076293945 40.215274810791016 -14.100000381469727
vertex 58.20000076293945 41.215274810791016 -13.100000381469727
endloop
endfacet
facet normal 0 0.7071067811865475 -0.7071067811865475
outer loop
vertex -57.20000076293945 40.215274810791016 -14.100000381469727
vertex -58.20000076293945 41.215274810791016 -13.100000381469727
vertex -50.20000076293945 41.215274810791016 -13.100000381469727
endloop
endfacet
facet normal 7.249557641600072e-8 0.7071112610155094 -0.7071023013292
outer loop
vertex 48.49289321899414 40.5081672668457 -13.807106971740723
vertex -48.20000076293945 41.215274810791016 -13.100000381469727
vertex 48.3685302734375 40.65970230102539 -13.655570030212402
endloop
endfacet
facet normal -1.8997146670470546e-8 0.707105053822988 -0.7071085085458871
outer loop
vertex 48.817317962646484 40.2913932800293 -14.023880004882812
vertex -48.219215393066406 41.02018356323242 -13.295090675354004
vertex -48.20000076293945 41.215274810791016 -13.100000381469727
endloop
endfacet
facet normal -7.387657486899299e-8 0.7071014002755676 -0.7071121620565765
outer loop
vertex 48.817317962646484 40.2913932800293 -14.023880004882812
vertex -48.276119232177734 40.83258819580078 -13.482683181762695
vertex -48.219215393066406 41.02018356323242 -13.295090675354004
endloop
endfacet
facet normal 7.82741571533889e-9 0.7071087293600856 -0.7071048330076418
outer loop
vertex 48.817317962646484 40.2913932800293 -14.023880004882812
vertex -48.3685302734375 40.65970230102539 -13.655570030212402
vertex -48.276119232177734 40.83258819580078 -13.482683181762695
endloop
endfacet
facet normal 0 0.7071186315754571 -0.7070949305990343
outer loop
vertex -49.00490951538086 40.23448944091797 -14.080785751342773
vertex -48.817317962646484 40.2913932800293 -14.023880004882812
vertex 49.00490951538086 40.23448944091797 -14.080785751342773
endloop
endfacet
facet normal 2.670761602182851e-8 0.7071112203086017 -0.7071023420366245
outer loop
vertex 48.817317962646484 40.2913932800293 -14.023880004882812
vertex -48.49289321899414 40.5081672668457 -13.807106971740723
vertex -48.3685302734375 40.65970230102539 -13.655570030212402
endloop
endfacet
facet normal 6.911135896467715e-9 0.7071067769759717 -0.7071067853971232
outer loop
vertex 48.817317962646484 40.2913932800293 -14.023880004882812
vertex -48.64442825317383 40.38380432128906 -13.931469917297363
vertex -48.49289321899414 40.5081672668457 -13.807106971740723
endloop
endfacet
facet normal 0 0.7071031325165054 -0.7071104298377627
outer loop
vertex -48.817317962646484 40.2913932800293 -14.023880004882812
vertex -48.64442825317383 40.38380432128906 -13.931469917297363
vertex 48.817317962646484 40.2913932800293 -14.023880004882812
endloop
endfacet
facet normal -5.787886918702824e-8 0.7071185361757085 -0.7070950260019652
outer loop
vertex -49.39509201049805 40.23448944091797 -14.080785751342773
vertex -57.20000076293945 40.215274810791016 -14.100000381469727
vertex -49.58268356323242 40.2913932800293 -14.023880004882812
endloop
endfacet
facet normal 0 0.7071067811865475 -0.7071067811865475
outer loop
vertex 57.20000076293945 40.215274810791016 -14.100000381469727
vertex 50.20000076293945 41.215274810791016 -13.100000381469727
vertex 58.20000076293945 41.215274810791016 -13.100000381469727
endloop
endfacet
facet normal 2.4539104975588976e-7 0.7071033620620101 -0.7071102002945099
outer loop
vertex -49.58268356323242 40.2913932800293 -14.023880004882812
vertex -57.20000076293945 40.215274810791016 -14.100000381469727
vertex -49.75556945800781 40.38380432128906 -13.931469917297363
endloop
endfacet
facet normal 4.869477300158008e-7 0.7071050768673547 -0.7071084855014649
outer loop
vertex -50.1807861328125 41.02018356323242 -13.295090675354004
vertex -57.20000076293945 40.215274810791016 -14.100000381469727
vertex -50.20000076293945 41.215274810791016 -13.100000381469727
endloop
endfacet
facet normal -4.869477300158008e-7 0.7071050768673547 -0.7071084855014649
outer loop
vertex 57.20000076293945 40.215274810791016 -14.100000381469727
vertex 50.1807861328125 41.02018356323242 -13.295090675354004
vertex 50.20000076293945 41.215274810791016 -13.100000381469727
endloop
endfacet
facet normal -0.0000012879173713555048 0.7071015844200921 -0.7071119779136376
outer loop
vertex 57.20000076293945 40.215274810791016 -14.100000381469727
vertex 50.123878479003906 40.83258819580078 -13.482683181762695
vertex 50.1807861328125 41.02018356323242 -13.295090675354004
endloop
endfacet
facet normal -3.9094602072379606e-8 0.7071087418999729 -0.7071048204676842
outer loop
vertex 57.20000076293945 40.215274810791016 -14.100000381469727
vertex 50.031471252441406 40.65970230102539 -13.655570030212402
vertex 50.123878479003906 40.83258819580078 -13.482683181762695
endloop
endfacet
facet normal 2.565226917542781e-7 0.7071111260065498 -0.7071024363398019
outer loop
vertex 57.20000076293945 40.215274810791016 -14.100000381469727
vertex 49.907108306884766 40.5081672668457 -13.807106971740723
vertex 50.031471252441406 40.65970230102539 -13.655570030212402
endloop
endfacet
facet normal -8.815270720448841e-8 0.707106834894501 -0.7071067274785845
outer loop
vertex 57.20000076293945 40.215274810791016 -14.100000381469727
vertex 49.75556945800781 40.38380432128906 -13.931469917297363
vertex 49.907108306884766 40.5081672668457 -13.807106971740723
endloop
endfacet
facet normal -2.4539104975588976e-7 0.7071033620620101 -0.7071102002945099
outer loop
vertex 57.20000076293945 40.215274810791016 -14.100000381469727
vertex 49.58268356323242 40.2913932800293 -14.023880004882812
vertex 49.75556945800781 40.38380432128906 -13.931469917297363
endloop
endfacet
facet normal 5.787886918702824e-8 0.7071185361757085 -0.7070950260019652
outer loop
vertex 57.20000076293945 40.215274810791016 -14.100000381469727
vertex 49.39509201049805 40.23448944091797 -14.080785751342773
vertex 49.58268356323242 40.2913932800293 -14.023880004882812
endloop
endfacet
facet normal 0.0000012879173713555048 0.7071015844200921 -0.7071119779136376
outer loop
vertex -50.123878479003906 40.83258819580078 -13.482683181762695
vertex -57.20000076293945 40.215274810791016 -14.100000381469727
vertex -50.1807861328125 41.02018356323242 -13.295090675354004
endloop
endfacet
facet normal 3.9094602072379606e-8 0.7071087418999729 -0.7071048204676842
outer loop
vertex -50.031471252441406 40.65970230102539 -13.655570030212402
vertex -57.20000076293945 40.215274810791016 -14.100000381469727
vertex -50.123878479003906 40.83258819580078 -13.482683181762695
endloop
endfacet
facet normal -2.565226917542781e-7 0.7071111260065498 -0.7071024363398019
outer loop
vertex -49.907108306884766 40.5081672668457 -13.807106971740723
vertex -57.20000076293945 40.215274810791016 -14.100000381469727
vertex -50.031471252441406 40.65970230102539 -13.655570030212402
endloop
endfacet
facet normal 0 0.7071186315754571 -0.7070949305990342
outer loop
vertex 49.00490951538086 40.23448944091797 -14.080785751342773
vertex -48.817317962646484 40.2913932800293 -14.023880004882812
vertex 48.817317962646484 40.2913932800293 -14.023880004882812
endloop
endfacet
facet normal 8.815270720448841e-8 0.707106834894501 -0.7071067274785845
outer loop
vertex -49.75556945800781 40.38380432128906 -13.931469917297363
vertex -57.20000076293945 40.215274810791016 -14.100000381469727
vertex -49.907108306884766 40.5081672668457 -13.807106971740723
endloop
endfacet
facet normal -5.65979611982953e-8 0.7071030795720384 -0.707110482781677
outer loop
vertex 48.817317962646484 40.2913932800293 -14.023880004882812
vertex -48.20000076293945 41.215274810791016 -13.100000381469727
vertex 48.64442825317383 40.38380432128906 -13.931469917297363
endloop
endfacet
facet normal 0 0.7071050528874645 -0.7071085094814062
outer loop
vertex 48.219215393066406 41.02018356323242 -13.295090675354004
vertex -48.20000076293945 41.215274810791016 -13.100000381469727
vertex 48.20000076293945 41.215274810791016 -13.100000381469727
endloop
endfacet
facet normal 7.036841199134263e-9 0.7071067854737086 -0.7071067768993864
outer loop
vertex 48.64442825317383 40.38380432128906 -13.931469917297363
vertex -48.20000076293945 41.215274810791016 -13.100000381469727
vertex 48.49289321899414 40.5081672668457 -13.807106971740723
endloop
endfacet
facet normal -1.4835469775378747e-8 0.7071013868207252 -0.7071121755112174
outer loop
vertex 48.276119232177734 40.83258819580078 -13.482683181762695
vertex -48.20000076293945 41.215274810791016 -13.100000381469727
vertex 48.219215393066406 41.02018356323242 -13.295090675354004
endloop
endfacet
facet normal 4.3523482716296476e-8 0.7071087430840612 -0.7071048192835893
outer loop
vertex 48.3685302734375 40.65970230102539 -13.655570030212402
vertex -48.20000076293945 41.215274810791016 -13.100000381469727
vertex 48.276119232177734 40.83258819580078 -13.482683181762695
endloop
endfacet
facet normal -0.7071067811865476 0 -0.7071067811865476
outer loop
vertex -57.20000076293945 40.215274810791016 -14.100000381469727
vertex -58.20000076293945 -37.66564178466797 -13.100000381469727
vertex -58.20000076293945 41.215274810791016 -13.100000381469727
endloop
endfacet
facet normal -0.7071067811865476 0 -0.7071067811865476
outer loop
vertex -57.20000076293945 -43.18472671508789 -14.100000381469727
vertex -58.20000076293945 -37.66564178466797 -13.100000381469727
vertex -57.20000076293945 40.215274810791016 -14.100000381469727
endloop
endfacet
facet normal -0.7071067811865476 0 -0.7071067811865476
outer loop
vertex -58.20000076293945 -44.18472671508789 -13.100000381469727
vertex -58.20000076293945 -37.66564178466797 -13.100000381469727
vertex -57.20000076293945 -43.18472671508789 -14.100000381469727
endloop
endfacet
facet normal 0 -0.7071067811865475 -0.7071067811865475
outer loop
vertex 57.20000076293945 -43.18472671508789 -14.100000381469727
vertex 58.20000076293945 -44.18472671508789 -13.100000381469727
vertex -58.20000076293945 -44.18472671508789 -13.100000381469727
endloop
endfacet
facet normal 0 -0.7071067811865475 -0.7071067811865475
outer loop
vertex -58.20000076293945 -44.18472671508789 -13.100000381469727
vertex -57.20000076293945 -43.18472671508789 -14.100000381469727
vertex 57.20000076293945 -43.18472671508789 -14.100000381469727
endloop
endfacet
facet normal -0.5555703047945764 0 -0.8314695643440363
outer loop
vertex -15.439339637756348 -44.18472671508789 -3.8893399238586426
vertex -15.92597484588623 -44.18472671508789 -3.564180612564087
vertex -15.92597484588623 -41.68472671508789 -3.564180612564087
endloop
endfacet
facet normal 0 0 -1
outer loop
vertex -16.5 -44.18472671508789 -3.450000047683716
vertex -28.5 -41.68472671508789 -3.450000047683716
vertex -16.5 -41.68472671508789 -3.450000047683716
endloop
endfacet
facet normal 0.5555700231666056 0 0.8314697525217963
outer loop
vertex -29.560659408569336 -44.18472671508789 -11.010660171508789
vertex -29.074024200439453 -44.18472671508789 -11.335819244384766
vertex -29.074024200439453 -41.68472671508789 -11.335819244384766
endloop
endfacet
facet normal 0.8314697525217963 0 0.5555700231666056
outer loop
vertex -29.885818481445312 -44.18472671508789 -10.524024963378906
vertex -29.560659408569336 -44.18472671508789 -11.010660171508789
vertex -29.560659408569336 -41.68472671508789 -11.010660171508789
endloop
endfacet
facet normal 0.5555700231666056 0 0.8314697525217963
outer loop
vertex -29.560659408569336 -41.68472671508789 -11.010660171508789
vertex -29.560659408569336 -44.18472671508789 -11.010660171508789
vertex -29.074024200439453 -41.68472671508789 -11.335819244384766
endloop
endfacet
facet normal 0 -1 0
outer loop
vertex -28.5 -41.68472671508789 -3.450000047683716
vertex -27.25 -41.68472671508789 -6.699999809265137
vertex -27.173879623413086 -41.68472671508789 -6.31731653213501
endloop
endfacet
facet normal 0.8314697525217963 0 0.5555700231666056
outer loop
vertex -29.885818481445312 -44.18472671508789 -10.524024963378906
vertex -29.560659408569336 -41.68472671508789 -11.010660171508789
vertex -29.885818481445312 -41.68472671508789 -10.524024963378906
endloop
endfacet
facet normal 0.9807850135586839 0 0.1950916635294606
outer loop
vertex -30 -44.18472671508789 -9.949999809265137
vertex -29.885818481445312 -44.18472671508789 -10.524024963378906
vertex -29.885818481445312 -41.68472671508789 -10.524024963378906
endloop
endfacet
facet normal -1 0 0
outer loop
vertex -15 -41.68472671508789 -4.949999809265137
vertex -15 -44.18472671508789 -9.949999809265137
vertex -15 -44.18472671508789 -4.949999809265137
endloop
endfacet
facet normal 0.9807850135586839 0 0.1950916635294606
outer loop
vertex -30 -44.18472671508789 -9.949999809265137
vertex -29.885818481445312 -41.68472671508789 -10.524024963378906
vertex -30 -41.68472671508789 -9.949999809265137
endloop
endfacet
facet normal 1 0 0
outer loop
vertex -30 -44.18472671508789 -4.949999809265137
vertex -30 -44.18472671508789 -9.949999809265137
vertex -30 -41.68472671508789 -9.949999809265137
endloop
endfacet
facet normal 0 -1 0
outer loop
vertex -29.560659408569336 -41.68472671508789 -11.010660171508789
vertex -29.074024200439453 -41.68472671508789 -11.335819244384766
vertex -29.560659408569336 -41.68472671508789 -3.8893399238586426
endloop
endfacet
facet normal 0 -1 0
outer loop
vertex -15.114180564880371 -41.68472671508789 -4.375974655151367
vertex -15 -41.68472671508789 -9.949999809265137
vertex -15 -41.68472671508789 -4.949999809265137
endloop
endfacet
facet normal 0 -1 0
outer loop
vertex -15.439339637756348 -41.68472671508789 -3.8893399238586426
vertex -15.114180564880371 -41.68472671508789 -10.524024963378906
vertex -15.114180564880371 -41.68472671508789 -4.375974655151367
endloop
endfacet
facet normal 0 -1 0
outer loop
vertex -29.885818481445312 -41.68472671508789 -10.524024963378906
vertex -29.560659408569336 -41.68472671508789 -11.010660171508789
vertex -29.885818481445312 -41.68472671508789 -4.375974655151367
endloop
endfacet
facet normal 0 -1 0
outer loop
vertex -30 -41.68472671508789 -9.949999809265137
vertex -29.885818481445312 -41.68472671508789 -10.524024963378906
vertex -30 -41.68472671508789 -4.949999809265137
endloop
endfacet
facet normal 0 -1 0
outer loop
vertex -29.074024200439453 -41.68472671508789 -3.564180612564087
vertex -28.5 -41.68472671508789 -11.449999809265137
vertex -28.5 -41.68472671508789 -3.450000047683716
endloop
endfacet
facet normal 0.19509040787318935 0 0.9807852633251952
outer loop
vertex -29.074024200439453 -44.18472671508789 -11.335819244384766
vertex -28.5 -44.18472671508789 -11.449999809265137
vertex -28.5 -41.68472671508789 -11.449999809265137
endloop
endfacet
facet normal 0.19509040787318935 0 0.9807852633251952
outer loop
vertex -29.074024200439453 -41.68472671508789 -11.335819244384766
vertex -29.074024200439453 -44.18472671508789 -11.335819244384766
vertex -28.5 -41.68472671508789 -11.449999809265137
endloop
endfacet
facet normal 0 0 1
outer loop
vertex -28.5 -41.68472671508789 -11.449999809265137
vertex -28.5 -44.18472671508789 -11.449999809265137
vertex -16.5 -41.68472671508789 -11.449999809265137
endloop
endfacet
facet normal 0 -1 0
outer loop
vertex -16.5 -41.68472671508789 -3.450000047683716
vertex -15.92597484588623 -41.68472671508789 -11.335819244384766
vertex -15.92597484588623 -41.68472671508789 -3.564180612564087
endloop
endfacet
facet normal 0 -1 0
outer loop
vertex -15.92597484588623 -41.68472671508789 -3.564180612564087
vertex -15.439339637756348 -41.68472671508789 -11.010660171508789
vertex -15.439339637756348 -41.68472671508789 -3.8893399238586426
endloop
endfacet
facet normal 0 -1 0
outer loop
vertex -17.75 -41.68472671508789 -6.699999809265137
vertex -16.5 -41.68472671508789 -3.450000047683716
vertex -17.826120376586914 -41.68472671508789 -6.31731653213501
endloop
endfacet
facet normal 0 0 1
outer loop
vertex -16.5 -41.68472671508789 -11.449999809265137
vertex -28.5 -44.18472671508789 -11.449999809265137
vertex -16.5 -44.18472671508789 -11.449999809265137
endloop
endfacet
facet normal 0 -1 0
outer loop
vertex -28.5 -41.68472671508789 -3.450000047683716
vertex -27.173879623413086 -41.68472671508789 -6.31731653213501
vertex -26.957107543945312 -41.68472671508789 -5.992893218994141
endloop
endfacet
facet normal 0 -1 0
outer loop
vertex -28.5 -41.68472671508789 -3.450000047683716
vertex -26.957107543945312 -41.68472671508789 -5.992893218994141
vertex -26.63268280029297 -41.68472671508789 -5.776120662689209
endloop
endfacet
facet normal 0 -1 0
outer loop
vertex -28.5 -41.68472671508789 -3.450000047683716
vertex -26.63268280029297 -41.68472671508789 -5.776120662689209
vertex -26.25 -41.68472671508789 -5.699999809265137
endloop
endfacet
facet normal 0.19509040787318935 0 -0.9807852633251952
outer loop
vertex -28.5 -44.18472671508789 -3.450000047683716
vertex -29.074024200439453 -44.18472671508789 -3.564180612564087
vertex -29.074024200439453 -41.68472671508789 -3.564180612564087
endloop
endfacet
facet normal 0 -1 0
outer loop
vertex -28.5 -41.68472671508789 -3.450000047683716
vertex -26.25 -41.68472671508789 -5.699999809265137
vertex -16.5 -41.68472671508789 -3.450000047683716
endloop
endfacet
facet normal 0 -1 0
outer loop
vertex -16.5 -41.68472671508789 -3.450000047683716
vertex -26.25 -41.68472671508789 -5.699999809265137
vertex -18.75 -41.68472671508789 -5.699999809265137
endloop
endfacet
facet normal -0.9807853253427457 0 -0.1950900960897925
outer loop
vertex -15 -44.18472671508789 -4.949999809265137
vertex -15.114180564880371 -44.18472671508789 -4.375974655151367
vertex -15.114180564880371 -41.68472671508789 -4.375974655151367
endloop
endfacet
facet normal 0 -1 0
outer loop
vertex -18.042892456054688 -41.68472671508789 -5.992893218994141
vertex -17.826120376586914 -41.68472671508789 -6.31731653213501
vertex -16.5 -41.68472671508789 -3.450000047683716
endloop
endfacet
facet normal 0 -1 0
outer loop
vertex -18.042892456054688 -41.68472671508789 -5.992893218994141
vertex -16.5 -41.68472671508789 -3.450000047683716
vertex -18.36731719970703 -41.68472671508789 -5.776120662689209
endloop
endfacet
facet normal 0 -1 0
outer loop
vertex -18.75 -41.68472671508789 -5.699999809265137
vertex -18.36731719970703 -41.68472671508789 -5.776120662689209
vertex -16.5 -41.68472671508789 -3.450000047683716
endloop
endfacet
facet normal 0 -1 0
outer loop
vertex -28.5 -41.68472671508789 -11.449999809265137
vertex -16.5 -41.68472671508789 -11.449999809265137
vertex -18.75 -41.68472671508789 -9.199999809265137
endloop
endfacet
facet normal -0.9807853253427457 0 -0.1950900960897925
outer loop
vertex -15 -41.68472671508789 -4.949999809265137
vertex -15 -44.18472671508789 -4.949999809265137
vertex -15.114180564880371 -41.68472671508789 -4.375974655151367
endloop
endfacet
facet normal -0.1950900960897925 0 0.9807853253427457
outer loop
vertex -16.5 -44.18472671508789 -11.449999809265137
vertex -15.92597484588623 -44.18472671508789 -11.335819244384766
vertex -15.92597484588623 -41.68472671508789 -11.335819244384766
endloop
endfacet
facet normal -0.8314695010489662 0 -0.5555703995223135
outer loop
vertex -15.114180564880371 -44.18472671508789 -4.375974655151367
vertex -15.439339637756348 -44.18472671508789 -3.8893399238586426
vertex -15.439339637756348 -41.68472671508789 -3.8893399238586426
endloop
endfacet
facet normal -0.1950900960897925 0 -0.9807853253427457
outer loop
vertex -16.5 -41.68472671508789 -3.450000047683716
vertex -15.92597484588623 -44.18472671508789 -3.564180612564087
vertex -16.5 -44.18472671508789 -3.450000047683716
endloop
endfacet
facet normal -0.5555700231666056 0 0.8314697525217963
outer loop
vertex -15.92597484588623 -44.18472671508789 -11.335819244384766
vertex -15.439339637756348 -44.18472671508789 -11.010660171508789
vertex -15.439339637756348 -41.68472671508789 -11.010660171508789
endloop
endfacet
facet normal -0.8314697525217963 0 0.5555700231666056
outer loop
vertex -15.439339637756348 -44.18472671508789 -11.010660171508789
vertex -15.114180564880371 -44.18472671508789 -10.524024963378906
vertex -15.114180564880371 -41.68472671508789 -10.524024963378906
endloop
endfacet
facet normal -0.8314695010489662 0 -0.5555703995223135
outer loop
vertex -15.439339637756348 -41.68472671508789 -3.8893399238586426
vertex -15.114180564880371 -41.68472671508789 -4.375974655151367
vertex -15.114180564880371 -44.18472671508789 -4.375974655151367
endloop
endfacet
facet normal -0.1950900960897925 0 0.9807853253427457
outer loop
vertex -16.5 -41.68472671508789 -11.449999809265137
vertex -16.5 -44.18472671508789 -11.449999809265137
vertex -15.92597484588623 -41.68472671508789 -11.335819244384766
endloop
endfacet
facet normal -0.5555700231666056 0 0.8314697525217963
outer loop
vertex -15.92597484588623 -41.68472671508789 -11.335819244384766
vertex -15.92597484588623 -44.18472671508789 -11.335819244384766
vertex -15.439339637756348 -41.68472671508789 -11.010660171508789
endloop
endfacet
facet normal -0.5555703047945764 0 -0.8314695643440363
outer loop
vertex -15.92597484588623 -41.68472671508789 -3.564180612564087
vertex -15.439339637756348 -41.68472671508789 -3.8893399238586426
vertex -15.439339637756348 -44.18472671508789 -3.8893399238586426
endloop
endfacet
facet normal -0.1950900960897925 0 -0.9807853253427457
outer loop
vertex -16.5 -41.68472671508789 -3.450000047683716
vertex -15.92597484588623 -41.68472671508789 -3.564180612564087
vertex -15.92597484588623 -44.18472671508789 -3.564180612564087
endloop
endfacet
facet normal 0.19509040787318935 0 -0.9807852633251952
outer loop
vertex -28.5 -44.18472671508789 -3.450000047683716
vertex -29.074024200439453 -41.68472671508789 -3.564180612564087
vertex -28.5 -41.68472671508789 -3.450000047683716
endloop
endfacet
facet normal -0.8314697525217963 0 0.5555700231666056
outer loop
vertex -15.439339637756348 -41.68472671508789 -11.010660171508789
vertex -15.439339637756348 -44.18472671508789 -11.010660171508789
vertex -15.114180564880371 -41.68472671508789 -10.524024963378906
endloop
endfacet
facet normal 0 -1 0
outer loop
vertex -28.5 -41.68472671508789 -11.449999809265137
vertex -26.63268280029297 -41.68472671508789 -9.123879432678223
vertex -26.957107543945312 -41.68472671508789 -8.907106399536133
endloop
endfacet
facet normal 0 0 -1
outer loop
vertex -28.5 -44.18472671508789 -3.450000047683716
vertex -28.5 -41.68472671508789 -3.450000047683716
vertex -16.5 -44.18472671508789 -3.450000047683716
endloop
endfacet
facet normal 0 -1 0
outer loop
vertex -26.63268280029297 -41.68472671508789 -9.123879432678223
vertex -28.5 -41.68472671508789 -11.449999809265137
vertex -26.25 -41.68472671508789 -9.199999809265137
endloop
endfacet
facet normal 0 -1 0
outer loop
vertex -26.25 -41.68472671508789 -9.199999809265137
vertex -28.5 -41.68472671508789 -11.449999809265137
vertex -18.75 -41.68472671508789 -9.199999809265137
endloop
endfacet
facet normal 0 -1 0
outer loop
vertex -28.5 -41.68472671508789 -11.449999809265137
vertex -26.957107543945312 -41.68472671508789 -8.907106399536133
vertex -27.173879623413086 -41.68472671508789 -8.582683563232422
endloop
endfacet
facet normal 0 -1 0
outer loop
vertex -28.5 -41.68472671508789 -11.449999809265137
vertex -27.173879623413086 -41.68472671508789 -8.582683563232422
vertex -27.25 -41.68472671508789 -8.199999809265137
endloop
endfacet
facet normal -0.9807853253427457 0 0.1950900960897925
outer loop
vertex -15.114180564880371 -44.18472671508789 -10.524024963378906
vertex -15 -44.18472671508789 -9.949999809265137
vertex -15 -41.68472671508789 -9.949999809265137
endloop
endfacet
facet normal -0.9807853253427457 0 0.1950900960897925
outer loop
vertex -15.114180564880371 -41.68472671508789 -10.524024963378906
vertex -15.114180564880371 -44.18472671508789 -10.524024963378906
vertex -15 -41.68472671508789 -9.949999809265137
endloop
endfacet
facet normal 0 -1 0
outer loop
vertex -18.75 -41.68472671508789 -9.199999809265137
vertex -16.5 -41.68472671508789 -11.449999809265137
vertex -18.36731719970703 -41.68472671508789 -9.123879432678223
endloop
endfacet
facet normal 0 -1 0
outer loop
vertex -18.36731719970703 -41.68472671508789 -9.123879432678223
vertex -16.5 -41.68472671508789 -11.449999809265137
vertex -18.042892456054688 -41.68472671508789 -8.907106399536133
endloop
endfacet
facet normal 0 -1 0
outer loop
vertex -18.042892456054688 -41.68472671508789 -8.907106399536133
vertex -16.5 -41.68472671508789 -11.449999809265137
vertex -17.826120376586914 -41.68472671508789 -8.582683563232422
endloop
endfacet
facet normal 0 -1 0
outer loop
vertex -17.826120376586914 -41.68472671508789 -8.582683563232422
vertex -16.5 -41.68472671508789 -11.449999809265137
vertex -17.75 -41.68472671508789 -8.199999809265137
endloop
endfacet
facet normal 0 -1 0
outer loop
vertex -29.074024200439453 -41.68472671508789 -11.335819244384766
vertex -28.5 -41.68472671508789 -11.449999809265137
vertex -29.074024200439453 -41.68472671508789 -3.564180612564087
endloop
endfacet
facet normal 0 -1 0
outer loop
vertex -28.5 -41.68472671508789 -11.449999809265137
vertex -27.25 -41.68472671508789 -8.199999809265137
vertex -28.5 -41.68472671508789 -3.450000047683716
endloop
endfacet
facet normal 0 -1 0
outer loop
vertex -17.75 -41.68472671508789 -8.199999809265137
vertex -16.5 -41.68472671508789 -11.449999809265137
vertex -17.75 -41.68472671508789 -6.699999809265137
endloop
endfacet
facet normal 0 -1 0
outer loop
vertex -16.5 -41.68472671508789 -11.449999809265137
vertex -15.92597484588623 -41.68472671508789 -11.335819244384766
vertex -16.5 -41.68472671508789 -3.450000047683716
endloop
endfacet
facet normal 0 -1 0
outer loop
vertex -15.92597484588623 -41.68472671508789 -11.335819244384766
vertex -15.439339637756348 -41.68472671508789 -11.010660171508789
vertex -15.92597484588623 -41.68472671508789 -3.564180612564087
endloop
endfacet
facet normal 0 -1 0
outer loop
vertex -15.439339637756348 -41.68472671508789 -11.010660171508789
vertex -15.114180564880371 -41.68472671508789 -10.524024963378906
vertex -15.439339637756348 -41.68472671508789 -3.8893399238586426
endloop
endfacet
facet normal -1 0 0
outer loop
vertex -15 -41.68472671508789 -9.949999809265137
vertex -15 -44.18472671508789 -9.949999809265137
vertex -15 -41.68472671508789 -4.949999809265137
endloop
endfacet
facet normal 0 -1 0
outer loop
vertex -15.114180564880371 -41.68472671508789 -10.524024963378906
vertex -15 -41.68472671508789 -9.949999809265137
vertex -15.114180564880371 -41.68472671508789 -4.375974655151367
endloop
endfacet
facet normal 0 -1 0
outer loop
vertex -17.75 -41.68472671508789 -6.699999809265137
vertex -16.5 -41.68472671508789 -11.449999809265137
vertex -16.5 -41.68472671508789 -3.450000047683716
endloop
endfacet
facet normal 1 0 0
outer loop
vertex -30 -44.18472671508789 -4.949999809265137
vertex -30 -41.68472671508789 -9.949999809265137
vertex -30 -41.68472671508789 -4.949999809265137
endloop
endfacet
facet normal 0 -1 0
outer loop
vertex -30 -41.68472671508789 -4.949999809265137
vertex -29.885818481445312 -41.68472671508789 -10.524024963378906
vertex -29.885818481445312 -41.68472671508789 -4.375974655151367
endloop
endfacet
facet normal 0 -1 0
outer loop
vertex -29.885818481445312 -41.68472671508789 -4.375974655151367
vertex -29.560659408569336 -41.68472671508789 -11.010660171508789
vertex -29.560659408569336 -41.68472671508789 -3.8893399238586426
endloop
endfacet
facet normal 0 -1 0
outer loop
vertex -29.560659408569336 -41.68472671508789 -3.8893399238586426
vertex -29.074024200439453 -41.68472671508789 -11.335819244384766
vertex -29.074024200439453 -41.68472671508789 -3.564180612564087
endloop
endfacet
facet normal 0.9807850135586839 0 -0.1950916635294606
outer loop
vertex -30 -41.68472671508789 -4.949999809265137
vertex -29.885818481445312 -44.18472671508789 -4.375974655151367
vertex -30 -44.18472671508789 -4.949999809265137
endloop
endfacet
facet normal 0.9807850135586839 0 -0.1950916635294606
outer loop
vertex -29.885818481445312 -44.18472671508789 -4.375974655151367
vertex -30 -41.68472671508789 -4.949999809265137
vertex -29.885818481445312 -41.68472671508789 -4.375974655151367
endloop
endfacet
facet normal 0.8314695010489662 0 -0.5555703995223135
outer loop
vertex -29.885818481445312 -44.18472671508789 -4.375974655151367
vertex -29.885818481445312 -41.68472671508789 -4.375974655151367
vertex -29.560659408569336 -44.18472671508789 -3.8893399238586426
endloop
endfacet
facet normal 0.5555703047945764 0 -0.8314695643440363
outer loop
vertex -29.560659408569336 -41.68472671508789 -3.8893399238586426
vertex -29.074024200439453 -44.18472671508789 -3.564180612564087
vertex -29.560659408569336 -44.18472671508789 -3.8893399238586426
endloop
endfacet
facet normal 0.8314695010489662 0 -0.5555703995223135
outer loop
vertex -29.560659408569336 -41.68472671508789 -3.8893399238586426
vertex -29.560659408569336 -44.18472671508789 -3.8893399238586426
vertex -29.885818481445312 -41.68472671508789 -4.375974655151367
endloop
endfacet
facet normal 0.5555703047945764 0 -0.8314695643440363
outer loop
vertex -29.074024200439453 -44.18472671508789 -3.564180612564087
vertex -29.560659408569336 -41.68472671508789 -3.8893399238586426
vertex -29.074024200439453 -41.68472671508789 -3.564180612564087
endloop
endfacet
facet normal 0 -1 0
outer loop
vertex -28.5 -41.68472671508789 -3.450000047683716
vertex -27.25 -41.68472671508789 -8.199999809265137
vertex -27.25 -41.68472671508789 -6.699999809265137
endloop
endfacet
facet normal 0.9807853098383859 0 -0.19509017403555012
outer loop
vertex -27.25 -41.68472671508789 -6.699999809265137
vertex -27.25 -40.48472595214844 -6.699999809265137
vertex -27.173879623413086 -41.68472671508789 -6.31731653213501
endloop
endfacet
facet normal -1 0 0
outer loop
vertex -17.75 -40.48472595214844 -8.199999809265137
vertex -17.75 -41.68472671508789 -8.199999809265137
vertex -17.75 -40.48472595214844 -6.699999809265137
endloop
endfacet
facet normal 0.9807853098383859 0 -0.19509017403555012
outer loop
vertex -27.173879623413086 -41.68472671508789 -6.31731653213501
vertex -27.25 -40.48472595214844 -6.699999809265137
vertex -27.173879623413086 -40.48472595214844 -6.31731653213501
endloop
endfacet
facet normal 0.831470379496779 0 -0.5555690848305744
outer loop
vertex -27.173879623413086 -41.68472671508789 -6.31731653213501
vertex -27.173879623413086 -40.48472595214844 -6.31731653213501
vertex -26.957107543945312 -41.68472671508789 -5.992893218994141
endloop
endfacet
facet normal 0.831470379496779 0 -0.5555690848305744
outer loop
vertex -26.957107543945312 -41.68472671508789 -5.992893218994141
vertex -27.173879623413086 -40.48472595214844 -6.31731653213501
vertex -26.957107543945312 -40.48472595214844 -5.992893218994141
endloop
endfacet
facet normal 0.5555682361196549 0 -0.8314709465849636
outer loop
vertex -26.957107543945312 -41.68472671508789 -5.992893218994141
vertex -26.957107543945312 -40.48472595214844 -5.992893218994141
vertex -26.63268280029297 -41.68472671508789 -5.776120662689209
endloop
endfacet
facet normal 0.5555682361196549 0 -0.8314709465849636
outer loop
vertex -26.63268280029297 -40.48472595214844 -5.776120662689209
vertex -26.63268280029297 -41.68472671508789 -5.776120662689209
vertex -26.957107543945312 -40.48472595214844 -5.992893218994141
endloop
endfacet
facet normal 0.19509158345481065 0 -0.9807850294866326
outer loop
vertex -26.63268280029297 -41.68472671508789 -5.776120662689209
vertex -26.63268280029297 -40.48472595214844 -5.776120662689209
vertex -26.25 -41.68472671508789 -5.699999809265137
endloop
endfacet
facet normal 0.19509158345481065 0 -0.9807850294866326
outer loop
vertex -26.25 -41.68472671508789 -5.699999809265137
vertex -26.63268280029297 -40.48472595214844 -5.776120662689209
vertex -26.25 -40.48472595214844 -5.699999809265137
endloop
endfacet
facet normal 0 0 -1
outer loop
vertex -26.25 -41.68472671508789 -5.699999809265137
vertex -26.25 -40.48472595214844 -5.699999809265137
vertex -18.75 -41.68472671508789 -5.699999809265137
endloop
endfacet
facet normal -0.9807853098383859 0 -0.19509017403555012
outer loop
vertex -17.75 -40.48472595214844 -6.699999809265137
vertex -17.75 -41.68472671508789 -6.699999809265137
vertex -17.826120376586914 -40.48472595214844 -6.31731653213501
endloop
endfacet
facet normal -0.9807853098383859 0 -0.19509017403555012
outer loop
vertex -17.75 -41.68472671508789 -6.699999809265137
vertex -17.826120376586914 -41.68472671508789 -6.31731653213501
vertex -17.826120376586914 -40.48472595214844 -6.31731653213501
endloop
endfacet
facet normal -0.831470379496779 0 -0.5555690848305744
outer loop
vertex -17.826120376586914 -40.48472595214844 -6.31731653213501
vertex -17.826120376586914 -41.68472671508789 -6.31731653213501
vertex -18.042892456054688 -40.48472595214844 -5.992893218994141
endloop
endfacet
facet normal -0.5555682361196549 0 -0.8314709465849636
outer loop
vertex -18.36731719970703 -41.68472671508789 -5.776120662689209
vertex -18.36731719970703 -40.48472595214844 -5.776120662689209
vertex -18.042892456054688 -41.68472671508789 -5.992893218994141
endloop
endfacet
facet normal -0.19509158345481065 0 -0.9807850294866326
outer loop
vertex -18.36731719970703 -40.48472595214844 -5.776120662689209
vertex -18.36731719970703 -41.68472671508789 -5.776120662689209
vertex -18.75 -40.48472595214844 -5.699999809265137
endloop
endfacet
facet normal 0 0 -1
outer loop
vertex -18.75 -41.68472671508789 -5.699999809265137
vertex -26.25 -40.48472595214844 -5.699999809265137
vertex -18.75 -40.48472595214844 -5.699999809265137
endloop
endfacet
facet normal -0.19509158345481065 0 -0.9807850294866326
outer loop
vertex -18.75 -40.48472595214844 -5.699999809265137
vertex -18.36731719970703 -41.68472671508789 -5.776120662689209
vertex -18.75 -41.68472671508789 -5.699999809265137
endloop
endfacet
facet normal -0.831470379496779 0 -0.5555690848305744
outer loop
vertex -18.042892456054688 -40.48472595214844 -5.992893218994141
vertex -17.826120376586914 -41.68472671508789 -6.31731653213501
vertex -18.042892456054688 -41.68472671508789 -5.992893218994141
endloop
endfacet
facet normal -0.5555682361196549 0 -0.8314709465849636
outer loop
vertex -18.042892456054688 -41.68472671508789 -5.992893218994141
vertex -18.36731719970703 -40.48472595214844 -5.776120662689209
vertex -18.042892456054688 -40.48472595214844 -5.992893218994141
endloop
endfacet
facet normal 0.19509040787318935 0 0.9807852633251952
outer loop
vertex -26.25 -41.68472671508789 -9.199999809265137
vertex -26.25 -40.48472595214844 -9.199999809265137
vertex -26.63268280029297 -41.68472671508789 -9.123879432678223
endloop
endfacet
facet normal 0.19509040787318935 0 0.9807852633251952
outer loop
vertex -26.25 -40.48472595214844 -9.199999809265137
vertex -26.63268280029297 -40.48472595214844 -9.123879432678223
vertex -26.63268280029297 -41.68472671508789 -9.123879432678223
endloop
endfacet
facet normal 0.5555690810033217 0 0.83147038205406
outer loop
vertex -26.957107543945312 -41.68472671508789 -8.907106399536133
vertex -26.63268280029297 -41.68472671508789 -9.123879432678223
vertex -26.63268280029297 -40.48472595214844 -9.123879432678223
endloop
endfacet
facet normal 0.5555690810033217 0 0.83147038205406
outer loop
vertex -26.957107543945312 -41.68472671508789 -8.907106399536133
vertex -26.63268280029297 -40.48472595214844 -9.123879432678223
vertex -26.957107543945312 -40.48472595214844 -8.907106399536133
endloop
endfacet
facet normal 0 0 1
outer loop
vertex -26.25 -40.48472595214844 -9.199999809265137
vertex -26.25 -41.68472671508789 -9.199999809265137
vertex -18.75 -40.48472595214844 -9.199999809265137
endloop
endfacet
facet normal 0 0 1
outer loop
vertex -18.75 -40.48472595214844 -9.199999809265137
vertex -26.25 -41.68472671508789 -9.199999809265137
vertex -18.75 -41.68472671508789 -9.199999809265137
endloop
endfacet
facet normal -0.19509040787318935 0 0.9807852633251952
outer loop
vertex -18.36731719970703 -41.68472671508789 -9.123879432678223
vertex -18.36731719970703 -40.48472595214844 -9.123879432678223
vertex -18.75 -41.68472671508789 -9.199999809265137
endloop
endfacet
facet normal -0.19509040787318935 0 0.9807852633251952
outer loop
vertex -18.36731719970703 -40.48472595214844 -9.123879432678223
vertex -18.75 -40.48472595214844 -9.199999809265137
vertex -18.75 -41.68472671508789 -9.199999809265137
endloop
endfacet
facet normal -0.5555690810033217 0 0.83147038205406
outer loop
vertex -18.36731719970703 -40.48472595214844 -9.123879432678223
vertex -18.36731719970703 -41.68472671508789 -9.123879432678223
vertex -18.042892456054688 -40.48472595214844 -8.907106399536133
endloop
endfacet
facet normal -0.5555690810033217 0 0.83147038205406
outer loop
vertex -18.042892456054688 -40.48472595214844 -8.907106399536133
vertex -18.36731719970703 -41.68472671508789 -9.123879432678223
vertex -18.042892456054688 -41.68472671508789 -8.907106399536133
endloop
endfacet
facet normal 0.8314700022881474 0 0.5555696493644593
outer loop
vertex -27.173879623413086 -41.68472671508789 -8.582683563232422
vertex -26.957107543945312 -41.68472671508789 -8.907106399536133
vertex -26.957107543945312 -40.48472595214844 -8.907106399536133
endloop
endfacet
facet normal 0.8314700022881474 0 0.5555696493644593
outer loop
vertex -27.173879623413086 -41.68472671508789 -8.582683563232422
vertex -26.957107543945312 -40.48472595214844 -8.907106399536133
vertex -27.173879623413086 -40.48472595214844 -8.582683563232422
endloop
endfacet
facet normal 0.9807853563514094 0 0.1950899401984604
outer loop
vertex -27.173879623413086 -41.68472671508789 -8.582683563232422
vertex -27.173879623413086 -40.48472595214844 -8.582683563232422
vertex -27.25 -41.68472671508789 -8.199999809265137
endloop
endfacet
facet normal 0.9807853563514094 0 0.1950899401984604
outer loop
vertex -27.25 -41.68472671508789 -8.199999809265137
vertex -27.173879623413086 -40.48472595214844 -8.582683563232422
vertex -27.25 -40.48472595214844 -8.199999809265137
endloop
endfacet
facet normal 1 0 0
outer loop
vertex -27.25 -41.68472671508789 -8.199999809265137
vertex -27.25 -40.48472595214844 -8.199999809265137
vertex -27.25 -41.68472671508789 -6.699999809265137
endloop
endfacet
facet normal 1 0 0
outer loop
vertex -27.25 -41.68472671508789 -6.699999809265137
vertex -27.25 -40.48472595214844 -8.199999809265137
vertex -27.25 -40.48472595214844 -6.699999809265137
endloop
endfacet
facet normal -0.8314700022881474 0 0.5555696493644593
outer loop
vertex -18.042892456054688 -40.48472595214844 -8.907106399536133
vertex -18.042892456054688 -41.68472671508789 -8.907106399536133
vertex -17.826120376586914 -40.48472595214844 -8.582683563232422
endloop
endfacet
facet normal -0.8314700022881474 0 0.5555696493644593
outer loop
vertex -18.042892456054688 -41.68472671508789 -8.907106399536133
vertex -17.826120376586914 -41.68472671508789 -8.582683563232422
vertex -17.826120376586914 -40.48472595214844 -8.582683563232422
endloop
endfacet
facet normal -0.9807853563514094 0 0.1950899401984604
outer loop
vertex -17.826120376586914 -40.48472595214844 -8.582683563232422
vertex -17.826120376586914 -41.68472671508789 -8.582683563232422
vertex -17.75 -40.48472595214844 -8.199999809265137
endloop
endfacet
facet normal -0.9807853563514094 0 0.1950899401984604
outer loop
vertex -17.75 -40.48472595214844 -8.199999809265137
vertex -17.826120376586914 -41.68472671508789 -8.582683563232422
vertex -17.75 -41.68472671508789 -8.199999809265137
endloop
endfacet
facet normal -1 0 0
outer loop
vertex -17.75 -40.48472595214844 -6.699999809265137
vertex -17.75 -41.68472671508789 -8.199999809265137
vertex -17.75 -41.68472671508789 -6.699999809265137
endloop
endfacet
facet normal 0.04492985548786129 -0.09635231741218338 -0.9943327104219903
outer loop
vertex 52.24091339111328 -44.18472671508789 -1.5949000120162964
vertex 51.663761138916016 -44.453857421875 -1.5949000120162964
vertex 51.5658073425293 -44.18472671508789 -1.6254053115844727
endloop
endfacet
facet normal 0.05019158980055118 -0.10763653050107135 -0.9929225456272937
outer loop
vertex 51.936161041259766 -45.202266693115234 -1.5
vertex 51.663761138916016 -44.453857421875 -1.5949000120162964
vertex 53.20000076293945 -44.61293029785156 -1.5
endloop
endfacet
facet normal 0.06811961075357942 -0.09728533362437468 0.9929225964255094
outer loop
vertex 52.80177688598633 -43.92319107055664 -0.4050999879837036
vertex 53.20000076293945 -44.61293029785156 -0.5
vertex 53.277870178222656 -43.58982849121094 -0.4050999879837036
endloop
endfacet
facet normal 0.04492963502542008 -0.09635236364075064 0.99433271590415
outer loop
vertex 51.8188362121582 -43.50487518310547 -0.32014966011047363
vertex 52.80177688598633 -43.92319107055664 -0.4050999879837036
vertex 52.58232116699219 -43.54307556152344 -0.3583499491214752
endloop
endfacet
facet normal 0.044929772443534625 -0.09635204573646242 0.9943327405001662
outer loop
vertex 51.8188362121582 -43.50487518310547 -0.32014966011047363
vertex 51.663761138916016 -44.453857421875 -0.4050999879837036
vertex 52.80177688598633 -43.92319107055664 -0.4050999879837036
endloop
endfacet
facet normal 0.03966134730220909 -0.08505251641267583 0.9955867852588467
outer loop
vertex 51.310298919677734 -43.48272705078125 -0.2979988753795624
vertex 51.3909797668457 -43.70439147949219 -0.32014966011047363
vertex 51.8188362121582 -43.50487518310547 -0.32014966011047363
endloop
endfacet
facet normal 0.024288786752211557 -0.09064778074408432 0.9955867790827067
outer loop
vertex 51.3909797668457 -43.70439147949219 -0.32014966011047363
vertex 51.310298919677734 -43.48272705078125 -0.2979988753795624
vertex 50.21717071533203 -43.45338439941406 -0.2686587870121002
endloop
endfacet
facet normal 0.04493055609715403 -0.09635216955100755 0.9943326930920126
outer loop
vertex 51.3909797668457 -43.70439147949219 -0.32014966011047363
vertex 51.663761138916016 -44.453857421875 -0.4050999879837036
vertex 51.8188362121582 -43.50487518310547 -0.32014966011047363
endloop
endfacet
facet normal 0.05019178902429638 -0.1076364577127919 0.9929225434471628
outer loop
vertex 51.663761138916016 -44.453857421875 -0.4050999879837036
vertex 51.936161041259766 -45.202266693115234 -0.5
vertex 52.80177688598633 -43.92319107055664 -0.4050999879837036
endloop
endfacet
facet normal 0.027515879126116617 -0.10269055023112574 0.9943327045255755
outer loop
vertex 51.3909797668457 -43.70439147949219 -0.32014966011047363
vertex 50.45088577270508 -44.778846740722656 -0.4050999879837036
vertex 51.663761138916016 -44.453857421875 -0.4050999879837036
endloop
endfacet
facet normal 1 0 0
outer loop
vertex 53.70000076293945 -44.26282501220703 -0.5
vertex 53.70000076293945 -44.18472671508789 -1
vertex 53.70000076293945 -43.62193298339844 -0.4372060298919678
endloop
endfacet
facet normal 0.06811993753602048 -0.09728557408991427 0.992922550445947
outer loop
vertex 53.277870178222656 -43.58982849121094 -0.4050999879837036
vertex 53.70000076293945 -44.26282501220703 -0.5
vertex 53.70000076293945 -43.62193298339844 -0.4372060298919678
endloop
endfacet
facet normal 0.06812024997210528 -0.09728537780670513 0.9929225482426837
outer loop
vertex 53.20000076293945 -44.61293029785156 -0.5
vertex 53.70000076293945 -44.26282501220703 -0.5
vertex 53.277870178222656 -43.58982849121094 -0.4050999879837036
endloop
endfacet
facet normal 0.5735781035076711 -0.8191508769308272 0
outer loop
vertex 53.20000076293945 -44.61293029785156 -0.5
vertex 53.20000076293945 -44.61293029785156 -1.5
vertex 53.70000076293945 -44.26282501220703 -0.5
endloop
endfacet
facet normal 0.05019145045552024 -0.107636231673803 0.9929225850650365
outer loop
vertex 51.936161041259766 -45.202266693115234 -0.5
vertex 53.20000076293945 -44.61293029785156 -0.5
vertex 52.80177688598633 -43.92319107055664 -0.4050999879837036
endloop
endfacet
facet normal 0.03073849902122091 -0.11471690744912112 0.9929225427107757
outer loop
vertex 51.663761138916016 -44.453857421875 -0.4050999879837036
vertex 50.58918380737305 -45.56319046020508 -0.5
vertex 51.936161041259766 -45.202266693115234 -0.5
endloop
endfacet
facet normal 0.42261723351328206 -0.906308266506259 0
outer loop
vertex 51.936161041259766 -45.202266693115234 -0.5
vertex 51.936161041259766 -45.202266693115234 -1.5
vertex 53.20000076293945 -44.61293029785156 -0.5
endloop
endfacet
facet normal 0.25882058733748775 -0.9659254130471346 0
outer loop
vertex 50.58918380737305 -45.56319046020508 -0.5
vertex 50.58918380737305 -45.56319046020508 -1.5
vertex 51.936161041259766 -45.202266693115234 -0.5
endloop
endfacet
facet normal 1 0 0
outer loop
vertex 53.70000076293945 -44.26282501220703 -0.5
vertex 53.70000076293945 -44.26282501220703 -1.5
vertex 53.70000076293945 -44.18472671508789 -1
endloop
endfacet
facet normal 0.5735781035076711 -0.8191508769308272 0
outer loop
vertex 53.20000076293945 -44.61293029785156 -1.5
vertex 53.70000076293945 -44.26282501220703 -1.5
vertex 53.70000076293945 -44.26282501220703 -0.5
endloop
endfacet
facet normal 0.42261723351328206 -0.906308266506259 0
outer loop
vertex 51.936161041259766 -45.202266693115234 -1.5
vertex 53.20000076293945 -44.61293029785156 -1.5
vertex 53.20000076293945 -44.61293029785156 -0.5
endloop
endfacet
facet normal 0.25882058733748775 -0.9659254130471346 0
outer loop
vertex 50.58918380737305 -45.56319046020508 -1.5
vertex 51.936161041259766 -45.202266693115234 -1.5
vertex 51.936161041259766 -45.202266693115234 -0.5
endloop
endfacet
facet normal 1 0 0
outer loop
vertex 53.70000076293945 -44.26282501220703 -1.5
vertex 53.70000076293945 -44.18472671508789 -1.5076520442962646
vertex 53.70000076293945 -44.18472671508789 -1
endloop
endfacet
facet normal 0.06812082435513186 -0.09728619810712637 -0.9929224284640963
outer loop
vertex 53.20000076293945 -44.61293029785156 -1.5
vertex 53.70000076293945 -44.18472671508789 -1.5076520442962646
vertex 53.70000076293945 -44.26282501220703 -1.5
endloop
endfacet
facet normal 0.06812006781441063 -0.09728531718798292 -0.992922566679091
outer loop
vertex 53.20000076293945 -44.61293029785156 -1.5
vertex 52.95277786254883 -44.18472671508789 -1.5589157342910767
vertex 53.70000076293945 -44.18472671508789 -1.5076520442962646
endloop
endfacet
facet normal 0.0501915785178297 -0.10763631257218294 -0.992922569821913
outer loop
vertex 53.20000076293945 -44.61293029785156 -1.5
vertex 52.24091339111328 -44.18472671508789 -1.5949000120162964
vertex 52.95277786254883 -44.18472671508789 -1.5589157342910767
endloop
endfacet
facet normal 0.027515762057422326 -0.10269025122592364 -0.9943327386451459
outer loop
vertex 50.45088577270508 -44.778846740722656 -1.5949000120162964
vertex 50.346126556396484 -44.18472671508789 -1.6591570377349854
vertex 51.5658073425293 -44.18472671508789 -1.6254053115844727
endloop
endfacet
facet normal 0.01035102485037157 -0.11831144493977097 -0.9929225842334389
outer loop
vertex 49.599998474121094 -44.85329055786133 -1.5949000120162964
vertex 50.45088577270508 -44.778846740722656 -1.5949000120162964
vertex 50.58918380737305 -45.56319046020508 -1.5
endloop
endfacet
facet normal 0.030738435134828112 -0.11471666902338 -0.9929225722349362
outer loop
vertex 50.58918380737305 -45.56319046020508 -1.5
vertex 50.45088577270508 -44.778846740722656 -1.5949000120162964
vertex 51.936161041259766 -45.202266693115234 -1.5
endloop
endfacet
facet normal 0.05019162497391216 -0.10763621045311886 -0.9929225785436497
outer loop
vertex 51.663761138916016 -44.453857421875 -1.5949000120162964
vertex 52.24091339111328 -44.18472671508789 -1.5949000120162964
vertex 53.20000076293945 -44.61293029785156 -1.5
endloop
endfacet
facet normal 0.027515835928854173 -0.10269038901691817 -0.9943327223704802
outer loop
vertex 51.663761138916016 -44.453857421875 -1.5949000120162964
vertex 50.45088577270508 -44.778846740722656 -1.5949000120162964
vertex 51.5658073425293 -44.18472671508789 -1.6254053115844727
endloop
endfacet
facet normal 0.03073834974401115 -0.11471696157486275 -0.9929225410786314
outer loop
vertex 50.45088577270508 -44.778846740722656 -1.5949000120162964
vertex 51.663761138916016 -44.453857421875 -1.5949000120162964
vertex 51.936161041259766 -45.202266693115234 -1.5
endloop
endfacet
facet normal 0.024288801362693627 -0.09064771360061473 0.9955867848396464
outer loop
vertex 50.21717071533203 -43.45338439941406 -0.2686587870121002
vertex 50.3123893737793 -43.9933967590332 -0.32014966011047363
vertex 51.3909797668457 -43.70439147949219 -0.32014966011047363
endloop
endfacet
facet normal 0.008179449941048649 -0.09348822431243614 0.9955867860280034
outer loop
vertex 50.21717071533203 -43.45338439941406 -0.2686587870121002
vertex 49.599998474121094 -44.05572509765625 -0.32014966011047363
vertex 50.3123893737793 -43.9933967590332 -0.32014966011047363
endloop
endfacet
facet normal 0.02751557527983731 -0.10269028719358086 0.9943327400991679
outer loop
vertex 50.3123893737793 -43.9933967590332 -0.32014966011047363
vertex 50.45088577270508 -44.778846740722656 -0.4050999879837036
vertex 51.3909797668457 -43.70439147949219 -0.32014966011047363
endloop
endfacet
facet normal 0.008179086658464795 -0.09348785530194098 0.9955868236635501
outer loop
vertex 49.599998474121094 -43.44778823852539 -0.2630630135536194
vertex 49.599998474121094 -44.05572509765625 -0.32014966011047363
vertex 50.21717071533203 -43.45338439941406 -0.2686587870121002
endloop
endfacet
facet normal 0.030738278794330765 -0.11471669678733101 0.9929225738671498
outer loop
vertex 50.45088577270508 -44.778846740722656 -0.4050999879837036
vertex 50.58918380737305 -45.56319046020508 -0.5
vertex 51.663761138916016 -44.453857421875 -0.4050999879837036
endloop
endfacet
facet normal 0.009265870475473848 -0.10590821106363409 0.9943327383092807
outer loop
vertex 50.3123893737793 -43.9933967590332 -0.32014966011047363
vertex 49.599998474121094 -44.85329055786133 -0.4050999879837036
vertex 50.45088577270508 -44.778846740722656 -0.4050999879837036
endloop
endfacet
facet normal 0.009266113974887503 -0.1059084104716486 0.9943327148008223
outer loop
vertex 49.599998474121094 -44.05572509765625 -0.32014966011047363
vertex 49.599998474121094 -44.85329055786133 -0.4050999879837036
vertex 50.3123893737793 -43.9933967590332 -0.32014966011047363
endloop
endfacet
facet normal 0.010351066355380807 -0.11831191933894265 0.9929225272737253
outer loop
vertex 49.599998474121094 -44.85329055786133 -0.4050999879837036
vertex 49.599998474121094 -45.64973068237305 -0.5
vertex 50.45088577270508 -44.778846740722656 -0.4050999879837036
endloop
endfacet
facet normal -0.008179461429818647 -0.09348785501534809 0.9955868206115163
outer loop
vertex 48.79999923706055 -43.44778823852539 -0.2630630135536194
vertex 48.08761215209961 -43.9933967590332 -0.32014966011047363
vertex 48.79999923706055 -44.05572509765625 -0.32014966011047363
endloop
endfacet
facet normal -0.00817913299765836 -0.09348827994818783 0.9955867834075219
outer loop
vertex 48.182830810546875 -43.45338439941406 -0.2686587870121002
vertex 48.08761215209961 -43.9933967590332 -0.32014966011047363
vertex 48.79999923706055 -43.44778823852539 -0.2630630135536194
endloop
endfacet
facet normal -0.009266141981937422 -0.1059081634642787 0.9943327408490551
outer loop
vertex 48.08761215209961 -43.9933967590332 -0.32014966011047363
vertex 47.94911575317383 -44.778846740722656 -0.4050999879837036
vertex 48.79999923706055 -44.05572509765625 -0.32014966011047363
endloop
endfacet
facet normal -0.024288788651439904 -0.09064771585197334 0.9955867849447709
outer loop
vertex 48.182830810546875 -43.45338439941406 -0.2686587870121002
vertex 47.08970260620117 -43.48272705078125 -0.2979988753795624
vertex 48.08761215209961 -43.9933967590332 -0.32014966011047363
endloop
endfacet
facet normal -0.024288816462904723 -0.09064776995578805 0.9955867793401407
outer loop
vertex 47.08970260620117 -43.48272705078125 -0.2979988753795624
vertex 47.0090217590332 -43.70439147949219 -0.32014966011047363
vertex 48.08761215209961 -43.9933967590332 -0.32014966011047363
endloop
endfacet
facet normal -0.009265929478457342 -0.10590841065271965 0.9943327165008277
outer loop
vertex 47.94911575317383 -44.778846740722656 -0.4050999879837036
vertex 48.79999923706055 -44.85329055786133 -0.4050999879837036
vertex 48.79999923706055 -44.05572509765625 -0.32014966011047363
endloop
endfacet
facet normal -0.0275157154434847 -0.1026902623370251 0.994332738787568
outer loop
vertex 48.08761215209961 -43.9933967590332 -0.32014966011047363
vertex 46.736236572265625 -44.453857421875 -0.4050999879837036
vertex 47.94911575317383 -44.778846740722656 -0.4050999879837036
endloop
endfacet
facet normal -0.010351066279839425 -0.11831138805961072 0.9929225905790836
outer loop
vertex 47.94911575317383 -44.778846740722656 -0.4050999879837036
vertex 47.810813903808594 -45.56319046020508 -0.5
vertex 48.79999923706055 -44.85329055786133 -0.4050999879837036
endloop
endfacet
facet normal 0.010350643268564422 -0.11831151173975897 0.9929225802517435
outer loop
vertex 49.599998474121094 -45.64973068237305 -0.5
vertex 50.58918380737305 -45.56319046020508 -0.5
vertex 50.45088577270508 -44.778846740722656 -0.4050999879837036
endloop
endfacet
facet normal 0.08715346341544244 -0.9961948975048472 0
outer loop
vertex 49.599998474121094 -45.64973068237305 -1.5
vertex 50.58918380737305 -45.56319046020508 -0.5
vertex 49.599998474121094 -45.64973068237305 -0.5
endloop
endfacet
facet normal -0.010350678969440938 -0.11831191981339857 0.9929225312555555
outer loop
vertex 47.810813903808594 -45.56319046020508 -0.5
vertex 48.79999923706055 -45.64973068237305 -0.5
vertex 48.79999923706055 -44.85329055786133 -0.4050999879837036
endloop
endfacet
facet normal -0.030738480521866264 -0.1147165135260268 0.9929225887951385
outer loop
vertex 47.94911575317383 -44.778846740722656 -0.4050999879837036
vertex 46.46384048461914 -45.202266693115234 -0.5
vertex 47.810813903808594 -45.56319046020508 -0.5
endloop
endfacet
facet normal -0.08715346341544244 -0.9961948975048472 0
outer loop
vertex 47.810813903808594 -45.56319046020508 -0.5
vertex 47.810813903808594 -45.56319046020508 -1.5
vertex 48.79999923706055 -45.64973068237305 -0.5
endloop
endfacet
facet normal -0.03966104510452103 -0.08505262666758792 0.9955867878784657
outer loop
vertex 47.08970260620117 -43.48272705078125 -0.2979988753795624
vertex 46.58116149902344 -43.50487518310547 -0.32014966011047363
vertex 47.0090217590332 -43.70439147949219 -0.32014966011047363
endloop
endfacet
facet normal -0.02751563263342054 -0.10269050124165631 0.9943327164060931
outer loop
vertex 47.0090217590332 -43.70439147949219 -0.32014966011047363
vertex 46.736236572265625 -44.453857421875 -0.4050999879837036
vertex 48.08761215209961 -43.9933967590332 -0.32014966011047363
endloop
endfacet
facet normal -0.04492992894358144 -0.09635168368783294 0.9943327685114499
outer loop
vertex 46.58116149902344 -43.50487518310547 -0.32014966011047363
vertex 45.59822082519531 -43.92319107055664 -0.4050999879837036
vertex 47.0090217590332 -43.70439147949219 -0.32014966011047363
endloop
endfacet
facet normal -0.04492984564579062 -0.09635220271894271 0.9943327219806523
outer loop
vertex 45.59822082519531 -43.92319107055664 -0.4050999879837036
vertex 46.736236572265625 -44.453857421875 -0.4050999879837036
vertex 47.0090217590332 -43.70439147949219 -0.32014966011047363
endloop
endfacet
facet normal -0.044929891497763864 -0.0963517703153302 0.9943327618091947
outer loop
vertex 46.58116149902344 -43.50487518310547 -0.32014966011047363
vertex 45.81768035888672 -43.54307556152344 -0.3583499491214752
vertex 45.59822082519531 -43.92319107055664 -0.4050999879837036
endloop
endfacet
facet normal -0.06097819529910943 -0.08708628848373769 0.9943327602247605
outer loop
vertex 45.81768035888672 -43.54307556152344 -0.3583499491214752
vertex 45.122127532958984 -43.58982849121094 -0.4050999879837036
vertex 45.59822082519531 -43.92319107055664 -0.4050999879837036
endloop
endfacet
facet normal -0.030738299338909692 -0.11471713426423219 0.9929225226874218
outer loop
vertex 46.736236572265625 -44.453857421875 -0.4050999879837036
vertex 46.46384048461914 -45.202266693115234 -0.5
vertex 47.94911575317383 -44.778846740722656 -0.4050999879837036
endloop
endfacet
facet normal -0.05019173482004852 -0.10763634147160292 0.9929225587881275
outer loop
vertex 45.59822082519531 -43.92319107055664 -0.4050999879837036
vertex 45.20000076293945 -44.61293029785156 -0.5
vertex 46.736236572265625 -44.453857421875 -0.4050999879837036
endloop
endfacet
facet normal -0.06812001272967624 -0.0972859077083757 0.9929225125995816
outer loop
vertex 45.122127532958984 -43.58982849121094 -0.4050999879837036
vertex 44.70000076293945 -44.26282501220703 -0.5
vertex 45.59822082519531 -43.92319107055664 -0.4050999879837036
endloop
endfacet
facet normal -0.050191690348207155 -0.1076367461268541 0.9929225171700019
outer loop
vertex 45.20000076293945 -44.61293029785156 -0.5
vertex 46.46384048461914 -45.202266693115234 -0.5
vertex 46.736236572265625 -44.453857421875 -0.4050999879837036
endloop
endfacet
facet normal -0.2588212712285562 -0.9659252297976455 0
outer loop
vertex 46.46384048461914 -45.202266693115234 -0.5
vertex 46.46384048461914 -45.202266693115234 -1.5
vertex 47.810813903808594 -45.56319046020508 -0.5
endloop
endfacet
facet normal -0.42261723351328206 -0.906308266506259 0
outer loop
vertex 45.20000076293945 -44.61293029785156 -0.5
vertex 45.20000076293945 -44.61293029785156 -1.5
vertex 46.46384048461914 -45.202266693115234 -0.5
endloop
endfacet
facet normal -0.06812022877494717 -0.09728534753415716 0.9929225526629996
outer loop
vertex 44.70000076293945 -44.26282501220703 -0.5
vertex 45.20000076293945 -44.61293029785156 -0.5
vertex 45.59822082519531 -43.92319107055664 -0.4050999879837036
endloop
endfacet
facet normal -0.06812055026925769 -0.09728557001032873 0.9929225088086074
outer loop
vertex 45.122127532958984 -43.58982849121094 -0.4050999879837036
vertex 44.70000076293945 -43.62193298339844 -0.4372060298919678
vertex 44.70000076293945 -44.26282501220703 -0.5
endloop
endfacet
facet normal -1 0 0
outer loop
vertex 44.70000076293945 -43.62193298339844 -0.4372060298919678
vertex 44.70000076293945 -44.18472671508789 -1
vertex 44.70000076293945 -44.26282501220703 -0.5
endloop
endfacet
facet normal -0.5735781035076711 -0.8191508769308272 0
outer loop
vertex 44.70000076293945 -44.26282501220703 -0.5
vertex 44.70000076293945 -44.26282501220703 -1.5
vertex 45.20000076293945 -44.61293029785156 -0.5
endloop
endfacet
facet normal 0.08715346341544244 -0.9961948975048472 0
outer loop
vertex 50.58918380737305 -45.56319046020508 -1.5
vertex 50.58918380737305 -45.56319046020508 -0.5
vertex 49.599998474121094 -45.64973068237305 -1.5
endloop
endfacet
facet normal -0.08715346341544244 -0.9961948975048472 0
outer loop
vertex 47.810813903808594 -45.56319046020508 -1.5
vertex 48.79999923706055 -45.64973068237305 -1.5
vertex 48.79999923706055 -45.64973068237305 -0.5
endloop
endfacet
facet normal -0.2588212712285562 -0.9659252297976455 0
outer loop
vertex 46.46384048461914 -45.202266693115234 -1.5
vertex 47.810813903808594 -45.56319046020508 -1.5
vertex 47.810813903808594 -45.56319046020508 -0.5
endloop
endfacet
facet normal 0.010350678969440938 -0.11831191981339857 -0.9929225312555555
outer loop
vertex 49.599998474121094 -44.85329055786133 -1.5949000120162964
vertex 50.58918380737305 -45.56319046020508 -1.5
vertex 49.599998474121094 -45.64973068237305 -1.5
endloop
endfacet
facet normal 0.00926580594504671 -0.10590820563200387 -0.99433273948915
outer loop
vertex 49.599998474121094 -44.18472671508789 -1.6661099195480347
vertex 50.346126556396484 -44.18472671508789 -1.6591570377349854
vertex 50.45088577270508 -44.778846740722656 -1.5949000120162964
endloop
endfacet
facet normal 0.009265862942902197 -0.10590812496689979 -0.9943327475497922
outer loop
vertex 49.599998474121094 -44.85329055786133 -1.5949000120162964
vertex 49.599998474121094 -44.18472671508789 -1.6661099195480347
vertex 50.45088577270508 -44.778846740722656 -1.5949000120162964
endloop
endfacet
facet normal -0.010350638992505296 -0.11831146286289146 -0.992922586120232
outer loop
vertex 47.810813903808594 -45.56319046020508 -1.5
vertex 47.94911575317383 -44.778846740722656 -1.5949000120162964
vertex 48.79999923706055 -45.64973068237305 -1.5
endloop
endfacet
facet normal -0.0092659044802313 -0.10590812492613437 -0.9943327471670605
outer loop
vertex 48.79999923706055 -44.85329055786133 -1.5949000120162964
vertex 47.94911575317383 -44.778846740722656 -1.5949000120162964
vertex 48.79999923706055 -44.18472671508789 -1.6661099195480347
endloop
endfacet
facet normal -0.009265853322310233 -0.10590819732606105 -0.9943327399323396
outer loop
vertex 47.94911575317383 -44.778846740722656 -1.5949000120162964
vertex 48.05387496948242 -44.18472671508789 -1.6591570377349854
vertex 48.79999923706055 -44.18472671508789 -1.6661099195480347
endloop
endfacet
facet normal -0.010351112756509179 -0.1183119192821111 -0.9929225267967715
outer loop
vertex 47.94911575317383 -44.778846740722656 -1.5949000120162964
vertex 48.79999923706055 -44.85329055786133 -1.5949000120162964
vertex 48.79999923706055 -45.64973068237305 -1.5
endloop
endfacet
facet normal -0.027515714715842476 -0.10269025962142168 -0.9943327390881591
outer loop
vertex 47.94911575317383 -44.778846740722656 -1.5949000120162964
vertex 46.736236572265625 -44.453857421875 -1.5949000120162964
vertex 48.05387496948242 -44.18472671508789 -1.6591570377349854
endloop
endfacet
facet normal -0.030738148798137778 -0.11471657243725038 -0.9929225922581844
outer loop
vertex 47.810813903808594 -45.56319046020508 -1.5
vertex 46.736236572265625 -44.453857421875 -1.5949000120162964
vertex 47.94911575317383 -44.778846740722656 -1.5949000120162964
endloop
endfacet
facet normal -0.42261723351328206 -0.906308266506259 0
outer loop
vertex 46.46384048461914 -45.202266693115234 -1.5
vertex 46.46384048461914 -45.202266693115234 -0.5
vertex 45.20000076293945 -44.61293029785156 -1.5
endloop
endfacet
facet normal -1 0 0
outer loop
vertex 44.70000076293945 -44.18472671508789 -1
vertex 44.70000076293945 -44.26282501220703 -1.5
vertex 44.70000076293945 -44.26282501220703 -0.5
endloop
endfacet
facet normal -0.5735781035076711 -0.8191508769308272 0
outer loop
vertex 44.70000076293945 -44.26282501220703 -1.5
vertex 45.20000076293945 -44.61293029785156 -1.5
vertex 45.20000076293945 -44.61293029785156 -0.5
endloop
endfacet
facet normal -0.027515762688915563 -0.1026900300925275 -0.9943327614653171
outer loop
vertex 46.736236572265625 -44.453857421875 -1.5949000120162964
vertex 46.83419418334961 -44.18472671508789 -1.6254053115844727
vertex 48.05387496948242 -44.18472671508789 -1.6591570377349854
endloop
endfacet
facet normal -0.044929858244803354 -0.09635168648220108 -0.9943327714352663
outer loop
vertex 46.736236572265625 -44.453857421875 -1.5949000120162964
vertex 46.159088134765625 -44.18472671508789 -1.5949000120162964
vertex 46.83419418334961 -44.18472671508789 -1.6254053115844727
endloop
endfacet
facet normal -0.030738616077292388 -0.11471701942110067 -0.9929225261503496
outer loop
vertex 46.46384048461914 -45.202266693115234 -1.5
vertex 46.736236572265625 -44.453857421875 -1.5949000120162964
vertex 47.810813903808594 -45.56319046020508 -1.5
endloop
endfacet
facet normal -0.05019150729851561 -0.10763635357436104 -0.9929225689772179
outer loop
vertex 45.20000076293945 -44.61293029785156 -1.5
vertex 45.44722366333008 -44.18472671508789 -1.5589157342910767
vertex 46.46384048461914 -45.202266693115234 -1.5
endloop
endfacet
facet normal -0.05019213137230826 -0.10763658499673641 -0.9929225123435088
outer loop
vertex 46.46384048461914 -45.202266693115234 -1.5
vertex 46.159088134765625 -44.18472671508789 -1.5949000120162964
vertex 46.736236572265625 -44.453857421875 -1.5949000120162964
endloop
endfacet
facet normal -0.050191577911644775 -0.10763642347799919 -0.992922557829967
outer loop
vertex 45.44722366333008 -44.18472671508789 -1.5589157342910767
vertex 46.159088134765625 -44.18472671508789 -1.5949000120162964
vertex 46.46384048461914 -45.202266693115234 -1.5
endloop
endfacet
facet normal -1 0 0
outer loop
vertex 44.70000076293945 -44.18472671508789 -1
vertex 44.70000076293945 -44.18472671508789 -1.5076520442962646
vertex 44.70000076293945 -44.26282501220703 -1.5
endloop
endfacet
facet normal -0.06812006188671474 -0.09728620318369842 -0.9929224802766077
outer loop
vertex 44.70000076293945 -44.18472671508789 -1.5076520442962646
vertex 45.44722366333008 -44.18472671508789 -1.5589157342910767
vertex 44.70000076293945 -44.26282501220703 -1.5
endloop
endfacet
facet normal -0.06812016722441129 -0.09728525963126279 -0.9929225654983354
outer loop
vertex 45.20000076293945 -44.61293029785156 -1.5
vertex 44.70000076293945 -44.26282501220703 -1.5
vertex 45.44722366333008 -44.18472671508789 -1.5589157342910767
endloop
endfacet
facet normal 0.06097849698925206 -0.08708671934389459 0.9943327039873775
outer loop
vertex 52.80177688598633 -43.92319107055664 -0.4050999879837036
vertex 53.277870178222656 -43.58982849121094 -0.4050999879837036
vertex 52.58232116699219 -43.54307556152344 -0.3583499491214752
endloop
endfacet
facet normal -0.024288788651439904 -0.09064771585197334 0.9955867849447709
outer loop
vertex -50.21717071533203 -43.45338439941406 -0.2686587870121002
vertex -51.310298919677734 -43.48272705078125 -0.2979988753795624
vertex -50.3123893737793 -43.9933967590332 -0.32014966011047363
endloop
endfacet
facet normal 0.00817913720974205 -0.09348785526328447 0.9955868232518826
outer loop
vertex -48.79999923706055 -43.44778823852539 -0.2630630135536194
vertex -48.79999923706055 -44.05572509765625 -0.32014966011047363
vertex -48.182830810546875 -43.45338439941406 -0.2686587870121002
endloop
endfacet
facet normal -0.25882058733748775 -0.9659254130471346 0
outer loop
vertex -51.936161041259766 -45.202266693115234 -1.5
vertex -50.58918380737305 -45.56319046020508 -1.5
vertex -50.58918380737305 -45.56319046020508 -0.5
endloop
endfacet
facet normal -0.42261723351328206 -0.906308266506259 0
outer loop
vertex -51.936161041259766 -45.202266693115234 -1.5
vertex -51.936161041259766 -45.202266693115234 -0.5
vertex -53.20000076293945 -44.61293029785156 -1.5
endloop
endfacet
facet normal -1 0 0
outer loop
vertex -53.70000076293945 -44.18472671508789 -1
vertex -53.70000076293945 -44.26282501220703 -1.5
vertex -53.70000076293945 -44.26282501220703 -0.5
endloop
endfacet
facet normal -0.5735781035076711 -0.8191508769308272 0
outer loop
vertex -53.70000076293945 -44.26282501220703 -1.5
vertex -53.20000076293945 -44.61293029785156 -1.5
vertex -53.20000076293945 -44.61293029785156 -0.5
endloop
endfacet
facet normal -0.04492985548786129 -0.09635231741218338 -0.9943327104219903
outer loop
vertex -51.5658073425293 -44.18472671508789 -1.6254053115844727
vertex -51.663761138916016 -44.453857421875 -1.5949000120162964
vertex -52.24091339111328 -44.18472671508789 -1.5949000120162964
endloop
endfacet
facet normal -0.050191579607739935 -0.10763611316511784 -0.9929225913832286
outer loop
vertex -51.663761138916016 -44.453857421875 -1.5949000120162964
vertex -52.95277786254883 -44.18472671508789 -1.5589157342910767
vertex -52.24091339111328 -44.18472671508789 -1.5949000120162964
endloop
endfacet
facet normal -0.03073849902122091 -0.11471690744912112 -0.9929225427107757
outer loop
vertex -51.936161041259766 -45.202266693115234 -1.5
vertex -51.663761138916016 -44.453857421875 -1.5949000120162964
vertex -50.58918380737305 -45.56319046020508 -1.5
endloop
endfacet
facet normal -0.05019150729851561 -0.10763635357436104 -0.9929225689772179
outer loop
vertex -52.95277786254883 -44.18472671508789 -1.5589157342910767
vertex -51.936161041259766 -45.202266693115234 -1.5
vertex -53.20000076293945 -44.61293029785156 -1.5
endloop
endfacet
facet normal -0.027515835928854173 -0.10269038901691817 -0.9943327223704802
outer loop
vertex -51.5658073425293 -44.18472671508789 -1.6254053115844727
vertex -50.45088577270508 -44.778846740722656 -1.5949000120162964
vertex -51.663761138916016 -44.453857421875 -1.5949000120162964
endloop
endfacet
facet normal -0.05019166008225046 -0.10763650482298849 -0.9929225448581972
outer loop
vertex -52.95277786254883 -44.18472671508789 -1.5589157342910767
vertex -51.663761138916016 -44.453857421875 -1.5949000120162964
vertex -51.936161041259766 -45.202266693115234 -1.5
endloop
endfacet
facet normal -0.027515798059301662 -0.10269024768597372 0.9943327380144704
outer loop
vertex -50.3123893737793 -43.9933967590332 -0.32014966011047363
vertex -51.663761138916016 -44.453857421875 -0.4050999879837036
vertex -50.45088577270508 -44.778846740722656 -0.4050999879837036
endloop
endfacet
facet normal -0.06812006188671474 -0.09728620318369842 -0.9929224802766077
outer loop
vertex -53.70000076293945 -44.18472671508789 -1.5076520442962646
vertex -52.95277786254883 -44.18472671508789 -1.5589157342910767
vertex -53.70000076293945 -44.26282501220703 -1.5
endloop
endfacet
facet normal -1 0 0
outer loop
vertex -53.70000076293945 -44.18472671508789 -1
vertex -53.70000076293945 -44.18472671508789 -1.5076520442962646
vertex -53.70000076293945 -44.26282501220703 -1.5
endloop
endfacet
facet normal -0.06812016722441129 -0.09728525963126279 -0.9929225654983354
outer loop
vertex -53.20000076293945 -44.61293029785156 -1.5
vertex -53.70000076293945 -44.26282501220703 -1.5
vertex -52.95277786254883 -44.18472671508789 -1.5589157342910767
endloop
endfacet
facet normal -0.01035102485037157 -0.11831144493977097 0.9929225842334389
outer loop
vertex -50.45088577270508 -44.778846740722656 -0.4050999879837036
vertex -50.58918380737305 -45.56319046020508 -0.5
vertex -49.599998474121094 -44.85329055786133 -0.4050999879837036
endloop
endfacet
facet normal 0.06811979595942606 -0.09728559812695156 0.992922557803743
outer loop
vertex -45.59822082519531 -43.92319107055664 -0.4050999879837036
vertex -45.20000076293945 -44.61293029785156 -0.5
vertex -45.122127532958984 -43.58982849121094 -0.4050999879837036
endloop
endfacet
facet normal 0.06097819529910943 -0.08708628848373769 0.9943327602247605
outer loop
vertex -45.81768035888672 -43.54307556152344 -0.3583499491214752
vertex -45.59822082519531 -43.92319107055664 -0.4050999879837036
vertex -45.122127532958984 -43.58982849121094 -0.4050999879837036
endloop
endfacet
facet normal 0.044929891497763864 -0.0963517703153302 0.9943327618091947
outer loop
vertex -45.59822082519531 -43.92319107055664 -0.4050999879837036
vertex -45.81768035888672 -43.54307556152344 -0.3583499491214752
vertex -46.58116149902344 -43.50487518310547 -0.32014966011047363
endloop
endfacet
facet normal 0.010350638992505296 -0.11831146286289146 0.992922586120232
outer loop
vertex -48.79999923706055 -45.64973068237305 -0.5
vertex -47.810813903808594 -45.56319046020508 -0.5
vertex -47.94911575317383 -44.778846740722656 -0.4050999879837036
endloop
endfacet
facet normal 0.044929772443534625 -0.09635204573646242 0.9943327405001662
outer loop
vertex -46.58116149902344 -43.50487518310547 -0.32014966011047363
vertex -46.736236572265625 -44.453857421875 -0.4050999879837036
vertex -45.59822082519531 -43.92319107055664 -0.4050999879837036
endloop
endfacet
facet normal 0.03966104510452103 -0.08505262666758792 0.9955867878784657
outer loop
vertex -47.08970260620117 -43.48272705078125 -0.2979988753795624
vertex -47.0090217590332 -43.70439147949219 -0.32014966011047363
vertex -46.58116149902344 -43.50487518310547 -0.32014966011047363
endloop
endfacet
facet normal 0.2588212712285562 -0.9659252297976455 0
outer loop
vertex -47.810813903808594 -45.56319046020508 -0.5
vertex -47.810813903808594 -45.56319046020508 -1.5
vertex -46.46384048461914 -45.202266693115234 -0.5
endloop
endfacet
facet normal 0.04493012364622459 -0.09635210122527238 0.9943327192537766
outer loop
vertex -47.0090217590332 -43.70439147949219 -0.32014966011047363
vertex -46.736236572265625 -44.453857421875 -0.4050999879837036
vertex -46.58116149902344 -43.50487518310547 -0.32014966011047363
endloop
endfacet
facet normal 0.08715346341544244 -0.9961948975048472 0
outer loop
vertex -48.79999923706055 -45.64973068237305 -0.5
vertex -48.79999923706055 -45.64973068237305 -1.5
vertex -47.810813903808594 -45.56319046020508 -0.5
endloop
endfacet
facet normal 0.05019188957275032 -0.10763667333928423 0.9929225149897493
outer loop
vertex -46.736236572265625 -44.453857421875 -0.4050999879837036
vertex -46.46384048461914 -45.202266693115234 -0.5
vertex -45.59822082519531 -43.92319107055664 -0.4050999879837036
endloop
endfacet
facet normal 0.027515766447171405 -0.10269045268577248 0.9943327177177748
outer loop
vertex -47.0090217590332 -43.70439147949219 -0.32014966011047363
vertex -47.94911575317383 -44.778846740722656 -0.4050999879837036
vertex -46.736236572265625 -44.453857421875 -0.4050999879837036
endloop
endfacet
facet normal -0.010350678969440938 -0.11831191981339857 0.9929225312555555
outer loop
vertex -50.58918380737305 -45.56319046020508 -0.5
vertex -49.599998474121094 -45.64973068237305 -0.5
vertex -49.599998474121094 -44.85329055786133 -0.4050999879837036
endloop
endfacet
facet normal 0.06812055026925769 -0.09728557001032873 0.9929225088086074
outer loop
vertex -45.122127532958984 -43.58982849121094 -0.4050999879837036
vertex -44.70000076293945 -44.26282501220703 -0.5
vertex -44.70000076293945 -43.62193298339844 -0.4372060298919678
endloop
endfacet
facet normal 0.06812043518141883 -0.09728564231187134 0.9929225096202929
outer loop
vertex -45.20000076293945 -44.61293029785156 -0.5
vertex -44.70000076293945 -44.26282501220703 -0.5
vertex -45.122127532958984 -43.58982849121094 -0.4050999879837036
endloop
endfacet
facet normal 1 0 0
outer loop
vertex -44.70000076293945 -44.26282501220703 -0.5
vertex -44.70000076293945 -44.18472671508789 -1
vertex -44.70000076293945 -43.62193298339844 -0.4372060298919678
endloop
endfacet
facet normal -0.08715346341544244 -0.9961948975048472 0
outer loop
vertex -50.58918380737305 -45.56319046020508 -0.5
vertex -50.58918380737305 -45.56319046020508 -1.5
vertex -49.599998474121094 -45.64973068237305 -0.5
endloop
endfacet
facet normal 0.5735781035076711 -0.8191508769308272 0
outer loop
vertex -45.20000076293945 -44.61293029785156 -0.5
vertex -45.20000076293945 -44.61293029785156 -1.5
vertex -44.70000076293945 -44.26282501220703 -0.5
endloop
endfacet
facet normal 0.05019155100262191 -0.10763644729839705 0.9929225566079818
outer loop
vertex -46.46384048461914 -45.202266693115234 -0.5
vertex -45.20000076293945 -44.61293029785156 -0.5
vertex -45.59822082519531 -43.92319107055664 -0.4050999879837036
endloop
endfacet
facet normal 1 0 0
outer loop
vertex -44.70000076293945 -44.26282501220703 -0.5
vertex -44.70000076293945 -44.26282501220703 -1.5
vertex -44.70000076293945 -44.18472671508789 -1
endloop
endfacet
facet normal 0.030738616077292388 -0.11471701942110067 0.9929225261503496
outer loop
vertex -46.736236572265625 -44.453857421875 -0.4050999879837036
vertex -47.810813903808594 -45.56319046020508 -0.5
vertex -46.46384048461914 -45.202266693115234 -0.5
endloop
endfacet
facet normal 0.5735781035076711 -0.8191508769308272 0
outer loop
vertex -45.20000076293945 -44.61293029785156 -1.5
vertex -44.70000076293945 -44.26282501220703 -1.5
vertex -44.70000076293945 -44.26282501220703 -0.5
endloop
endfacet
facet normal 0.42261723351328206 -0.906308266506259 0
outer loop
vertex -46.46384048461914 -45.202266693115234 -1.5
vertex -45.20000076293945 -44.61293029785156 -1.5
vertex -45.20000076293945 -44.61293029785156 -0.5
endloop
endfacet
facet normal 0.2588212712285562 -0.9659252297976455 0
outer loop
vertex -47.810813903808594 -45.56319046020508 -1.5
vertex -46.46384048461914 -45.202266693115234 -1.5
vertex -46.46384048461914 -45.202266693115234 -0.5
endloop
endfacet
facet normal 1 0 0
outer loop
vertex -44.70000076293945 -44.26282501220703 -1.5
vertex -44.70000076293945 -44.18472671508789 -1.5076520442962646
vertex -44.70000076293945 -44.18472671508789 -1
endloop
endfacet
facet normal 0.06812082435513186 -0.09728619810712637 -0.9929224284640963
outer loop
vertex -45.20000076293945 -44.61293029785156 -1.5
vertex -44.70000076293945 -44.18472671508789 -1.5076520442962646
vertex -44.70000076293945 -44.26282501220703 -1.5
endloop
endfacet
facet normal 0.06812006781441063 -0.09728531718798292 -0.992922566679091
outer loop
vertex -45.20000076293945 -44.61293029785156 -1.5
vertex -45.44722366333008 -44.18472671508789 -1.5589157342910767
vertex -44.70000076293945 -44.18472671508789 -1.5076520442962646
endloop
endfacet
facet normal -0.5735781035076711 -0.8191508769308272 0
outer loop
vertex -53.70000076293945 -44.26282501220703 -0.5
vertex -53.70000076293945 -44.26282501220703 -1.5
vertex -53.20000076293945 -44.61293029785156 -0.5
endloop
endfacet
facet normal 0.42261723351328206 -0.906308266506259 0
outer loop
vertex -46.46384048461914 -45.202266693115234 -0.5
vertex -46.46384048461914 -45.202266693115234 -1.5
vertex -45.20000076293945 -44.61293029785156 -0.5
endloop
endfacet
facet normal 0.024288786752211557 -0.09064778074408432 0.9955867790827067
outer loop
vertex -48.182830810546875 -43.45338439941406 -0.2686587870121002
vertex -47.0090217590332 -43.70439147949219 -0.32014966011047363
vertex -47.08970260620117 -43.48272705078125 -0.2979988753795624
endloop
endfacet
facet normal 0.024288801362693627 -0.09064771360061473 0.9955867848396464
outer loop
vertex -48.182830810546875 -43.45338439941406 -0.2686587870121002
vertex -48.08761215209961 -43.9933967590332 -0.32014966011047363
vertex -47.0090217590332 -43.70439147949219 -0.32014966011047363
endloop
endfacet
facet normal 0.02751557527983731 -0.10269028719358086 0.9943327400991679
outer loop
vertex -48.08761215209961 -43.9933967590332 -0.32014966011047363
vertex -47.94911575317383 -44.778846740722656 -0.4050999879837036
vertex -47.0090217590332 -43.70439147949219 -0.32014966011047363
endloop
endfacet
facet normal 0.044929858244803354 -0.09635168648220108 -0.9943327714352663
outer loop
vertex -46.159088134765625 -44.18472671508789 -1.5949000120162964
vertex -46.736236572265625 -44.453857421875 -1.5949000120162964
vertex -46.83419418334961 -44.18472671508789 -1.6254053115844727
endloop
endfacet
facet normal 0.050191690348207155 -0.1076367461268541 -0.9929225171700019
outer loop
vertex -46.46384048461914 -45.202266693115234 -1.5
vertex -46.736236572265625 -44.453857421875 -1.5949000120162964
vertex -45.20000076293945 -44.61293029785156 -1.5
endloop
endfacet
facet normal 0.0501915785178297 -0.10763631257218294 -0.992922569821913
outer loop
vertex -45.20000076293945 -44.61293029785156 -1.5
vertex -46.159088134765625 -44.18472671508789 -1.5949000120162964
vertex -45.44722366333008 -44.18472671508789 -1.5589157342910767
endloop
endfacet
facet normal 0.05019178879530628 -0.10763585034336379 -0.9929226092996313
outer loop
vertex -46.736236572265625 -44.453857421875 -1.5949000120162964
vertex -46.159088134765625 -44.18472671508789 -1.5949000120162964
vertex -45.20000076293945 -44.61293029785156 -1.5
endloop
endfacet
facet normal 0.027515662914882624 -0.10269006629720422 -0.9943327604872679
outer loop
vertex -46.736236572265625 -44.453857421875 -1.5949000120162964
vertex -47.94911575317383 -44.778846740722656 -1.5949000120162964
vertex -46.83419418334961 -44.18472671508789 -1.6254053115844727
endloop
endfacet
facet normal 0.030738299338909692 -0.11471713426423219 -0.9929225226874218
outer loop
vertex -46.46384048461914 -45.202266693115234 -1.5
vertex -47.94911575317383 -44.778846740722656 -1.5949000120162964
vertex -46.736236572265625 -44.453857421875 -1.5949000120162964
endloop
endfacet
facet normal 0.08715346341544244 -0.9961948975048472 0
outer loop
vertex -47.810813903808594 -45.56319046020508 -1.5
vertex -47.810813903808594 -45.56319046020508 -0.5
vertex -48.79999923706055 -45.64973068237305 -1.5
endloop
endfacet
facet normal -0.08715346341544244 -0.9961948975048472 0
outer loop
vertex -50.58918380737305 -45.56319046020508 -1.5
vertex -49.599998474121094 -45.64973068237305 -1.5
vertex -49.599998474121094 -45.64973068237305 -0.5
endloop
endfacet
facet normal 0.030738480521866264 -0.1147165135260268 -0.9929225887951385
outer loop
vertex -47.810813903808594 -45.56319046020508 -1.5
vertex -47.94911575317383 -44.778846740722656 -1.5949000120162964
vertex -46.46384048461914 -45.202266693115234 -1.5
endloop
endfacet
facet normal 0.010350678969440938 -0.11831191981339857 -0.9929225312555555
outer loop
vertex -48.79999923706055 -44.85329055786133 -1.5949000120162964
vertex -47.810813903808594 -45.56319046020508 -1.5
vertex -48.79999923706055 -45.64973068237305 -1.5
endloop
endfacet
facet normal 0.027515762057422326 -0.10269025122592364 -0.9943327386451459
outer loop
vertex -47.94911575317383 -44.778846740722656 -1.5949000120162964
vertex -48.05387496948242 -44.18472671508789 -1.6591570377349854
vertex -46.83419418334961 -44.18472671508789 -1.6254053115844727
endloop
endfacet
facet normal 0.010351066279839425 -0.11831138805961072 -0.9929225905790836
outer loop
vertex -48.79999923706055 -44.85329055786133 -1.5949000120162964
vertex -47.94911575317383 -44.778846740722656 -1.5949000120162964
vertex -47.810813903808594 -45.56319046020508 -1.5
endloop
endfacet
facet normal 0.009265853322310233 -0.10590819732606105 -0.9943327399323396
outer loop
vertex -48.79999923706055 -44.18472671508789 -1.6661099195480347
vertex -48.05387496948242 -44.18472671508789 -1.6591570377349854
vertex -47.94911575317383 -44.778846740722656 -1.5949000120162964
endloop
endfacet
facet normal 0.0092659044802313 -0.10590812492613437 -0.9943327471670605
outer loop
vertex -48.79999923706055 -44.85329055786133 -1.5949000120162964
vertex -48.79999923706055 -44.18472671508789 -1.6661099195480347
vertex -47.94911575317383 -44.778846740722656 -1.5949000120162964
endloop
endfacet
facet normal -0.010350643268564422 -0.11831151173975897 -0.9929225802517435
outer loop
vertex -50.58918380737305 -45.56319046020508 -1.5
vertex -50.45088577270508 -44.778846740722656 -1.5949000120162964
vertex -49.599998474121094 -45.64973068237305 -1.5
endloop
endfacet
facet normal -0.009265862942902197 -0.10590812496689979 -0.9943327475497922
outer loop
vertex -49.599998474121094 -44.85329055786133 -1.5949000120162964
vertex -50.45088577270508 -44.778846740722656 -1.5949000120162964
vertex -49.599998474121094 -44.18472671508789 -1.6661099195480347
endloop
endfacet
facet normal -0.009265887941016196 -0.10590841069348539 0.9943327168835613
outer loop
vertex -50.45088577270508 -44.778846740722656 -0.4050999879837036
vertex -49.599998474121094 -44.85329055786133 -0.4050999879837036
vertex -49.599998474121094 -44.05572509765625 -0.32014966011047363
endloop
endfacet
facet normal -0.010351066355380807 -0.11831191933894265 -0.9929225272737253
outer loop
vertex -50.45088577270508 -44.778846740722656 -1.5949000120162964
vertex -49.599998474121094 -44.85329055786133 -1.5949000120162964
vertex -49.599998474121094 -45.64973068237305 -1.5
endloop
endfacet
facet normal -0.009266093113356001 -0.10590817203171062 0.9943327403919255
outer loop
vertex -50.3123893737793 -43.9933967590332 -0.32014966011047363
vertex -50.45088577270508 -44.778846740722656 -0.4050999879837036
vertex -49.599998474121094 -44.05572509765625 -0.32014966011047363
endloop
endfacet
facet normal -0.00926580594504671 -0.10590820563200387 -0.99433273948915
outer loop
vertex -50.45088577270508 -44.778846740722656 -1.5949000120162964
vertex -50.346126556396484 -44.18472671508789 -1.6591570377349854
vertex -49.599998474121094 -44.18472671508789 -1.6661099195480347
endloop
endfacet
facet normal -0.027515762057422326 -0.10269025122592364 -0.9943327386451459
outer loop
vertex -50.45088577270508 -44.778846740722656 -1.5949000120162964
vertex -51.5658073425293 -44.18472671508789 -1.6254053115844727
vertex -50.346126556396484 -44.18472671508789 -1.6591570377349854
endloop
endfacet
facet normal -0.008179082358627776 -0.09348828883728388 0.9955867829888299
outer loop
vertex -50.21717071533203 -43.45338439941406 -0.2686587870121002
vertex -50.3123893737793 -43.9933967590332 -0.32014966011047363
vertex -49.599998474121094 -43.44778823852539 -0.2630630135536194
endloop
endfacet
facet normal -0.030738278794330765 -0.11471669678733101 -0.9929225738671498
outer loop
vertex -50.58918380737305 -45.56319046020508 -1.5
vertex -51.663761138916016 -44.453857421875 -1.5949000120162964
vertex -50.45088577270508 -44.778846740722656 -1.5949000120162964
endloop
endfacet
facet normal -0.03966134730220909 -0.08505251641267583 0.9955867852588467
outer loop
vertex -51.310298919677734 -43.48272705078125 -0.2979988753795624
vertex -51.8188362121582 -43.50487518310547 -0.32014966011047363
vertex -51.3909797668457 -43.70439147949219 -0.32014966011047363
endloop
endfacet
facet normal -0.024288816462904723 -0.09064776995578805 0.9955867793401407
outer loop
vertex -51.3909797668457 -43.70439147949219 -0.32014966011047363
vertex -50.3123893737793 -43.9933967590332 -0.32014966011047363
vertex -51.310298919677734 -43.48272705078125 -0.2979988753795624
endloop
endfacet
facet normal -0.027515666438836437 -0.10269062740612252 0.99433270244087
outer loop
vertex -51.3909797668457 -43.70439147949219 -0.32014966011047363
vertex -51.663761138916016 -44.453857421875 -0.4050999879837036
vertex -50.3123893737793 -43.9933967590332 -0.32014966011047363
endloop
endfacet
facet normal -0.0449301216469293 -0.09635123788611506 0.994332803002398
outer loop
vertex -51.8188362121582 -43.50487518310547 -0.32014966011047363
vertex -52.80177688598633 -43.92319107055664 -0.4050999879837036
vertex -51.3909797668457 -43.70439147949219 -0.32014966011047363
endloop
endfacet
facet normal -0.04492993578162218 -0.09635239601553189 0.9943326991770538
outer loop
vertex -52.80177688598633 -43.92319107055664 -0.4050999879837036
vertex -51.663761138916016 -44.453857421875 -0.4050999879837036
vertex -51.3909797668457 -43.70439147949219 -0.32014966011047363
endloop
endfacet
facet normal -0.04492963502542008 -0.09635236364075064 0.99433271590415
outer loop
vertex -51.8188362121582 -43.50487518310547 -0.32014966011047363
vertex -52.58232116699219 -43.54307556152344 -0.3583499491214752
vertex -52.80177688598633 -43.92319107055664 -0.4050999879837036
endloop
endfacet
facet normal -0.42261723351328206 -0.906308266506259 0
outer loop
vertex -53.20000076293945 -44.61293029785156 -0.5
vertex -53.20000076293945 -44.61293029785156 -1.5
vertex -51.936161041259766 -45.202266693115234 -0.5
endloop
endfacet
facet normal -0.00817941763352416 -0.09348785504884041 0.9955868209681883
outer loop
vertex -49.599998474121094 -43.44778823852539 -0.2630630135536194
vertex -50.3123893737793 -43.9933967590332 -0.32014966011047363
vertex -49.599998474121094 -44.05572509765625 -0.32014966011047363
endloop
endfacet
facet normal -1 0 0
outer loop
vertex -53.70000076293945 -43.62193298339844 -0.4372060298919678
vertex -53.70000076293945 -44.18472671508789 -1
vertex -53.70000076293945 -44.26282501220703 -0.5
endloop
endfacet
facet normal -0.03073834974401115 -0.11471696157486275 0.9929225410786314
outer loop
vertex -51.663761138916016 -44.453857421875 -0.4050999879837036
vertex -51.936161041259766 -45.202266693115234 -0.5
vertex -50.45088577270508 -44.778846740722656 -0.4050999879837036
endloop
endfacet
facet normal -0.050191634272210156 -0.1076361258464307 0.9929225872452777
outer loop
vertex -52.80177688598633 -43.92319107055664 -0.4050999879837036
vertex -53.20000076293945 -44.61293029785156 -0.5
vertex -51.663761138916016 -44.453857421875 -0.4050999879837036
endloop
endfacet
facet normal -0.06097849698925206 -0.08708671934389459 0.9943327039873775
outer loop
vertex -52.58232116699219 -43.54307556152344 -0.3583499491214752
vertex -53.277870178222656 -43.58982849121094 -0.4050999879837036
vertex -52.80177688598633 -43.92319107055664 -0.4050999879837036
endloop
endfacet
facet normal -0.0681198275226593 -0.09728564320412744 0.9929225512217165
outer loop
vertex -53.277870178222656 -43.58982849121094 -0.4050999879837036
vertex -53.70000076293945 -44.26282501220703 -0.5
vertex -52.80177688598633 -43.92319107055664 -0.4050999879837036
endloop
endfacet
facet normal 0.010351112756509179 -0.1183119192821111 0.9929225267967715
outer loop
vertex -48.79999923706055 -44.85329055786133 -0.4050999879837036
vertex -48.79999923706055 -45.64973068237305 -0.5
vertex -47.94911575317383 -44.778846740722656 -0.4050999879837036
endloop
endfacet
facet normal 0.009266163588904103 -0.10590841042295511 0.9943327143436581
outer loop
vertex -48.79999923706055 -44.05572509765625 -0.32014966011047363
vertex -48.79999923706055 -44.85329055786133 -0.4050999879837036
vertex -48.08761215209961 -43.9933967590332 -0.32014966011047363
endloop
endfacet
facet normal 0.009265911388858374 -0.1059082038908745 0.9943327386920048
outer loop
vertex -48.08761215209961 -43.9933967590332 -0.32014966011047363
vertex -48.79999923706055 -44.85329055786133 -0.4050999879837036
vertex -47.94911575317383 -44.778846740722656 -0.4050999879837036
endloop
endfacet
facet normal -0.030738435134828112 -0.11471666902338 0.9929225722349362
outer loop
vertex -51.936161041259766 -45.202266693115234 -0.5
vertex -50.58918380737305 -45.56319046020508 -0.5
vertex -50.45088577270508 -44.778846740722656 -0.4050999879837036
endloop
endfacet
facet normal -0.05019158980055118 -0.10763653050107135 0.9929225456272937
outer loop
vertex -53.20000076293945 -44.61293029785156 -0.5
vertex -51.936161041259766 -45.202266693115234 -0.5
vertex -51.663761138916016 -44.453857421875 -0.4050999879837036
endloop
endfacet
facet normal -0.25882058733748775 -0.9659254130471346 0
outer loop
vertex -51.936161041259766 -45.202266693115234 -0.5
vertex -51.936161041259766 -45.202266693115234 -1.5
vertex -50.58918380737305 -45.56319046020508 -0.5
endloop
endfacet
facet normal -0.06811993753602048 -0.09728557408991427 0.992922550445947
outer loop
vertex -53.277870178222656 -43.58982849121094 -0.4050999879837036
vertex -53.70000076293945 -43.62193298339844 -0.4372060298919678
vertex -53.70000076293945 -44.26282501220703 -0.5
endloop
endfacet
facet normal -0.06812004356674797 -0.09728508303058238 0.9929225912850392
outer loop
vertex -53.70000076293945 -44.26282501220703 -0.5
vertex -53.20000076293945 -44.61293029785156 -0.5
vertex -52.80177688598633 -43.92319107055664 -0.4050999879837036
endloop
endfacet
facet normal 0.008179493077939174 -0.09348821674025246 0.9955867863846504
outer loop
vertex -48.182830810546875 -43.45338439941406 -0.2686587870121002
vertex -48.79999923706055 -44.05572509765625 -0.32014966011047363
vertex -48.08761215209961 -43.9933967590332 -0.32014966011047363
endloop
endfacet
facet normal 0.030738148798137778 -0.11471657243725038 0.9929225922581844
outer loop
vertex -47.94911575317383 -44.778846740722656 -0.4050999879837036
vertex -47.810813903808594 -45.56319046020508 -0.5
vertex -46.736236572265625 -44.453857421875 -0.4050999879837036
endloop
endfacet
facet normal -1 0 0
outer loop
vertex 49.599998474121094 -42.98472595214844 -4
vertex 49.599998474121094 -44.18472671508789 -4
vertex 49.599998474121094 -42.98472595214844 0
endloop
endfacet
facet normal 0 0 1
outer loop
vertex 43.20000076293945 -44.18472671508789 -5
vertex 55.20000076293945 -41.48472595214844 -5
vertex 55.16194152832031 -41.29338455200195 -5
endloop
endfacet
facet normal -0.8314692529919772 0.5555707707654927 0
outer loop
vertex 55.16194152832031 -42.67606735229492 -4
vertex 55.05355453491211 -42.838279724121094 -4
vertex 55.05355453491211 -42.838279724121094 0
endloop
endfacet
facet normal -1 0 0
outer loop
vertex 55.20000076293945 -41.48472595214844 -5
vertex 55.20000076293945 -42.48472595214844 -4
vertex 55.20000076293945 -42.48472595214844 0
endloop
endfacet
facet normal 0 0 1
outer loop
vertex 43.20000076293945 -44.18472671508789 -5
vertex 43.238059997558594 -41.29338455200195 -5
vertex 43.20000076293945 -41.48472595214844 -5
endloop
endfacet
facet normal -0.831469252991977 -0.5555707707654927 0
outer loop
vertex 55.05355453491211 -41.13117218017578 -5
vertex 55.16194152832031 -41.29338455200195 -5
vertex 55.16194152832031 -41.29338455200195 0
endloop
endfacet
facet normal -0.9807861986664704 -0.19508570553829574 0
outer loop
vertex 55.16194152832031 -41.29338455200195 -5
vertex 55.20000076293945 -41.48472595214844 -5
vertex 55.20000076293945 -41.48472595214844 0
endloop
endfacet
facet normal -0.5555707707654927 -0.831469252991977 0
outer loop
vertex 54.89134216308594 -41.02278518676758 -5
vertex 55.05355453491211 -41.13117218017578 -5
vertex 55.05355453491211 -41.13117218017578 0
endloop
endfacet
facet normal 0 1 0
outer loop
vertex 48.79999923706055 -42.98472595214844 0
vertex 43.70000076293945 -42.98472595214844 -4
vertex 43.70000076293945 -42.98472595214844 0
endloop
endfacet
facet normal -0.5555707707654927 0.8314692529919772 0
outer loop
vertex 55.05355453491211 -42.838279724121094 -4
vertex 54.89134216308594 -42.9466667175293 -4
vertex 54.89134216308594 -42.9466667175293 0
endloop
endfacet
facet normal -0.007192549263254353 0.9999741332830042 0
outer loop
vertex 54.89134216308594 -42.9466667175293 -4
vertex 49.599998474121094 -42.98472595214844 -4
vertex 54.89134216308594 -42.9466667175293 0
endloop
endfacet
facet normal -1 0 0
outer loop
vertex 49.599998474121094 -44.18472671508789 -4
vertex 49.599998474121094 -44.18472671508789 -1.6661099195480347
vertex 49.599998474121094 -43.44778823852539 -0.2630630135536194
endloop
endfacet
facet normal 1 0 0
outer loop
vertex 48.79999923706055 -44.18472671508789 -1.6661099195480347
vertex 48.79999923706055 -42.98472595214844 -4
vertex 48.79999923706055 -42.98472595214844 0
endloop
endfacet
facet normal 0 0 1
outer loop
vertex 43.238059997558594 -41.29338455200195 -5
vertex 43.20000076293945 -44.18472671508789 -5
vertex 43.3464469909668 -41.13117218017578 -5
endloop
endfacet
facet normal 0 0 1
outer loop
vertex 43.3464469909668 -41.13117218017578 -5
vertex 43.20000076293945 -44.18472671508789 -5
vertex 43.50865936279297 -41.02278518676758 -5
endloop
endfacet
facet normal 1 0 0
outer loop
vertex 43.20000076293945 -44.18472671508789 -5
vertex 43.20000076293945 -41.48472595214844 -5
vertex 43.20000076293945 -42.48472595214844 -4
endloop
endfacet
facet normal 0 1 0
outer loop
vertex 48.79999923706055 -42.98472595214844 -4
vertex 43.70000076293945 -42.98472595214844 -4
vertex 48.79999923706055 -42.98472595214844 0
endloop
endfacet
facet normal 1 0 0
outer loop
vertex 43.20000076293945 -44.18472671508789 -4
vertex 43.20000076293945 -44.18472671508789 -5
vertex 43.20000076293945 -42.48472595214844 -4
endloop
endfacet
facet normal 0 0 -1
outer loop
vertex 43.20000076293945 -44.18472671508789 -4
vertex 43.3464469909668 -42.838279724121094 -4
vertex 43.50865936279297 -42.9466667175293 -4
endloop
endfacet
facet normal 0.5555707707654927 -0.831469252991977 0
outer loop
vertex 43.50865936279297 -41.02278518676758 0
vertex 43.3464469909668 -41.13117218017578 0
vertex 43.3464469909668 -41.13117218017578 -5
endloop
endfacet
facet normal 0.831469252991977 -0.5555707707654927 0
outer loop
vertex 43.3464469909668 -41.13117218017578 0
vertex 43.238059997558594 -41.29338455200195 0
vertex 43.238059997558594 -41.29338455200195 -5
endloop
endfacet
facet normal 0.9807861986664704 -0.19508570553829574 0
outer loop
vertex 43.238059997558594 -41.29338455200195 0
vertex 43.20000076293945 -41.48472595214844 0
vertex 43.20000076293945 -41.48472595214844 -5
endloop
endfacet
facet normal 1 0 0
outer loop
vertex 43.20000076293945 -41.48472595214844 0
vertex 43.20000076293945 -42.48472595214844 0
vertex 43.20000076293945 -42.48472595214844 -4
endloop
endfacet
facet normal 0.9807861986664705 0.19508570553829574 0
outer loop
vertex 43.20000076293945 -42.48472595214844 0
vertex 43.238059997558594 -42.67606735229492 0
vertex 43.238059997558594 -42.67606735229492 -4
endloop
endfacet
facet normal 0.8314692529919772 0.5555707707654927 0
outer loop
vertex 43.238059997558594 -42.67606735229492 0
vertex 43.3464469909668 -42.838279724121094 0
vertex 43.3464469909668 -42.838279724121094 -4
endloop
endfacet
facet normal 0.19508570553829574 0.9807861986664705 0
outer loop
vertex 43.70000076293945 -42.98472595214844 -4
vertex 43.50865936279297 -42.9466667175293 0
vertex 43.70000076293945 -42.98472595214844 0
endloop
endfacet
facet normal 0.5555707707654927 0.8314692529919772 0
outer loop
vertex 43.3464469909668 -42.838279724121094 0
vertex 43.50865936279297 -42.9466667175293 0
vertex 43.50865936279297 -42.9466667175293 -4
endloop
endfacet
facet normal 0.9807861986664705 0.19508570553829574 0
outer loop
vertex 43.238059997558594 -42.67606735229492 -4
vertex 43.20000076293945 -42.48472595214844 -4
vertex 43.20000076293945 -42.48472595214844 0
endloop
endfacet
facet normal 0.8314692529919772 0.5555707707654927 0
outer loop
vertex 43.3464469909668 -42.838279724121094 -4
vertex 43.238059997558594 -42.67606735229492 -4
vertex 43.238059997558594 -42.67606735229492 0
endloop
endfacet
facet normal 0.5555707707654927 0.8314692529919772 0
outer loop
vertex 43.50865936279297 -42.9466667175293 -4
vertex 43.3464469909668 -42.838279724121094 -4
vertex 43.3464469909668 -42.838279724121094 0
endloop
endfacet
facet normal -1 0 0
outer loop
vertex 49.599998474121094 -43.44778823852539 -0.2630630135536194
vertex 49.599998474121094 -43.18472671508789 0
vertex 49.599998474121094 -44.18472671508789 -4
endloop
endfacet
facet normal -1 0 0
outer loop
vertex 49.599998474121094 -42.98472595214844 0
vertex 49.599998474121094 -44.18472671508789 -4
vertex 49.599998474121094 -43.18472671508789 0
endloop
endfacet
facet normal 1 0 0
outer loop
vertex 43.20000076293945 -42.48472595214844 -4
vertex 43.20000076293945 -41.48472595214844 -5
vertex 43.20000076293945 -41.48472595214844 0
endloop
endfacet
facet normal 0.5555707707654927 -0.831469252991977 0
outer loop
vertex 43.3464469909668 -41.13117218017578 -5
vertex 43.50865936279297 -41.02278518676758 -5
vertex 43.50865936279297 -41.02278518676758 0
endloop
endfacet
facet normal 1 0 0
outer loop
vertex 48.79999923706055 -45.64973068237305 -1.5
vertex 48.79999923706055 -44.85329055786133 -1.5949000120162964
vertex 48.79999923706055 -44.85329055786133 -0.4050999879837036
endloop
endfacet
facet normal 1 0 0
outer loop
vertex 48.79999923706055 -44.85329055786133 -1.5949000120162964
vertex 48.79999923706055 -44.18472671508789 -1.6661099195480347
vertex 48.79999923706055 -44.05572509765625 -0.32014966011047363
endloop
endfacet
facet normal -1 0 0
outer loop
vertex 49.599998474121094 -44.85329055786133 -1.5949000120162964
vertex 49.599998474121094 -45.64973068237305 -1.5
vertex 49.599998474121094 -44.85329055786133 -0.4050999879837036
endloop
endfacet
facet normal -1 0 0
outer loop
vertex 49.599998474121094 -44.18472671508789 -1.6661099195480347
vertex 49.599998474121094 -44.85329055786133 -1.5949000120162964
vertex 49.599998474121094 -44.85329055786133 -0.4050999879837036
endloop
endfacet
facet normal 0.831469252991977 -0.5555707707654927 0
outer loop
vertex 43.238059997558594 -41.29338455200195 -5
vertex 43.3464469909668 -41.13117218017578 -5
vertex 43.3464469909668 -41.13117218017578 0
endloop
endfacet
facet normal 0.9807861986664704 -0.19508570553829574 0
outer loop
vertex 43.20000076293945 -41.48472595214844 -5
vertex 43.238059997558594 -41.29338455200195 -5
vertex 43.238059997558594 -41.29338455200195 0
endloop
endfacet
facet normal 0.19508570553829574 0.9807861986664705 0
outer loop
vertex 43.70000076293945 -42.98472595214844 -4
vertex 43.50865936279297 -42.9466667175293 -4
vertex 43.50865936279297 -42.9466667175293 0
endloop
endfacet
facet normal 0 0 -1
outer loop
vertex 43.20000076293945 -44.18472671508789 -4
vertex 43.50865936279297 -42.9466667175293 -4
vertex 43.70000076293945 -42.98472595214844 -4
endloop
endfacet
facet normal 0 0 -1
outer loop
vertex 55.20000076293945 -42.48472595214844 -4
vertex 55.20000076293945 -44.18472671508789 -4
vertex 55.16194152832031 -42.67606735229492 -4
endloop
endfacet
facet normal 0 0 -1
outer loop
vertex 55.20000076293945 -44.18472671508789 -4
vertex 55.05355453491211 -42.838279724121094 -4
vertex 55.16194152832031 -42.67606735229492 -4
endloop
endfacet
facet normal 0 0 -1
outer loop
vertex 43.3464469909668 -42.838279724121094 -4
vertex 43.20000076293945 -44.18472671508789 -4
vertex 43.238059997558594 -42.67606735229492 -4
endloop
endfacet
facet normal 0 0 -1
outer loop
vertex 43.238059997558594 -42.67606735229492 -4
vertex 43.20000076293945 -44.18472671508789 -4
vertex 43.20000076293945 -42.48472595214844 -4
endloop
endfacet
facet normal -0.9807861986664705 0.19508570553829574 0
outer loop
vertex 55.20000076293945 -42.48472595214844 -4
vertex 55.16194152832031 -42.67606735229492 -4
vertex 55.16194152832031 -42.67606735229492 0
endloop
endfacet
facet normal -0.831469252991977 -0.5555707707654927 0
outer loop
vertex 55.05355453491211 -41.13117218017578 0
vertex 55.05355453491211 -41.13117218017578 -5
vertex 55.16194152832031 -41.29338455200195 0
endloop
endfacet
facet normal 0 0 -1
outer loop
vertex 55.20000076293945 -44.18472671508789 -4
vertex 54.89134216308594 -42.9466667175293 -4
vertex 55.05355453491211 -42.838279724121094 -4
endloop
endfacet
facet normal -0.9807861986664704 -0.19508570553829574 0
outer loop
vertex 55.16194152832031 -41.29338455200195 0
vertex 55.16194152832031 -41.29338455200195 -5
vertex 55.20000076293945 -41.48472595214844 0
endloop
endfacet
facet normal -1 0 0
outer loop
vertex 55.20000076293945 -42.48472595214844 -4
vertex 55.20000076293945 -44.18472671508789 -5
vertex 55.20000076293945 -44.18472671508789 -4
endloop
endfacet
facet normal 0 0 -1
outer loop
vertex 55.20000076293945 -44.18472671508789 -4
vertex 49.599998474121094 -42.98472595214844 -4
vertex 54.89134216308594 -42.9466667175293 -4
endloop
endfacet
facet normal 0 0 -1
outer loop
vertex 49.599998474121094 -42.98472595214844 -4
vertex 55.20000076293945 -44.18472671508789 -4
vertex 49.599998474121094 -44.18472671508789 -4
endloop
endfacet
facet normal -0.19508570553829574 -0.9807861986664704 0
outer loop
vertex 54.70000076293945 -40.98472595214844 0
vertex 54.89134216308594 -41.02278518676758 -5
vertex 54.89134216308594 -41.02278518676758 0
endloop
endfacet
facet normal -0.5555707707654927 -0.831469252991977 0
outer loop
vertex 54.89134216308594 -41.02278518676758 0
vertex 54.89134216308594 -41.02278518676758 -5
vertex 55.05355453491211 -41.13117218017578 0
endloop
endfacet
facet normal -0.9807861986664705 0.19508570553829574 0
outer loop
vertex 55.20000076293945 -42.48472595214844 0
vertex 55.20000076293945 -42.48472595214844 -4
vertex 55.16194152832031 -42.67606735229492 0
endloop
endfacet
facet normal -0.8314692529919772 0.5555707707654927 0
outer loop
vertex 55.16194152832031 -42.67606735229492 0
vertex 55.16194152832031 -42.67606735229492 -4
vertex 55.05355453491211 -42.838279724121094 0
endloop
endfacet
facet normal -0.5555707707654927 0.8314692529919772 0
outer loop
vertex 55.05355453491211 -42.838279724121094 0
vertex 55.05355453491211 -42.838279724121094 -4
vertex 54.89134216308594 -42.9466667175293 0
endloop
endfacet
facet normal 1 0 0
outer loop
vertex 48.79999923706055 -45.64973068237305 -0.5
vertex 48.79999923706055 -45.64973068237305 -1.5
vertex 48.79999923706055 -44.85329055786133 -0.4050999879837036
endloop
endfacet
facet normal 1 0 0
outer loop
vertex 48.79999923706055 -44.85329055786133 -0.4050999879837036
vertex 48.79999923706055 -44.85329055786133 -1.5949000120162964
vertex 48.79999923706055 -44.05572509765625 -0.32014966011047363
endloop
endfacet
facet normal -1 0 0
outer loop
vertex 55.20000076293945 -41.48472595214844 0
vertex 55.20000076293945 -41.48472595214844 -5
vertex 55.20000076293945 -42.48472595214844 0
endloop
endfacet
facet normal 0.0034006534734355057 -0.9999642500869099 0.007741711960366175
outer loop
vertex 43.50865936279297 -41.02278518676758 0
vertex 54.89134216308594 -41.02278518676758 -5
vertex 54.70000076293945 -40.98472595214844 0
endloop
endfacet
facet normal 1 0 0
outer loop
vertex 48.79999923706055 -44.05572509765625 -0.32014966011047363
vertex 48.79999923706055 -44.18472671508789 -1.6661099195480347
vertex 48.79999923706055 -43.44778823852539 -0.2630630135536194
endloop
endfacet
facet normal 1 0 0
outer loop
vertex 48.79999923706055 -43.44778823852539 -0.2630630135536194
vertex 48.79999923706055 -44.18472671508789 -1.6661099195480347
vertex 48.79999923706055 -43.18472671508789 0
endloop
endfacet
facet normal 1 0 0
outer loop
vertex 48.79999923706055 -42.98472595214844 0
vertex 48.79999923706055 -43.18472671508789 0
vertex 48.79999923706055 -44.18472671508789 -1.6661099195480347
endloop
endfacet
facet normal -1 0 0
outer loop
vertex 55.20000076293945 -41.48472595214844 -5
vertex 55.20000076293945 -44.18472671508789 -5
vertex 55.20000076293945 -42.48472595214844 -4
endloop
endfacet
facet normal -1 0 0
outer loop
vertex 49.599998474121094 -44.85329055786133 -0.4050999879837036
vertex 49.599998474121094 -45.64973068237305 -1.5
vertex 49.599998474121094 -45.64973068237305 -0.5
endloop
endfacet
facet normal -1 0 0
outer loop
vertex 49.599998474121094 -44.18472671508789 -1.6661099195480347
vertex 49.599998474121094 -44.85329055786133 -0.4050999879837036
vertex 49.599998474121094 -44.05572509765625 -0.32014966011047363
endloop
endfacet
facet normal 0 0 1
outer loop
vertex 43.50865936279297 -41.02278518676758 -5
vertex 43.20000076293945 -44.18472671508789 -5
vertex 54.89134216308594 -41.02278518676758 -5
endloop
endfacet
facet normal -1 0 0
outer loop
vertex 49.599998474121094 -43.44778823852539 -0.2630630135536194
vertex 49.599998474121094 -44.18472671508789 -1.6661099195480347
vertex 49.599998474121094 -44.05572509765625 -0.32014966011047363
endloop
endfacet
facet normal 0 0 1
outer loop
vertex 43.20000076293945 -44.18472671508789 -5
vertex 55.05355453491211 -41.13117218017578 -5
vertex 54.89134216308594 -41.02278518676758 -5
endloop
endfacet
facet normal 0 0 -1
outer loop
vertex 43.20000076293945 -44.18472671508789 -4
vertex 43.70000076293945 -42.98472595214844 -4
vertex 48.79999923706055 -44.18472671508789 -4
endloop
endfacet
facet normal 0 0 -1
outer loop
vertex 48.79999923706055 -44.18472671508789 -4
vertex 43.70000076293945 -42.98472595214844 -4
vertex 48.79999923706055 -42.98472595214844 -4
endloop
endfacet
facet normal -0.007192549263254353 0.9999741332830042 0
outer loop
vertex 54.89134216308594 -42.9466667175293 0
vertex 49.599998474121094 -42.98472595214844 -4
vertex 49.599998474121094 -42.98472595214844 0
endloop
endfacet
facet normal 0 -1 0
outer loop
vertex 43.50865936279297 -41.02278518676758 -5
vertex 54.89134216308594 -41.02278518676758 -5
vertex 43.50865936279297 -41.02278518676758 0
endloop
endfacet
facet normal 1 0 0
outer loop
vertex 48.79999923706055 -44.18472671508789 -1.6661099195480347
vertex 48.79999923706055 -44.18472671508789 -4
vertex 48.79999923706055 -42.98472595214844 -4
endloop
endfacet
facet normal 0 0 1
outer loop
vertex 55.20000076293945 -44.18472671508789 -5
vertex 55.20000076293945 -41.48472595214844 -5
vertex 43.20000076293945 -44.18472671508789 -5
endloop
endfacet
facet normal 0 0 1
outer loop
vertex 43.20000076293945 -44.18472671508789 -5
vertex 55.16194152832031 -41.29338455200195 -5
vertex 55.05355453491211 -41.13117218017578 -5
endloop
endfacet
facet normal 0 0 -1
outer loop
vertex -55.16194152832031 -42.67606735229492 -4
vertex -55.20000076293945 -44.18472671508789 -4
vertex -55.20000076293945 -42.48472595214844 -4
endloop
endfacet
facet normal 0.5555707707654927 -0.831469252991977 0
outer loop
vertex -55.05355453491211 -41.13117218017578 -5
vertex -54.89134216308594 -41.02278518676758 -5
vertex -54.89134216308594 -41.02278518676758 0
endloop
endfacet
facet normal 0.9807861986664704 -0.19508570553829574 0
outer loop
vertex -55.20000076293945 -41.48472595214844 0
vertex -55.20000076293945 -41.48472595214844 -5
vertex -55.16194152832031 -41.29338455200195 0
endloop
endfacet
facet normal -0.5555707707654927 0.8314692529919772 0
outer loop
vertex -43.3464469909668 -42.838279724121094 -4
vertex -43.50865936279297 -42.9466667175293 -4
vertex -43.50865936279297 -42.9466667175293 0
endloop
endfacet
facet normal 0 1 0
outer loop
vertex -49.599998474121094 -42.98472595214844 0
vertex -54.70000076293945 -42.98472595214844 -4
vertex -54.70000076293945 -42.98472595214844 0
endloop
endfacet
facet normal 0.5555707707654927 -0.831469252991977 0
outer loop
vertex -55.05355453491211 -41.13117218017578 0
vertex -55.05355453491211 -41.13117218017578 -5
vertex -54.89134216308594 -41.02278518676758 0
endloop
endfacet
facet normal -1 0 0
outer loop
vertex -48.79999923706055 -42.98472595214844 0
vertex -48.79999923706055 -44.18472671508789 -1.6661099195480347
vertex -48.79999923706055 -43.18472671508789 0
endloop
endfacet
facet normal -1 0 0
outer loop
vertex -48.79999923706055 -43.44778823852539 -0.2630630135536194
vertex -48.79999923706055 -43.18472671508789 0
vertex -48.79999923706055 -44.18472671508789 -1.6661099195480347
endloop
endfacet
facet normal -1 0 0
outer loop
vertex -48.79999923706055 -44.05572509765625 -0.32014966011047363
vertex -48.79999923706055 -43.44778823852539 -0.2630630135536194
vertex -48.79999923706055 -44.18472671508789 -1.6661099195480347
endloop
endfacet
facet normal -1 0 0
outer loop
vertex -43.20000076293945 -41.48472595214844 -5
vertex -43.20000076293945 -44.18472671508789 -5
vertex -43.20000076293945 -42.48472595214844 -4
endloop
endfacet
facet normal -0.831469252991977 -0.5555707707654927 0
outer loop
vertex -43.3464469909668 -41.13117218017578 0
vertex -43.3464469909668 -41.13117218017578 -5
vertex -43.238059997558594 -41.29338455200195 0
endloop
endfacet
facet normal -0.007192554448326422 0.9999741332457094 0
outer loop
vertex -43.50865936279297 -42.9466667175293 0
vertex -48.79999923706055 -42.98472595214844 -4
vertex -48.79999923706055 -42.98472595214844 0
endloop
endfacet
facet normal 0.9807861986664705 0.19508570553829574 0
outer loop
vertex -55.16194152832031 -42.67606735229492 -4
vertex -55.20000076293945 -42.48472595214844 -4
vertex -55.20000076293945 -42.48472595214844 0
endloop
endfacet
facet normal 0 0 -1
outer loop
vertex -43.20000076293945 -44.18472671508789 -4
vertex -48.79999923706055 -42.98472595214844 -4
vertex -43.50865936279297 -42.9466667175293 -4
endloop
endfacet
facet normal -0.5555707707654927 -0.831469252991977 0
outer loop
vertex -43.50865936279297 -41.02278518676758 0
vertex -43.50865936279297 -41.02278518676758 -5
vertex -43.3464469909668 -41.13117218017578 0
endloop
endfacet
facet normal -0.9807861986664704 -0.19508570553829574 0
outer loop
vertex -43.238059997558594 -41.29338455200195 0
vertex -43.238059997558594 -41.29338455200195 -5
vertex -43.20000076293945 -41.48472595214844 0
endloop
endfacet
facet normal 0.5555707707654927 0.8314692529919772 0
outer loop
vertex -54.89134216308594 -42.9466667175293 -4
vertex -55.05355453491211 -42.838279724121094 -4
vertex -55.05355453491211 -42.838279724121094 0
endloop
endfacet
facet normal -0.9807861986664705 0.19508570553829574 0
outer loop
vertex -43.20000076293945 -42.48472595214844 0
vertex -43.20000076293945 -42.48472595214844 -4
vertex -43.238059997558594 -42.67606735229492 0
endloop
endfacet
facet normal -0.8314692529919772 0.5555707707654927 0
outer loop
vertex -43.238059997558594 -42.67606735229492 0
vertex -43.238059997558594 -42.67606735229492 -4
vertex -43.3464469909668 -42.838279724121094 0
endloop
endfacet
facet normal -0.5555707707654927 0.8314692529919772 0
outer loop
vertex -43.3464469909668 -42.838279724121094 0
vertex -43.3464469909668 -42.838279724121094 -4
vertex -43.50865936279297 -42.9466667175293 0
endloop
endfacet
facet normal -1 0 0
outer loop
vertex -43.20000076293945 -41.48472595214844 0
vertex -43.20000076293945 -41.48472595214844 -5
vertex -43.20000076293945 -42.48472595214844 0
endloop
endfacet
facet normal -0.9807861986664705 0.19508570553829574 0
outer loop
vertex -43.20000076293945 -42.48472595214844 -4
vertex -43.238059997558594 -42.67606735229492 -4
vertex -43.238059997558594 -42.67606735229492 0
endloop
endfacet
facet normal -0.8314692529919772 0.5555707707654927 0
outer loop
vertex -43.238059997558594 -42.67606735229492 -4
vertex -43.3464469909668 -42.838279724121094 -4
vertex -43.3464469909668 -42.838279724121094 0
endloop
endfacet
facet normal -1 0 0
outer loop
vertex -43.20000076293945 -41.48472595214844 -5
vertex -43.20000076293945 -42.48472595214844 -4
vertex -43.20000076293945 -42.48472595214844 0
endloop
endfacet
facet normal -0.5555707707654927 -0.831469252991977 0
outer loop
vertex -43.50865936279297 -41.02278518676758 -5
vertex -43.3464469909668 -41.13117218017578 -5
vertex -43.3464469909668 -41.13117218017578 0
endloop
endfacet
facet normal 0.8314692529919772 0.5555707707654927 0
outer loop
vertex -55.05355453491211 -42.838279724121094 -4
vertex -55.16194152832031 -42.67606735229492 -4
vertex -55.16194152832031 -42.67606735229492 0
endloop
endfacet
facet normal -0.831469252991977 -0.5555707707654927 0
outer loop
vertex -43.3464469909668 -41.13117218017578 -5
vertex -43.238059997558594 -41.29338455200195 -5
vertex -43.238059997558594 -41.29338455200195 0
endloop
endfacet
facet normal -0.9807861986664704 -0.19508570553829574 0
outer loop
vertex -43.238059997558594 -41.29338455200195 -5
vertex -43.20000076293945 -41.48472595214844 -5
vertex -43.20000076293945 -41.48472595214844 0
endloop
endfacet
facet normal 0.831469252991977 -0.5555707707654927 0
outer loop
vertex -55.16194152832031 -41.29338455200195 0
vertex -55.16194152832031 -41.29338455200195 -5
vertex -55.05355453491211 -41.13117218017578 0
endloop
endfacet
facet normal 1 0 0
outer loop
vertex -55.20000076293945 -42.48472595214844 0
vertex -55.20000076293945 -42.48472595214844 -4
vertex -55.20000076293945 -41.48472595214844 0
endloop
endfacet
facet normal 0 0 -1
outer loop
vertex -48.79999923706055 -42.98472595214844 -4
vertex -43.20000076293945 -44.18472671508789 -4
vertex -48.79999923706055 -44.18472671508789 -4
endloop
endfacet
facet normal 0 0 1
outer loop
vertex -43.3464469909668 -41.13117218017578 -5
vertex -55.20000076293945 -44.18472671508789 -5
vertex -43.238059997558594 -41.29338455200195 -5
endloop
endfacet
facet normal 0 0 1
outer loop
vertex -55.20000076293945 -44.18472671508789 -5
vertex -43.20000076293945 -41.48472595214844 -5
vertex -43.238059997558594 -41.29338455200195 -5
endloop
endfacet
facet normal 0.9807861986664705 0.19508570553829574 0
outer loop
vertex -55.16194152832031 -42.67606735229492 0
vertex -55.16194152832031 -42.67606735229492 -4
vertex -55.20000076293945 -42.48472595214844 0
endloop
endfacet
facet normal 0.8314692529919772 0.5555707707654927 0
outer loop
vertex -55.05355453491211 -42.838279724121094 0
vertex -55.05355453491211 -42.838279724121094 -4
vertex -55.16194152832031 -42.67606735229492 0
endloop
endfacet
facet normal -1 0 0
outer loop
vertex -43.20000076293945 -42.48472595214844 -4
vertex -43.20000076293945 -44.18472671508789 -5
vertex -43.20000076293945 -44.18472671508789 -4
endloop
endfacet
facet normal 0 0 -1
outer loop
vertex -43.20000076293945 -44.18472671508789 -4
vertex -43.50865936279297 -42.9466667175293 -4
vertex -43.3464469909668 -42.838279724121094 -4
endloop
endfacet
facet normal 0.19508570553829574 0.9807861986664705 0
outer loop
vertex -54.70000076293945 -42.98472595214844 -4
vertex -54.89134216308594 -42.9466667175293 0
vertex -54.70000076293945 -42.98472595214844 0
endloop
endfacet
facet normal 0.5555707707654927 0.8314692529919772 0
outer loop
vertex -54.89134216308594 -42.9466667175293 0
vertex -54.89134216308594 -42.9466667175293 -4
vertex -55.05355453491211 -42.838279724121094 0
endloop
endfacet
facet normal 0 -1 0
outer loop
vertex -54.89134216308594 -41.02278518676758 0
vertex -43.50865936279297 -41.02278518676758 -5
vertex -43.50865936279297 -41.02278518676758 0
endloop
endfacet
facet normal -1 0 0
outer loop
vertex -48.79999923706055 -44.18472671508789 -1.6661099195480347
vertex -48.79999923706055 -44.85329055786133 -1.5949000120162964
vertex -48.79999923706055 -44.85329055786133 -0.4050999879837036
endloop
endfacet
facet normal -1 0 0
outer loop
vertex -48.79999923706055 -42.98472595214844 -4
vertex -48.79999923706055 -44.18472671508789 -1.6661099195480347
vertex -48.79999923706055 -42.98472595214844 0
endloop
endfacet
facet normal -1 0 0
outer loop
vertex -48.79999923706055 -44.85329055786133 -0.4050999879837036
vertex -48.79999923706055 -44.05572509765625 -0.32014966011047363
vertex -48.79999923706055 -44.18472671508789 -1.6661099195480347
endloop
endfacet
facet normal 1 0 0
outer loop
vertex -49.599998474121094 -44.18472671508789 -1.6661099195480347
vertex -49.599998474121094 -42.98472595214844 -4
vertex -49.599998474121094 -42.98472595214844 0
endloop
endfacet
facet normal -1 0 0
outer loop
vertex -48.79999923706055 -44.85329055786133 -0.4050999879837036
vertex -48.79999923706055 -45.64973068237305 -1.5
vertex -48.79999923706055 -45.64973068237305 -0.5
endloop
endfacet
facet normal 1 0 0
outer loop
vertex -49.599998474121094 -42.98472595214844 0
vertex -49.599998474121094 -43.18472671508789 0
vertex -49.599998474121094 -44.18472671508789 -1.6661099195480347
endloop
endfacet
facet normal -0.007192554448326422 0.9999741332457094 0
outer loop
vertex -43.50865936279297 -42.9466667175293 -4
vertex -48.79999923706055 -42.98472595214844 -4
vertex -43.50865936279297 -42.9466667175293 0
endloop
endfacet
facet normal 1 0 0
outer loop
vertex -49.599998474121094 -43.44778823852539 -0.2630630135536194
vertex -49.599998474121094 -44.18472671508789 -1.6661099195480347
vertex -49.599998474121094 -43.18472671508789 0
endloop
endfacet
facet normal 1 0 0
outer loop
vertex -49.599998474121094 -44.05572509765625 -0.32014966011047363
vertex -49.599998474121094 -44.18472671508789 -1.6661099195480347
vertex -49.599998474121094 -43.44778823852539 -0.2630630135536194
endloop
endfacet
facet normal -1 0 0
outer loop
vertex -48.79999923706055 -42.98472595214844 -4
vertex -48.79999923706055 -44.18472671508789 -4
vertex -48.79999923706055 -44.18472671508789 -1.6661099195480347
endloop
endfacet
facet normal 1 0 0
outer loop
vertex -49.599998474121094 -42.98472595214844 -4
vertex -49.599998474121094 -44.18472671508789 -1.6661099195480347
vertex -49.599998474121094 -44.18472671508789 -4
endloop
endfacet
facet normal 1 0 0
outer loop
vertex -49.599998474121094 -44.85329055786133 -0.4050999879837036
vertex -49.599998474121094 -44.85329055786133 -1.5949000120162964
vertex -49.599998474121094 -44.05572509765625 -0.32014966011047363
endloop
endfacet
facet normal 1 0 0
outer loop
vertex -49.599998474121094 -45.64973068237305 -0.5
vertex -49.599998474121094 -45.64973068237305 -1.5
vertex -49.599998474121094 -44.85329055786133 -0.4050999879837036
endloop
endfacet
facet normal 0 0 -1
outer loop
vertex -43.20000076293945 -42.48472595214844 -4
vertex -43.20000076293945 -44.18472671508789 -4
vertex -43.238059997558594 -42.67606735229492 -4
endloop
endfacet
facet normal 0.19508570553829574 0.9807861986664705 0
outer loop
vertex -54.70000076293945 -42.98472595214844 -4
vertex -54.89134216308594 -42.9466667175293 -4
vertex -54.89134216308594 -42.9466667175293 0
endloop
endfacet
facet normal 0.9807861986664704 -0.19508570553829574 0
outer loop
vertex -55.20000076293945 -41.48472595214844 -5
vertex -55.16194152832031 -41.29338455200195 -5
vertex -55.16194152832031 -41.29338455200195 0
endloop
endfacet
facet normal 0 0 1
outer loop
vertex -43.20000076293945 -44.18472671508789 -5
vertex -43.20000076293945 -41.48472595214844 -5
vertex -55.20000076293945 -44.18472671508789 -5
endloop
endfacet
facet normal 0 0 1
outer loop
vertex -55.20000076293945 -44.18472671508789 -5
vertex -43.3464469909668 -41.13117218017578 -5
vertex -43.50865936279297 -41.02278518676758 -5
endloop
endfacet
facet normal 0 0 -1
outer loop
vertex -49.599998474121094 -44.18472671508789 -4
vertex -54.70000076293945 -42.98472595214844 -4
vertex -49.599998474121094 -42.98472595214844 -4
endloop
endfacet
facet normal 0 1 0
outer loop
vertex -49.599998474121094 -42.98472595214844 -4
vertex -54.70000076293945 -42.98472595214844 -4
vertex -49.599998474121094 -42.98472595214844 0
endloop
endfacet
facet normal 0 -1 0
outer loop
vertex -54.89134216308594 -41.02278518676758 -5
vertex -43.50865936279297 -41.02278518676758 -5
vertex -54.89134216308594 -41.02278518676758 0
endloop
endfacet
facet normal 0 0 -1
outer loop
vertex -54.70000076293945 -42.98472595214844 -4
vertex -49.599998474121094 -44.18472671508789 -4
vertex -55.20000076293945 -44.18472671508789 -4
endloop
endfacet
facet normal 0 0 -1
outer loop
vertex -55.20000076293945 -44.18472671508789 -4
vertex -54.89134216308594 -42.9466667175293 -4
vertex -54.70000076293945 -42.98472595214844 -4
endloop
endfacet
facet normal -1 0 0
outer loop
vertex -48.79999923706055 -45.64973068237305 -1.5
vertex -48.79999923706055 -44.85329055786133 -0.4050999879837036
vertex -48.79999923706055 -44.85329055786133 -1.5949000120162964
endloop
endfacet
facet normal 0 0 -1
outer loop
vertex -55.05355453491211 -42.838279724121094 -4
vertex -55.20000076293945 -44.18472671508789 -4
vertex -55.16194152832031 -42.67606735229492 -4
endloop
endfacet
facet normal 0 0 -1
outer loop
vertex -55.20000076293945 -44.18472671508789 -4
vertex -55.05355453491211 -42.838279724121094 -4
vertex -54.89134216308594 -42.9466667175293 -4
endloop
endfacet
facet normal 1 0 0
outer loop
vertex -55.20000076293945 -44.18472671508789 -4
vertex -55.20000076293945 -44.18472671508789 -5
vertex -55.20000076293945 -42.48472595214844 -4
endloop
endfacet
facet normal 0 0 1
outer loop
vertex -54.89134216308594 -41.02278518676758 -5
vertex -55.20000076293945 -44.18472671508789 -5
vertex -43.50865936279297 -41.02278518676758 -5
endloop
endfacet
facet normal 1 0 0
outer loop
vertex -55.20000076293945 -44.18472671508789 -5
vertex -55.20000076293945 -41.48472595214844 -5
vertex -55.20000076293945 -42.48472595214844 -4
endloop
endfacet
facet normal 0 0 1
outer loop
vertex -55.05355453491211 -41.13117218017578 -5
vertex -55.20000076293945 -44.18472671508789 -5
vertex -54.89134216308594 -41.02278518676758 -5
endloop
endfacet
facet normal 0 0 1
outer loop
vertex -55.16194152832031 -41.29338455200195 -5
vertex -55.20000076293945 -44.18472671508789 -5
vertex -55.05355453491211 -41.13117218017578 -5
endloop
endfacet
facet normal 0 0 1
outer loop
vertex -55.20000076293945 -44.18472671508789 -5
vertex -55.16194152832031 -41.29338455200195 -5
vertex -55.20000076293945 -41.48472595214844 -5
endloop
endfacet
facet normal 1 0 0
outer loop
vertex -49.599998474121094 -44.85329055786133 -1.5949000120162964
vertex -49.599998474121094 -44.18472671508789 -1.6661099195480347
vertex -49.599998474121094 -44.05572509765625 -0.32014966011047363
endloop
endfacet
facet normal 1 0 0
outer loop
vertex -49.599998474121094 -45.64973068237305 -1.5
vertex -49.599998474121094 -44.85329055786133 -1.5949000120162964
vertex -49.599998474121094 -44.85329055786133 -0.4050999879837036
endloop
endfacet
facet normal 1 0 0
outer loop
vertex -55.20000076293945 -42.48472595214844 -4
vertex -55.20000076293945 -41.48472595214844 -5
vertex -55.20000076293945 -41.48472595214844 0
endloop
endfacet
facet normal 0 0 -1
outer loop
vertex -43.20000076293945 -44.18472671508789 -4
vertex -43.3464469909668 -42.838279724121094 -4
vertex -43.238059997558594 -42.67606735229492 -4
endloop
endfacet
facet normal 0.831469252991977 -0.5555707707654927 0
outer loop
vertex -55.16194152832031 -41.29338455200195 -5
vertex -55.05355453491211 -41.13117218017578 -5
vertex -55.05355453491211 -41.13117218017578 0
endloop
endfacet
facet normal 0 0 -1
outer loop
vertex -48.20000076293945 41.215274810791016 -3.5
vertex -48.219215393066406 41.02018356323242 -3.5
vertex -50.20000076293945 41.215274810791016 -3.5
endloop
endfacet
facet normal 0 0 -1
outer loop
vertex -49.39509201049805 40.23448944091797 -3.5
vertex -49.58268356323242 40.2913932800293 -3.5
vertex -50.20000076293945 41.215274810791016 -3.5
endloop
endfacet
facet normal 0.6343878776560031 0.7730148903372511 0
outer loop
vertex -49.75556945800781 40.38380432128906 -3.5
vertex -49.75556945800781 40.38380432128906 -13.931469917297363
vertex -49.907108306884766 40.5081672668457 -3.5
endloop
endfacet
facet normal 0.2902779678676651 0.9569423709767578 0
outer loop
vertex -49.39509201049805 40.23448944091797 -3.5
vertex -49.39509201049805 40.23448944091797 -14.080785751342773
vertex -49.58268356323242 40.2913932800293 -3.5
endloop
endfacet
facet normal 0.09801622777686082 0.9951848165503705 0
outer loop
vertex -49.20000076293945 40.215274810791016 -3.5
vertex -49.20000076293945 40.215274810791016 -14.100000381469727
vertex -49.39509201049805 40.23448944091797 -3.5
endloop
endfacet
facet normal 0.7730070588633647 0.6343974203505326 0
outer loop
vertex -49.907108306884766 40.5081672668457 -3.5
vertex -49.907108306884766 40.5081672668457 -13.807106971740723
vertex -50.031471252441406 40.65970230102539 -3.5
endloop
endfacet
facet normal 0.8819259499769285 0.47138797052671205 0
outer loop
vertex -50.031471252441406 40.65970230102539 -3.5
vertex -50.031471252441406 40.65970230102539 -13.655570030212402
vertex -50.123878479003906 40.83258819580078 -3.5
endloop
endfacet
facet normal 0.956938605216473 0.29029038193910456 0
outer loop
vertex -50.123878479003906 40.83258819580078 -3.5
vertex -50.123878479003906 40.83258819580078 -13.482683181762695
vertex -50.1807861328125 41.02018356323242 -3.5
endloop
endfacet
facet normal 0.9951848165503705 0.09801622777686082 0
outer loop
vertex -50.1807861328125 41.02018356323242 -3.5
vertex -50.1807861328125 41.02018356323242 -13.295090675354004
vertex -50.20000076293945 41.215274810791016 -3.5
endloop
endfacet
facet normal -0.09801622777686081 0.9951848165503704 0
outer loop
vertex -49.00490951538086 40.23448944091797 -3.5
vertex -49.00490951538086 40.23448944091797 -14.080785751342773
vertex -49.20000076293945 40.215274810791016 -3.5
endloop
endfacet
facet normal -0.290277967867665 0.9569423709767578 0
outer loop
vertex -48.817317962646484 40.2913932800293 -3.5
vertex -48.817317962646484 40.2913932800293 -14.023880004882812
vertex -49.00490951538086 40.23448944091797 -3.5
endloop
endfacet
facet normal -0.4713950159280179 0.8819221841853304 0
outer loop
vertex -48.64442825317383 40.38380432128906 -3.5
vertex -48.64442825317383 40.38380432128906 -13.931469917297363
vertex -48.817317962646484 40.2913932800293 -3.5
endloop
endfacet
facet normal -0.6343974203505326 0.7730070588633647 0
outer loop
vertex -48.49289321899414 40.5081672668457 -3.5
vertex -48.49289321899414 40.5081672668457 -13.807106971740723
vertex -48.64442825317383 40.38380432128906 -3.5
endloop
endfacet
facet normal -0.7730070588633648 0.6343974203505326 0
outer loop
vertex -48.3685302734375 40.65970230102539 -3.5
vertex -48.3685302734375 40.65970230102539 -13.655570030212402
vertex -48.49289321899414 40.5081672668457 -3.5
endloop
endfacet
facet normal -0.881917860019375 0.4714031058222316 0
outer loop
vertex -48.276119232177734 40.83258819580078 -3.5
vertex -48.276119232177734 40.83258819580078 -13.482683181762695
vertex -48.3685302734375 40.65970230102539 -3.5
endloop
endfacet
facet normal 0 0 -1
outer loop
vertex -48.64442825317383 40.38380432128906 -3.5
vertex -48.817317962646484 40.2913932800293 -3.5
vertex -50.20000076293945 41.215274810791016 -3.5
endloop
endfacet
facet normal 0 0 -1
outer loop
vertex -49.907108306884766 40.5081672668457 -3.5
vertex -50.031471252441406 40.65970230102539 -3.5
vertex -50.20000076293945 41.215274810791016 -3.5
endloop
endfacet
facet normal 0 0 -1
outer loop
vertex -48.817317962646484 40.2913932800293 -3.5
vertex -49.00490951538086 40.23448944091797 -3.5
vertex -50.20000076293945 41.215274810791016 -3.5
endloop
endfacet
facet normal 0 0 -1
outer loop
vertex -48.3685302734375 40.65970230102539 -3.5
vertex -48.49289321899414 40.5081672668457 -3.5
vertex -50.20000076293945 41.215274810791016 -3.5
endloop
endfacet
facet normal -0.9951848165503705 0.09801622777686082 0
outer loop
vertex -48.219215393066406 41.02018356323242 -13.295090675354004
vertex -48.219215393066406 41.02018356323242 -3.5
vertex -48.20000076293945 41.215274810791016 -13.100000381469727
endloop
endfacet
facet normal -0.9569440106171243 0.2902725625063677 0
outer loop
vertex -48.276119232177734 40.83258819580078 -13.482683181762695
vertex -48.276119232177734 40.83258819580078 -3.5
vertex -48.219215393066406 41.02018356323242 -13.295090675354004
endloop
endfacet
facet normal 0 0 -1
outer loop
vertex -48.49289321899414 40.5081672668457 -3.5
vertex -48.64442825317383 40.38380432128906 -3.5
vertex -50.20000076293945 41.215274810791016 -3.5
endloop
endfacet
facet normal 0 0 -1
outer loop
vertex -48.219215393066406 41.02018356323242 -3.5
vertex -48.276119232177734 40.83258819580078 -3.5
vertex -50.20000076293945 41.215274810791016 -3.5
endloop
endfacet
facet normal -0.9569440106171243 0.2902725625063677 0
outer loop
vertex -48.219215393066406 41.02018356323242 -3.5
vertex -48.219215393066406 41.02018356323242 -13.295090675354004
vertex -48.276119232177734 40.83258819580078 -3.5
endloop
endfacet
facet normal 0 0 -1
outer loop
vertex -48.276119232177734 40.83258819580078 -3.5
vertex -48.3685302734375 40.65970230102539 -3.5
vertex -50.20000076293945 41.215274810791016 -3.5
endloop
endfacet
facet normal 0.9951848165503705 0.09801622777686082 0
outer loop
vertex -50.1807861328125 41.02018356323242 -13.295090675354004
vertex -50.20000076293945 41.215274810791016 -13.100000381469727
vertex -50.20000076293945 41.215274810791016 -3.5
endloop
endfacet
facet normal 0.9569386052164729 0.2902903819391045 0
outer loop
vertex -50.123878479003906 40.83258819580078 -13.482683181762695
vertex -50.1807861328125 41.02018356323242 -13.295090675354004
vertex -50.1807861328125 41.02018356323242 -3.5
endloop
endfacet
facet normal -0.881917860019375 0.4714031058222316 0
outer loop
vertex -48.3685302734375 40.65970230102539 -13.655570030212402
vertex -48.3685302734375 40.65970230102539 -3.5
vertex -48.276119232177734 40.83258819580078 -13.482683181762695
endloop
endfacet
facet normal -0.7730070588633647 0.6343974203505326 0
outer loop
vertex -48.49289321899414 40.5081672668457 -13.807106971740723
vertex -48.49289321899414 40.5081672668457 -3.5
vertex -48.3685302734375 40.65970230102539 -13.655570030212402
endloop
endfacet
facet normal -0.9951848165503705 0.09801622777686082 0
outer loop
vertex -48.219215393066406 41.02018356323242 -3.5
vertex -48.20000076293945 41.215274810791016 -3.5
vertex -48.20000076293945 41.215274810791016 -13.100000381469727
endloop
endfacet
facet normal 0 0 -1
outer loop
vertex -49.75556945800781 40.38380432128906 -3.5
vertex -49.907108306884766 40.5081672668457 -3.5
vertex -50.20000076293945 41.215274810791016 -3.5
endloop
endfacet
facet normal 0 0 -1
outer loop
vertex -49.75556945800781 40.38380432128906 -3.5
vertex -50.20000076293945 41.215274810791016 -3.5
vertex -49.58268356323242 40.2913932800293 -3.5
endloop
endfacet
facet normal 0 0 -1
outer loop
vertex -50.123878479003906 40.83258819580078 -3.5
vertex -50.1807861328125 41.02018356323242 -3.5
vertex -50.031471252441406 40.65970230102539 -3.5
endloop
endfacet
facet normal 0.47140310582223166 0.8819178600193751 0
outer loop
vertex -49.58268356323242 40.2913932800293 -14.023880004882812
vertex -49.75556945800781 40.38380432128906 -13.931469917297363
vertex -49.75556945800781 40.38380432128906 -3.5
endloop
endfacet
facet normal 0.290277967867665 0.9569423709767578 0
outer loop
vertex -49.39509201049805 40.23448944091797 -14.080785751342773
vertex -49.58268356323242 40.2913932800293 -14.023880004882812
vertex -49.58268356323242 40.2913932800293 -3.5
endloop
endfacet
facet normal 0.09801622777686081 0.9951848165503704 0
outer loop
vertex -49.20000076293945 40.215274810791016 -14.100000381469727
vertex -49.39509201049805 40.23448944091797 -14.080785751342773
vertex -49.39509201049805 40.23448944091797 -3.5
endloop
endfacet
facet normal -0.09801622777686082 0.9951848165503705 0
outer loop
vertex -49.20000076293945 40.215274810791016 -14.100000381469727
vertex -49.20000076293945 40.215274810791016 -3.5
vertex -49.00490951538086 40.23448944091797 -14.080785751342773
endloop
endfacet
facet normal 0.634387877656003 0.773014890337251 0
outer loop
vertex -49.75556945800781 40.38380432128906 -13.931469917297363
vertex -49.907108306884766 40.5081672668457 -13.807106971740723
vertex -49.907108306884766 40.5081672668457 -3.5
endloop
endfacet
facet normal 0.7730070588633648 0.6343974203505326 0
outer loop
vertex -49.907108306884766 40.5081672668457 -13.807106971740723
vertex -50.031471252441406 40.65970230102539 -13.655570030212402
vertex -50.031471252441406 40.65970230102539 -3.5
endloop
endfacet
facet normal 0.8819259499769284 0.471387970526712 0
outer loop
vertex -50.031471252441406 40.65970230102539 -13.655570030212402
vertex -50.123878479003906 40.83258819580078 -13.482683181762695
vertex -50.123878479003906 40.83258819580078 -3.5
endloop
endfacet
facet normal -0.2902779678676651 0.9569423709767578 0
outer loop
vertex -49.00490951538086 40.23448944091797 -14.080785751342773
vertex -49.00490951538086 40.23448944091797 -3.5
vertex -48.817317962646484 40.2913932800293 -14.023880004882812
endloop
endfacet
facet normal -0.4713950159280179 0.8819221841853303 0
outer loop
vertex -48.817317962646484 40.2913932800293 -14.023880004882812
vertex -48.817317962646484 40.2913932800293 -3.5
vertex -48.64442825317383 40.38380432128906 -13.931469917297363
endloop
endfacet
facet normal -0.6343974203505326 0.7730070588633648 0
outer loop
vertex -48.64442825317383 40.38380432128906 -13.931469917297363
vertex -48.64442825317383 40.38380432128906 -3.5
vertex -48.49289321899414 40.5081672668457 -13.807106971740723
endloop
endfacet
facet normal 0 0 -1
outer loop
vertex -50.20000076293945 41.215274810791016 -3.5
vertex -50.031471252441406 40.65970230102539 -3.5
vertex -50.1807861328125 41.02018356323242 -3.5
endloop
endfacet
facet normal 0 0 -1
outer loop
vertex -49.00490951538086 40.23448944091797 -3.5
vertex -49.20000076293945 40.215274810791016 -3.5
vertex -50.20000076293945 41.215274810791016 -3.5
endloop
endfacet
facet normal 0 0 -1
outer loop
vertex -49.20000076293945 40.215274810791016 -3.5
vertex -49.39509201049805 40.23448944091797 -3.5
vertex -50.20000076293945 41.215274810791016 -3.5
endloop
endfacet
facet normal 0.4714031058222316 0.881917860019375 0
outer loop
vertex -49.58268356323242 40.2913932800293 -3.5
vertex -49.58268356323242 40.2913932800293 -14.023880004882812
vertex -49.75556945800781 40.38380432128906 -3.5
endloop
endfacet
facet normal -0.9951848165503705 0.09801622777686082 0
outer loop
vertex 50.20000076293945 41.215274810791016 -13.100000381469727
vertex 50.1807861328125 41.02018356323242 -13.295090675354004
vertex 50.1807861328125 41.02018356323242 -3.5
endloop
endfacet
facet normal 0 0 -1
outer loop
vertex 50.031471252441406 40.65970230102539 -3.5
vertex 49.907108306884766 40.5081672668457 -3.5
vertex 48.20000076293945 41.215274810791016 -3.5
endloop
endfacet
facet normal -0.956938605216473 0.29029038193910456 0
outer loop
vertex 50.1807861328125 41.02018356323242 -13.295090675354004
vertex 50.123878479003906 40.83258819580078 -13.482683181762695
vertex 50.123878479003906 40.83258819580078 -3.5
endloop
endfacet
facet normal 0.9951848165503705 0.09801622777686082 0
outer loop
vertex 48.219215393066406 41.02018356323242 -13.295090675354004
vertex 48.20000076293945 41.215274810791016 -13.100000381469727
vertex 48.20000076293945 41.215274810791016 -3.5
endloop
endfacet
facet normal 0.9569440106171243 0.2902725625063677 0
outer loop
vertex 48.276119232177734 40.83258819580078 -13.482683181762695
vertex 48.219215393066406 41.02018356323242 -13.295090675354004
vertex 48.219215393066406 41.02018356323242 -3.5
endloop
endfacet
facet normal -0.8819259499769285 0.47138797052671205 0
outer loop
vertex 50.123878479003906 40.83258819580078 -13.482683181762695
vertex 50.031471252441406 40.65970230102539 -13.655570030212402
vertex 50.031471252441406 40.65970230102539 -3.5
endloop
endfacet
facet normal -0.7730070588633647 0.6343974203505326 0
outer loop
vertex 50.031471252441406 40.65970230102539 -13.655570030212402
vertex 49.907108306884766 40.5081672668457 -13.807106971740723
vertex 49.907108306884766 40.5081672668457 -3.5
endloop
endfacet
facet normal -0.6343878776560031 0.7730148903372511 0
outer loop
vertex 49.907108306884766 40.5081672668457 -13.807106971740723
vertex 49.75556945800781 40.38380432128906 -13.931469917297363
vertex 49.75556945800781 40.38380432128906 -3.5
endloop
endfacet
facet normal -0.4714031058222316 0.881917860019375 0
outer loop
vertex 49.75556945800781 40.38380432128906 -13.931469917297363
vertex 49.58268356323242 40.2913932800293 -14.023880004882812
vertex 49.58268356323242 40.2913932800293 -3.5
endloop
endfacet
facet normal -0.2902779678676651 0.9569423709767578 0
outer loop
vertex 49.58268356323242 40.2913932800293 -14.023880004882812
vertex 49.39509201049805 40.23448944091797 -14.080785751342773
vertex 49.39509201049805 40.23448944091797 -3.5
endloop
endfacet
facet normal 0 0 -1
outer loop
vertex 50.20000076293945 41.215274810791016 -3.5
vertex 50.1807861328125 41.02018356323242 -3.5
vertex 48.20000076293945 41.215274810791016 -3.5
endloop
endfacet
facet normal 0 0 -1
outer loop
vertex 50.1807861328125 41.02018356323242 -3.5
vertex 50.123878479003906 40.83258819580078 -3.5
vertex 48.20000076293945 41.215274810791016 -3.5
endloop
endfacet
facet normal -0.09801622777686082 0.9951848165503705 0
outer loop
vertex 49.39509201049805 40.23448944091797 -14.080785751342773
vertex 49.20000076293945 40.215274810791016 -14.100000381469727
vertex 49.20000076293945 40.215274810791016 -3.5
endloop
endfacet
facet normal 0.881917860019375 0.4714031058222316 0
outer loop
vertex 48.3685302734375 40.65970230102539 -13.655570030212402
vertex 48.276119232177734 40.83258819580078 -13.482683181762695
vertex 48.276119232177734 40.83258819580078 -3.5
endloop
endfacet
facet normal 0.7730070588633648 0.6343974203505326 0
outer loop
vertex 48.49289321899414 40.5081672668457 -13.807106971740723
vertex 48.3685302734375 40.65970230102539 -13.655570030212402
vertex 48.3685302734375 40.65970230102539 -3.5
endloop
endfacet
facet normal 0.6343974203505326 0.7730070588633647 0
outer loop
vertex 48.64442825317383 40.38380432128906 -13.931469917297363
vertex 48.49289321899414 40.5081672668457 -13.807106971740723
vertex 48.49289321899414 40.5081672668457 -3.5
endloop
endfacet
facet normal 0.4713950159280179 0.8819221841853304 0
outer loop
vertex 48.817317962646484 40.2913932800293 -14.023880004882812
vertex 48.64442825317383 40.38380432128906 -13.931469917297363
vertex 48.64442825317383 40.38380432128906 -3.5
endloop
endfacet
facet normal 0.290277967867665 0.9569423709767578 0
outer loop
vertex 49.00490951538086 40.23448944091797 -14.080785751342773
vertex 48.817317962646484 40.2913932800293 -14.023880004882812
vertex 48.817317962646484 40.2913932800293 -3.5
endloop
endfacet
facet normal 0.6343974203505326 0.7730070588633648 0
outer loop
vertex 48.64442825317383 40.38380432128906 -3.5
vertex 48.64442825317383 40.38380432128906 -13.931469917297363
vertex 48.49289321899414 40.5081672668457 -3.5
endloop
endfacet
facet normal 0.2902779678676651 0.9569423709767578 0
outer loop
vertex 49.00490951538086 40.23448944091797 -3.5
vertex 49.00490951538086 40.23448944091797 -14.080785751342773
vertex 48.817317962646484 40.2913932800293 -3.5
endloop
endfacet
facet normal 0.4713950159280179 0.8819221841853303 0
outer loop
vertex 48.817317962646484 40.2913932800293 -3.5
vertex 48.817317962646484 40.2913932800293 -14.023880004882812
vertex 48.64442825317383 40.38380432128906 -3.5
endloop
endfacet
facet normal 0.7730070588633647 0.6343974203505326 0
outer loop
vertex 48.49289321899414 40.5081672668457 -3.5
vertex 48.49289321899414 40.5081672668457 -13.807106971740723
vertex 48.3685302734375 40.65970230102539 -3.5
endloop
endfacet
facet normal 0.881917860019375 0.4714031058222316 0
outer loop
vertex 48.3685302734375 40.65970230102539 -3.5
vertex 48.3685302734375 40.65970230102539 -13.655570030212402
vertex 48.276119232177734 40.83258819580078 -3.5
endloop
endfacet
facet normal 0.9569440106171243 0.2902725625063677 0
outer loop
vertex 48.276119232177734 40.83258819580078 -3.5
vertex 48.276119232177734 40.83258819580078 -13.482683181762695
vertex 48.219215393066406 41.02018356323242 -3.5
endloop
endfacet
facet normal 0.9951848165503705 0.09801622777686082 0
outer loop
vertex 48.219215393066406 41.02018356323242 -3.5
vertex 48.219215393066406 41.02018356323242 -13.295090675354004
vertex 48.20000076293945 41.215274810791016 -3.5
endloop
endfacet
facet normal 0.09801622777686082 0.9951848165503705 0
outer loop
vertex 49.20000076293945 40.215274810791016 -3.5
vertex 49.20000076293945 40.215274810791016 -14.100000381469727
vertex 49.00490951538086 40.23448944091797 -3.5
endloop
endfacet
facet normal -0.09801622777686081 0.9951848165503704 0
outer loop
vertex 49.39509201049805 40.23448944091797 -3.5
vertex 49.39509201049805 40.23448944091797 -14.080785751342773
vertex 49.20000076293945 40.215274810791016 -3.5
endloop
endfacet
facet normal -0.290277967867665 0.9569423709767578 0
outer loop
vertex 49.58268356323242 40.2913932800293 -3.5
vertex 49.58268356323242 40.2913932800293 -14.023880004882812
vertex 49.39509201049805 40.23448944091797 -3.5
endloop
endfacet
facet normal -0.47140310582223166 0.8819178600193751 0
outer loop
vertex 49.75556945800781 40.38380432128906 -3.5
vertex 49.75556945800781 40.38380432128906 -13.931469917297363
vertex 49.58268356323242 40.2913932800293 -3.5
endloop
endfacet
facet normal -0.634387877656003 0.773014890337251 0
outer loop
vertex 49.907108306884766 40.5081672668457 -3.5
vertex 49.907108306884766 40.5081672668457 -13.807106971740723
vertex 49.75556945800781 40.38380432128906 -3.5
endloop
endfacet
facet normal -0.7730070588633648 0.6343974203505326 0
outer loop
vertex 50.031471252441406 40.65970230102539 -3.5
vertex 50.031471252441406 40.65970230102539 -13.655570030212402
vertex 49.907108306884766 40.5081672668457 -3.5
endloop
endfacet
facet normal -0.8819259499769284 0.471387970526712 0
outer loop
vertex 50.123878479003906 40.83258819580078 -3.5
vertex 50.123878479003906 40.83258819580078 -13.482683181762695
vertex 50.031471252441406 40.65970230102539 -3.5
endloop
endfacet
facet normal -0.9569386052164729 0.2902903819391045 0
outer loop
vertex 50.1807861328125 41.02018356323242 -3.5
vertex 50.1807861328125 41.02018356323242 -13.295090675354004
vertex 50.123878479003906 40.83258819580078 -3.5
endloop
endfacet
facet normal -0.9951848165503705 0.09801622777686082 0
outer loop
vertex 50.1807861328125 41.02018356323242 -3.5
vertex 50.20000076293945 41.215274810791016 -3.5
vertex 50.20000076293945 41.215274810791016 -13.100000381469727
endloop
endfacet
facet normal 0.09801622777686081 0.9951848165503704 0
outer loop
vertex 49.20000076293945 40.215274810791016 -14.100000381469727
vertex 49.00490951538086 40.23448944091797 -14.080785751342773
vertex 49.00490951538086 40.23448944091797 -3.5
endloop
endfacet
facet normal 0 0 -1
outer loop
vertex 50.123878479003906 40.83258819580078 -3.5
vertex 50.031471252441406 40.65970230102539 -3.5
vertex 48.20000076293945 41.215274810791016 -3.5
endloop
endfacet
facet normal 0 0 -1
outer loop
vertex 48.817317962646484 40.2913932800293 -3.5
vertex 48.64442825317383 40.38380432128906 -3.5
vertex 48.20000076293945 41.215274810791016 -3.5
endloop
endfacet
facet normal 0 0 -1
outer loop
vertex 49.00490951538086 40.23448944091797 -3.5
vertex 48.817317962646484 40.2913932800293 -3.5
vertex 48.20000076293945 41.215274810791016 -3.5
endloop
endfacet
facet normal 0 0 -1
outer loop
vertex 49.20000076293945 40.215274810791016 -3.5
vertex 49.00490951538086 40.23448944091797 -3.5
vertex 48.20000076293945 41.215274810791016 -3.5
endloop
endfacet
facet normal 0 0 -1
outer loop
vertex 49.39509201049805 40.23448944091797 -3.5
vertex 49.20000076293945 40.215274810791016 -3.5
vertex 48.20000076293945 41.215274810791016 -3.5
endloop
endfacet
facet normal 0 0 -1
outer loop
vertex 49.58268356323242 40.2913932800293 -3.5
vertex 49.39509201049805 40.23448944091797 -3.5
vertex 48.20000076293945 41.215274810791016 -3.5
endloop
endfacet
facet normal 0 0 -1
outer loop
vertex 48.49289321899414 40.5081672668457 -3.5
vertex 48.3685302734375 40.65970230102539 -3.5
vertex 48.20000076293945 41.215274810791016 -3.5
endloop
endfacet
facet normal 0 0 -1
outer loop
vertex 48.3685302734375 40.65970230102539 -3.5
vertex 48.276119232177734 40.83258819580078 -3.5
vertex 48.219215393066406 41.02018356323242 -3.5
endloop
endfacet
facet normal 0 0 -1
outer loop
vertex 48.20000076293945 41.215274810791016 -3.5
vertex 48.3685302734375 40.65970230102539 -3.5
vertex 48.219215393066406 41.02018356323242 -3.5
endloop
endfacet
facet normal 0 0 -1
outer loop
vertex 48.64442825317383 40.38380432128906 -3.5
vertex 48.49289321899414 40.5081672668457 -3.5
vertex 48.20000076293945 41.215274810791016 -3.5
endloop
endfacet
facet normal 0 0 -1
outer loop
vertex 49.75556945800781 40.38380432128906 -3.5
vertex 49.58268356323242 40.2913932800293 -3.5
vertex 48.20000076293945 41.215274810791016 -3.5
endloop
endfacet
facet normal 0 0 -1
outer loop
vertex 49.907108306884766 40.5081672668457 -3.5
vertex 49.75556945800781 40.38380432128906 -3.5
vertex 48.20000076293945 41.215274810791016 -3.5
endloop
endfacet
facet normal 0 1 0
outer loop
vertex -48.20000076293945 42.01527404785156 -2.4000000953674316
vertex -50.20000076293945 42.01527404785156 -2.4000000953674316
vertex -48.20000076293945 42.01527404785156 -1.2000000476837158
endloop
endfacet
facet normal 0 0.12403473458920847 -0.9922778767136677
outer loop
vertex -48.20000076293945 42.01527404785156 -2.4000000953674316
vertex -50.400001525878906 41.215274810791016 -2.5
vertex -50.20000076293945 42.01527404785156 -2.4000000953674316
endloop
endfacet
facet normal 0 0.12403473458920847 -0.9922778767136677
outer loop
vertex -50.400001525878906 41.215274810791016 -2.5
vertex -48.20000076293945 42.01527404785156 -2.4000000953674316
vertex -48 41.215274810791016 -2.5
endloop
endfacet
facet normal -0.9701422280268952 0.2425367135074844 0
outer loop
vertex -50.400001525878906 41.215274810791016 -1.100000023841858
vertex -50.20000076293945 42.01527404785156 -2.4000000953674316
vertex -50.400001525878906 41.215274810791016 -2.5
endloop
endfacet
facet normal 0.9701422280268953 0.24253671350748443 0
outer loop
vertex -48.20000076293945 42.01527404785156 -1.2000000476837158
vertex -48 41.215274810791016 -2.5
vertex -48.20000076293945 42.01527404785156 -2.4000000953674316
endloop
endfacet
facet normal -0.9701422280268953 0.24253671350748443 0
outer loop
vertex -50.20000076293945 42.01527404785156 -2.4000000953674316
vertex -50.400001525878906 41.215274810791016 -1.100000023841858
vertex -50.20000076293945 42.01527404785156 -1.2000000476837158
endloop
endfacet
facet normal 0 1 0
outer loop
vertex -48.20000076293945 42.01527404785156 -1.2000000476837158
vertex -50.20000076293945 42.01527404785156 -2.4000000953674316
vertex -50.20000076293945 42.01527404785156 -1.2000000476837158
endloop
endfacet
facet normal 0.9701422280268952 0.2425367135074844 0
outer loop
vertex -48 41.215274810791016 -2.5
vertex -48.20000076293945 42.01527404785156 -1.2000000476837158
vertex -48 41.215274810791016 -1.100000023841858
endloop
endfacet
facet normal 0 0.12403488017548572 0.9922778585153722
outer loop
vertex -48 41.215274810791016 -1.100000023841858
vertex -50.20000076293945 42.01527404785156 -1.2000000476837158
vertex -50.400001525878906 41.215274810791016 -1.100000023841858
endloop
endfacet
facet normal 0 0.12403488017548571 0.9922778585153721
outer loop
vertex -50.20000076293945 42.01527404785156 -1.2000000476837158
vertex -48 41.215274810791016 -1.100000023841858
vertex -48.20000076293945 42.01527404785156 -1.2000000476837158
endloop
endfacet
facet normal 0 0.12403473458920847 -0.9922778767136677
outer loop
vertex 50.20000076293945 42.01527404785156 -2.4000000953674316
vertex 48 41.215274810791016 -2.5
vertex 48.20000076293945 42.01527404785156 -2.4000000953674316
endloop
endfacet
facet normal 0 0.12403473458920847 -0.9922778767136677
outer loop
vertex 48 41.215274810791016 -2.5
vertex 50.20000076293945 42.01527404785156 -2.4000000953674316
vertex 50.400001525878906 41.215274810791016 -2.5
endloop
endfacet
facet normal -0.9701422280268952 0.2425367135074844 0
outer loop
vertex 48 41.215274810791016 -1.100000023841858
vertex 48.20000076293945 42.01527404785156 -2.4000000953674316
vertex 48 41.215274810791016 -2.5
endloop
endfacet
facet normal 0 1 0
outer loop
vertex 50.20000076293945 42.01527404785156 -2.4000000953674316
vertex 48.20000076293945 42.01527404785156 -2.4000000953674316
vertex 50.20000076293945 42.01527404785156 -1.2000000476837158
endloop
endfacet
facet normal 0.9701422280268953 0.24253671350748443 0
outer loop
vertex 50.20000076293945 42.01527404785156 -1.2000000476837158
vertex 50.400001525878906 41.215274810791016 -2.5
vertex 50.20000076293945 42.01527404785156 -2.4000000953674316
endloop
endfacet
facet normal -0.9701422280268953 0.24253671350748443 0
outer loop
vertex 48 41.215274810791016 -1.100000023841858
vertex 48.20000076293945 42.01527404785156 -1.2000000476837158
vertex 48.20000076293945 42.01527404785156 -2.4000000953674316
endloop
endfacet
facet normal 0 1 0
outer loop
vertex 50.20000076293945 42.01527404785156 -1.2000000476837158
vertex 48.20000076293945 42.01527404785156 -2.4000000953674316
vertex 48.20000076293945 42.01527404785156 -1.2000000476837158
endloop
endfacet
facet normal 0.9701422280268952 0.2425367135074844 0
outer loop
vertex 50.20000076293945 42.01527404785156 -1.2000000476837158
vertex 50.400001525878906 41.215274810791016 -1.100000023841858
vertex 50.400001525878906 41.215274810791016 -2.5
endloop
endfacet
facet normal 0 0.12403488017548572 0.9922778585153722
outer loop
vertex 50.400001525878906 41.215274810791016 -1.100000023841858
vertex 48.20000076293945 42.01527404785156 -1.2000000476837158
vertex 48 41.215274810791016 -1.100000023841858
endloop
endfacet
facet normal 0 0.12403488017548571 0.9922778585153721
outer loop
vertex 48.20000076293945 42.01527404785156 -1.2000000476837158
vertex 50.400001525878906 41.215274810791016 -1.100000023841858
vertex 50.20000076293945 42.01527404785156 -1.2000000476837158
endloop
endfacet
endsolid auto-kdk-case
